pointer,field,chars,text_digest
/components/parameters/AiOrgModel/description,description,143,sha256-cc07d593cd2acb20cb8a1a4c107a3f7cacd0701dfae09382738d2bf93ac5cb51
/components/parameters/AiOrgModel/example,example,48,sha256-c4dea25f4796555a5db5366ce6313c0cbdfe35cdc35888f6e4ec755013722c93
/components/parameters/ApiKeyIds/description,description,29,sha256-5ce7b46c789bddea16ef0c546b883058bf2085fd9e1d266a68550ed63b4a7de3
/components/parameters/ApiKeyIds/example,example,73,sha256-0b7c97cde45e3efa919846f811477e6f0ffdd8f9a401ee1092937ee4f86abb50
/components/parameters/CompletionTokenMax/description,description,35,sha256-80f3ce63849ff75996ddb909239f7e2b7b0094fdbe75b3118f000fcdda13a722
/components/parameters/CompletionTokenMin/description,description,35,sha256-28b46a052410e36a7749aa07b6c4e2d34fc786e7828bce40750fd33602cf2e69
/components/parameters/Configs/description,description,28,sha256-31fad67d162091939a444c34a0d5a36274d70eddb0a80af5bf4e8774b4ef52a9
/components/parameters/Configs/example,example,33,sha256-2e698677adeb6977237b76ddabaf13205ff9e3b4f4a18ff8c2730b277deb95f9
/components/parameters/CostMax/description,description,23,sha256-2eeb22dab9f17425181b1310e767930a5d27fe72f30d4708a085a85c9ad37dc5
/components/parameters/CostMin/description,description,23,sha256-f43058941a82feaf8594226bbd79c84551a7f8f851a864069c87409aa0b8a49e
/components/parameters/CurrentPage/description,description,19,sha256-5572dd4894a68a81bdd769b6b19dca057fbb92de695f7105800481a30522f3e9
/components/parameters/Metadata/description,description,52,sha256-effdd8833578b43fdc679ad9a425993dc9ecc510fc78ff301d041dda5de0823a
/components/parameters/Metadata/example,example,36,sha256-5762b12b7031a48d69a2a3b1ca016da754e6ac96022904778b5c19e621747c08
/components/parameters/OrderBy/description,description,25,sha256-c1cd19335d6ae5385dc8929405f99406f8c2389d739e8ce9122de0dbeaab7570
/components/parameters/OrderByType/description,description,34,sha256-d2043b9fbc4aa812ca450a8668418f6a236629e6196a7fe78c38a866e5820804
/components/parameters/PageSize/description,description,24,sha256-f2e65f0a130e2d69335772c1c1dda0767a3ef9415251fdfa0cd4178a574259ca
/components/parameters/PolicyUsageLimitsId/description,description,24,sha256-7f2396181a029fd18e73394b4cf9272c4f0b94533921db3393d0534b70f74ed6
/components/parameters/PortkeyCacheForceRefresh/description,description,94,sha256-6fc96d1ad9604f6bd6256e4eb1f48977ac501e601a69f7a259199894b2ec9d24
/components/parameters/PortkeyCacheNamespace/description,description,95,sha256-f7f4ab4f0154ac92b7d62abf526baf35e4be9bd7e9cce5bf80ad7dc5bd53d715
/components/parameters/PortkeyMetadata/description,description,51,sha256-3c178f7b154fedbb0782156829c29a318c5d567dac1546f054f7d81f319a1c84
/components/parameters/PortkeyParentSpanId/description,description,34,sha256-290a618fa177bb6b8773e9efc4b1ed16e829a10a0cd0803e014ca6671149beb6
/components/parameters/PortkeySpanId/description,description,52,sha256-d535fcd5872a6e3c3ab2767bb4415df9e07716da01a3586ecf1eae7288b56e17
/components/parameters/PortkeySpanName/description,description,20,sha256-70ceb4d5204a141da5d5a9614f9c9ec2bafeb6a8f13e4a46787268ed4ccc668e
/components/parameters/PortkeyTraceId/description,description,200,sha256-83fb53d178e5779f276a31c2f29d2797f2131bde76297afb35ba2b12641b94a1
/components/parameters/PromptSlug/description,description,28,sha256-55ec6007060e3b2b87c1843f2f66f99a10c25e7deb282df7b1bfe271f8d5b261
/components/parameters/PromptSlug/example,example,27,sha256-f4a2c02e0f3afdda67b6eb78e138ec310dd8182413aea8cc9f3d4a9ba5c642c4
/components/parameters/PromptTokenMax/description,description,31,sha256-e286a88878174da5b7ba97ef5964bd8c6202abddf74fefeb68515176cb4241f0
/components/parameters/PromptTokenMin/description,description,31,sha256-fc8be52a3338becdd96bd9dd116d36e7fcd526879767b08e57535b3220937dcf
/components/parameters/RateLimitsPolicyId/description,description,23,sha256-ffbfd52ec74c4d68585e8814d9b2459a6f2b8826d21c7d52121119e3b3bb2c18
/components/parameters/SpanId/description,description,24,sha256-f942dc4c1c0567acd31368eb73aedebfb6287658636aa31066f0ac119b766c8b
/components/parameters/SpanId/example,example,33,sha256-3b12655b161ff6d5fc64052bb79e86c0f1128ddd2537e31be0ad486ebfcf94c6
/components/parameters/StatusCode/description,description,37,sha256-f7816d069847520491b019dd24bae9518e21300dc4739ad5cda71be614f84d9a
/components/parameters/StatusCode/example,example,7,sha256-777656e7cbd3d656f8a99cd6dea04843e07e31a201f2fb15a6970b2ee7d0f494
/components/parameters/TimeOfGenerationMax/description,description,73,sha256-70b5269e93a022402ba62fa00cfebdc4475bc001851983720a482358d659832f
/components/parameters/TimeOfGenerationMax/schema/example,example,25,sha256-770310e1a8346d666aa2c8a301faf323cac736d924216cdad7709b8086fd0398
/components/parameters/TimeOfGenerationMin/description,description,73,sha256-9c5985720dcada9071d18242deb1bc79d05596f81edae8a84a0e0b3a16173f0e
/components/parameters/TimeOfGenerationMin/schema/example,example,25,sha256-24877ec0490ef9bc8b461c6c30cc5d5691793a2fcd539a1c3f36742fef6f68a6
/components/parameters/TotalUnitsMax/description,description,28,sha256-2e854d8018c881a341c92cd509db5e5dbcca86d14ab30caebf1396244344ff49
/components/parameters/TotalUnitsMin/description,description,28,sha256-23043226ba1715bee9110330fcc5b6b68e8838d65e2777f194fac3c406bedfb6
/components/parameters/TraceId/description,description,25,sha256-4c7e0f3f64508ef86b66a9380442cdc5ff974842a5c480ca1215f4aa0ffa173c
/components/parameters/TraceId/example,example,35,sha256-153a22114b094f9c938bff175cc30f6b25ce4b0860506ae9f10c61bff0f513ee
/components/parameters/UsageLimitsPolicyEntityId/description,description,29,sha256-df6b3ccb2aa93a11f7a8f7cd7e6222b93929608f0ff92e512aac2a86944c0bc9
/components/parameters/VirtualKeys/description,description,33,sha256-b8663ccef82c4fdcbd43d1c3177d955dd63cc6e5d843ae6418f470407896601c
/components/parameters/VirtualKeys/example,example,19,sha256-8d9c1dd25c71fcc338045d8d9d0bdf1bb67600fbd8c509131a1db3d5d139f73c
/components/parameters/WeightedFeedbackMax/description,description,31,sha256-cc9d0cd093c7189411a882a4a2bb007f8f5ffc8f05b5ada88390573c8190e6df
/components/parameters/WeightedFeedbackMin/description,description,31,sha256-b6fdc5b56472313c4dbe1e41969b7a609584695bdb8ceb5fefbe6d78de8df319
/components/parameters/WorkspaceIdQuery/description,description,20,sha256-93cedc7cc765d98072bd3ecdabf39951ee16537049f1a17c3de6248fa2ed2061
/components/parameters/WorkspaceSlug/description,description,210,sha256-6c86a666d0e2d4bfdb2cd1aeca64f33778145c1d889f316cea534fce145ec68f
/components/schemas/AcuvityScanParameters/properties/biased/description,description,21,sha256-54798a2ba21305f42c374d6389eb8df478e0d0edfc15af67ccb99c31e66143db
/components/schemas/AcuvityScanParameters/properties/biased_threshold/description,description,28,sha256-4ec2c77970a33427ff88ba4858197f1afbd049d7fe5f66057615b7693c1e2942
/components/schemas/AcuvityScanParameters/properties/harmful/description,description,32,sha256-d7416e69f3c9795d01cd1230630e845c28eeb7ad85793105cfbad2ddedf252fb
/components/schemas/AcuvityScanParameters/properties/harmful_threshold/description,description,39,sha256-0fb1ea20bf43a6333d19142b6f486038260b4b467d5d050e100d8aa30ef68066
/components/schemas/AcuvityScanParameters/properties/jail_break/description,description,26,sha256-093cb44827050bbe28dbf6f6e481c077c0086333268eb959b35d926c1f89ace5
/components/schemas/AcuvityScanParameters/properties/jail_break_threshold/description,description,33,sha256-64edf5e8b1ea399c0f50eb99bfa6035f41665f72cd58609f43145374138b0717
/components/schemas/AcuvityScanParameters/properties/language/description,description,21,sha256-1a7f1aeadc3f5a6787cd8888ce347073023dedcce4575ac32356884e37af7e77
/components/schemas/AcuvityScanParameters/properties/language_values/description,description,17,sha256-ba7a5940f2161fc37251b1fae44e6671025ce3c2b7c990ed7a87e213c38b0e26
/components/schemas/AcuvityScanParameters/properties/malicious_url/description,description,30,sha256-8209d57faf759c5a15f5dc61cfdf046a350c4fb804321ae65af4853bb10408ae
/components/schemas/AcuvityScanParameters/properties/malicious_url_threshold/description,description,37,sha256-bacdfddc1966a94ce88a9bbc42eb33b83bfdeb01084778ea433d3a8d57097637
/components/schemas/AcuvityScanParameters/properties/pii/description,description,20,sha256-9c84bde3fac7efbd6b3f1592586a43f8b13471df8ae582ddb4a6441e4f4fc056
/components/schemas/AcuvityScanParameters/properties/pii_categories/description,description,24,sha256-694dbd57ea7c4d65806e790b061cee5bec18a80bcab8d82cfa8619d41b451aab
/components/schemas/AcuvityScanParameters/properties/pii_redact/description,description,20,sha256-80f68564a3f6f30ba9fc8f4394081ed4a85c84f9c5160fbc4ac5035e6007e726
/components/schemas/AcuvityScanParameters/properties/prompt_injection/description,description,33,sha256-10ea59dc3ce9d224057a59788f052720b63a4626aeb8f9a6058f4004b6a50548
/components/schemas/AcuvityScanParameters/properties/prompt_injection_threshold/description,description,40,sha256-09e6accd0aef767c5f4eaf8b6ec1939176ff294a9d5be16893cb35ea2a2066ad
/components/schemas/AcuvityScanParameters/properties/secrets/description,description,24,sha256-a673e3c3b3e3a17804986dc6c8e83ea0452ad0e72ca4ef68afc32750fb0162d1
/components/schemas/AcuvityScanParameters/properties/secrets_categories/description,description,27,sha256-2ae0283acb84090024d8c073f5c74c89a9c84f2f7462005a1e3b4fc4e06f0e6c
/components/schemas/AcuvityScanParameters/properties/secrets_redact/description,description,24,sha256-c75282e4a0d3bfa009c11ceaae0a2bef43082d44572d97af73e5522c257f3f5b
/components/schemas/AcuvityScanParameters/properties/timeout/description,description,23,sha256-b113d346932d0df037b46e0fd1c42634a043759fb73ad34188a129d4070fb120
/components/schemas/AcuvityScanParameters/properties/toxic/description,description,25,sha256-dc575ba4fcea04de0d140408ad4614350b13e4d4190ef8064d9def6aff6e9636
/components/schemas/AcuvityScanParameters/properties/toxic_threshold/description,description,32,sha256-084f8d96b60191804461bfbc94954e05b6b53e20218b8b549d6cea2a83637977
/components/schemas/AllowedRequestTypesParameters/description,description,186,sha256-aa346b94585cf75c950a4e47b85b3c4595fa78d4e7d4922c9aea50fdc6070e51
/components/schemas/AllowedRequestTypesParameters/properties/allowedTypes/description,description,85,sha256-347c01f1692070e209b97b6160310db4171c67b1e6d6b9935d3168ec1f4d0752
/components/schemas/AllowedRequestTypesParameters/properties/blockedTypes/description,description,77,sha256-4ffed5b21725acc5defe483d4dcb985e620331fcd81a49b249144e2daf2de286
/components/schemas/AnalyticsMetrics/description,description,46,sha256-361c15f1977dca3338d0ee9aec3a767c6aadb10687c26f5b307dc385a57c2f9c
/components/schemas/AnalyticsMetrics/properties/ai_model/description,description,13,sha256-3729f40b0ccdfb6fb3efac1d6abdf3905b2655b8ee9477b2cf4b9b99efe5cc14
/components/schemas/AnalyticsMetrics/properties/ai_model/example,example,6,sha256-a2a69af70d1b9be70f1abf8218492c5e65aea34285462bd65757cd6f44a7c10e
/components/schemas/AnalyticsMetrics/properties/ai_org/description,description,50,sha256-3819d8ae2aba1713c4eefd3b61a4e6915bf90ca3b9f767f45691d241461f9166
/components/schemas/AnalyticsMetrics/properties/ai_org/example,example,6,sha256-7d3194f79e645c42e4396dda38be04766810ec6a00d00aced3ffc2a0a1f1a9ef
/components/schemas/AnalyticsMetrics/properties/api_key_id/description,description,18,sha256-543f9c0773f5ea2ed83db6d991d083e463e805e1f7ae460094646720fb7bc4fb
/components/schemas/AnalyticsMetrics/properties/api_key_id/example,example,11,sha256-074c1fd1ac9d1c67ec22e8ae841db4c570a2740372e70b0bc3c763416cac9ca0
/components/schemas/AnalyticsMetrics/properties/cache_processing_time/description,description,47,sha256-8a3ca296db67febad10b3279a542c9161a10236acf2dc49a09dbe4bc683d0c73
/components/schemas/AnalyticsMetrics/properties/cache_processing_time/example,example,6,sha256-d6bae4a60ad0ef8a6dee9a3fadb606d0e8cc0092a74b7e36dcbd2260e3526b8d
/components/schemas/AnalyticsMetrics/properties/cache_status/description,description,54,sha256-7bb25fec7088e398545e272afeced39f21b2a19b58793edf169ad4dd744da327
/components/schemas/AnalyticsMetrics/properties/cache_status/example,example,4,sha256-e0a896a8529917338531599bfbbff2e4ca92606748fb91dd2f4703a54bdf2180
/components/schemas/AnalyticsMetrics/properties/cache_type/description,description,18,sha256-22e715fd79731b824541e5d19cd124eb8d29b199d4117e05230b1bc5e27774bb
/components/schemas/AnalyticsMetrics/properties/cache_type/example,example,8,sha256-3784070fe3e7e3de5f0ec08eadfa10acbaa0f543916b1ab2c68f371924ff7db3
/components/schemas/AnalyticsMetrics/properties/config/description,description,24,sha256-f3be6e5d7bf30036221437303c905dfe541a521a39064e2f0fc7fefb8f055692
/components/schemas/AnalyticsMetrics/properties/config/example,example,13,sha256-fa6014dc9a803709db06d24c9e56893df1ce7f5adf6202bb447c47ebdfa4737f
/components/schemas/AnalyticsMetrics/properties/config_id/description,description,24,sha256-efbd705abfee742852d48bbeca1fcbae3235da378bf70bc2e6eab19ce32ec888
/components/schemas/AnalyticsMetrics/properties/config_id/example,example,10,sha256-92f68d63b30df4104aacdac3e614702e6a184ef0b0b7761479cb3b25fd219e5d
/components/schemas/AnalyticsMetrics/properties/config_version_id/description,description,32,sha256-e5fd2172dc5d2debec9226b8d6daf4ea91f6de2c2ea37172b4fe00662e6d7267
/components/schemas/AnalyticsMetrics/properties/config_version_id/example,example,9,sha256-e3155b20e134632816c8611c4e9ee5cbd0e00689f7c4c955ee9f896580d02fdb
/components/schemas/AnalyticsMetrics/properties/cost/description,description,30,sha256-fce4258081485f74d113862ba2683b4d6cff97a369edbfe074291da4c5edb158
/components/schemas/AnalyticsMetrics/properties/cost/example,example,10,sha256-e5f0f840b2ca63a765ce5ecc036056ed4a8d008ad686530a538f278027bc3cba
/components/schemas/AnalyticsMetrics/properties/cost_currency/description,description,26,sha256-562fc352b1970e4be417ce433d5d144e9a0a6b2dc02d5722c5ac9feb709bf7a0
/components/schemas/AnalyticsMetrics/properties/cost_currency/example,example,3,sha256-a26cdf3a6e709124385d4d7eb9bff6b897a58ed5597fbab779b89849dbe81b21
/components/schemas/AnalyticsMetrics/properties/created_at/description,description,34,sha256-e418b9acd78b86103ab86bb30d55803ecdf201c7e46b437057933a3152dcc832
/components/schemas/AnalyticsMetrics/properties/created_at/example,example,23,sha256-871d341d3e1e423f199d575f38d7bddc99129333aff4eeec6d40af943b8ba634
/components/schemas/AnalyticsMetrics/properties/gateway_processing_time/description,description,45,sha256-d84617519dfe90e3c79035cb7e0c7ac2bf3e0a902265f2e8fc20809654e2e394
/components/schemas/AnalyticsMetrics/properties/gateway_processing_time/example,example,7,sha256-7bdd5f152d7ebe9d6af626289495d75d92a8d91d74dfcddf219fd03f7db4c406
/components/schemas/AnalyticsMetrics/properties/id/description,description,35,sha256-581d135320dd0cbd890b6e99c68588fb6a0589fa40d88a26d8f9dcbd756fb01b
/components/schemas/AnalyticsMetrics/properties/id/example,example,36,sha256-a3a9e1ed9732cab28868127be00f1ce921acaefdd5c3b23a6e9e0072bd9c1a34
/components/schemas/AnalyticsMetrics/properties/internal_trace_id/description,description,38,sha256-8a4df153a7794a6e7c3ef881e9c2c1f07c0563bcea1b7c381a7a39a485cde193
/components/schemas/AnalyticsMetrics/properties/internal_trace_id/example,example,18,sha256-6319da5d74bb0bfa91bd6cdf2c651f2f5163781a30082280d2aacd60dd58ec57
/components/schemas/AnalyticsMetrics/properties/is_proxy_call/description,description,29,sha256-8883e1f69e121d7877acc28061f554f53018ebce2e557c6c9c32a9cd08ff8721
/components/schemas/AnalyticsMetrics/properties/is_proxy_call/example,example,9,sha256-5078e85342382074fb0920497907c64e37c695c8eb6a5760228bc5d54248fe69
/components/schemas/AnalyticsMetrics/properties/is_success/description,description,56,sha256-47999daa17cbdb75554995f429c5de0f87546598dab82cf4144838b2fb6f9fce
/components/schemas/AnalyticsMetrics/properties/is_success/example,example,9,sha256-5078e85342382074fb0920497907c64e37c695c8eb6a5760228bc5d54248fe69
/components/schemas/AnalyticsMetrics/properties/last_used_option_index/description,description,43,sha256-3b86b59cde8fe06f7801e5c68366b5c345b8db9137db02638e9327b32f1ea998
/components/schemas/AnalyticsMetrics/properties/last_used_option_index/example,example,6,sha256-d1a64a1e0ab44cd7c752bedc59af8595c2ffdbce67bd98548dee867fe2e68a66
/components/schemas/AnalyticsMetrics/properties/log_store_file_path_format/description,description,35,sha256-0e3f9bce895db26ccc88a14311c2e61d6f57e6ed5f0964ee5b7acb794de977a9
/components/schemas/AnalyticsMetrics/properties/log_store_file_path_format/example,example,2,sha256-3bfc269594ef649228e9a74bab00f042efc91d5acc6fbee31a382e80d42388fe
/components/schemas/AnalyticsMetrics/properties/metadata.key/description,description,22,sha256-9bcbb9c5b4efef8bbb8de0a98551ae4a78f46e3f4a9b3466203214b649c3505a
/components/schemas/AnalyticsMetrics/properties/metadata.key/example,example,14,sha256-7c02b890c7f9130462dde5f9aad5c15a6173d1f712f3719f7caef7e64f07f09b
/components/schemas/AnalyticsMetrics/properties/metadata.value/description,description,24,sha256-f6897553a0e958a4da7f6bf1ad438b19b4c2eacc4abd53d99b1f2b930bd15621
/components/schemas/AnalyticsMetrics/properties/metadata.value/example,example,18,sha256-d7e43d6e2c8fc8770767b876da3172ae573c4955943cd9d57b4c72809cbe4f33
/components/schemas/AnalyticsMetrics/properties/mode/description,description,50,sha256-1944a7b08a4f3732e898ca99b4e11002e79ba4cd630364a185b4742f0c25e40e
/components/schemas/AnalyticsMetrics/properties/mode/example,example,6,sha256-947f187506f7629c81c81879a2cb2256455038e4ac770091d897fa0a8b945e3b
/components/schemas/AnalyticsMetrics/properties/organisation_id/description,description,23,sha256-d7f6cb5385e83aca26623cd8dda63a46d1ad8e46007ba69caed26bb52685c610
/components/schemas/AnalyticsMetrics/properties/organisation_id/example,example,7,sha256-83e582565905f7e5bc0074cd776abd13d7ca413991011906c51d96696b92c199
/components/schemas/AnalyticsMetrics/properties/organisation_name/description,description,17,sha256-9a807d52ba21603eed8114507b12c323ffe5881eaeb790904246e9a90f992661
/components/schemas/AnalyticsMetrics/properties/organisation_name/example,example,9,sha256-a73cb4563ee2e72ce0ce805d444364ecca6bebe02d04917915d6481de184abe3
/components/schemas/AnalyticsMetrics/properties/parent_span_id/description,description,37,sha256-bc8349458c214899869e919b7686ee67375aa78373f7acb9de2e14314c3aeec9
/components/schemas/AnalyticsMetrics/properties/parent_span_id/example,example,8,sha256-4d865cb912e076694be1785f4f12d01fe5b16dfc018655e877864392e27650e5
/components/schemas/AnalyticsMetrics/properties/pre_processing_time/description,description,45,sha256-e692679cec06ed0d63408e492d828b1f50c3d6ebf57ea5e05d548119d8c74ef4
/components/schemas/AnalyticsMetrics/properties/pre_processing_time/example,example,7,sha256-18fb6b1c4114b8425b5cf74613a966a0f85c25b5716ceadf553699ab6d10c1ee
/components/schemas/AnalyticsMetrics/properties/prompt_id/description,description,17,sha256-3fa659728e689d9c9c507db25ff378993153361ae43f11c151b2e07021e24b9e
/components/schemas/AnalyticsMetrics/properties/prompt_id/example,example,10,sha256-297c1a5e39fc0a77109407b51e369530dbd0425ca234972533dabbbf8dd4cf4c
/components/schemas/AnalyticsMetrics/properties/prompt_slug/description,description,11,sha256-03b10e36a795390292b2064d736111529813b36fff0e4f38a0409918628a8484
/components/schemas/AnalyticsMetrics/properties/prompt_slug/example,example,9,sha256-f630f93ebc760802fcc9588a18479bee93a095d813f3be1e2b2a5fe8646034e3
/components/schemas/AnalyticsMetrics/properties/prompt_version_id/description,description,25,sha256-ebdffa63686d900d7f8a11ce17ab5a47ac6548d0389a53b1635b7024b25e7660
/components/schemas/AnalyticsMetrics/properties/prompt_version_id/example,example,9,sha256-fc9eb607c91880dc0f55b213fda2a4ce801e8fda2c2239bc2d4020d6e697a87c
/components/schemas/AnalyticsMetrics/properties/req_units/description,description,19,sha256-c6a51ee29687cd20b08fc96978fbcf316efe8ff564de6d6ef169ed7789200a0d
/components/schemas/AnalyticsMetrics/properties/req_units/example,example,8,sha256-1aab8ebdafee212923f0d79343279ca8ec3083564893367228d18e9fd7acd027
/components/schemas/AnalyticsMetrics/properties/request_method/description,description,11,sha256-c00904931215fbb82bb449fcc55d2bdf8941e3f37a7ab5f319857247ff73bdc3
/components/schemas/AnalyticsMetrics/properties/request_method/example,example,4,sha256-9aee6b1bcdf617d8e39bb1f2b624c68ea33deb9d48e0364aeaded836d3d00293
/components/schemas/AnalyticsMetrics/properties/request_parsing_time/description,description,47,sha256-d397bf4247e49aedfaebd3cf953dc1948ac560f611c7791dadb8da9e1b05918b
/components/schemas/AnalyticsMetrics/properties/request_parsing_time/example,example,6,sha256-758ca42db68ed865503226dfe648c488e77fde785b819c005861bff975b83a2d
/components/schemas/AnalyticsMetrics/properties/request_url/description,description,21,sha256-e91497d8b6b8f54737153c86bcf2b2697d28ce04b9db28b8df8452bfd0b34d49
/components/schemas/AnalyticsMetrics/properties/request_url/example,example,42,sha256-82141e272189210ab931267ec91313de3460102092ac4f85b284b44db52b0caf
/components/schemas/AnalyticsMetrics/properties/res_units/description,description,20,sha256-aae14c587efda85070d42f2c116ff1acaf2a05decc9420568477fe94ade05202
/components/schemas/AnalyticsMetrics/properties/res_units/example,example,7,sha256-7bdd5f152d7ebe9d6af626289495d75d92a8d91d74dfcddf219fd03f7db4c406
/components/schemas/AnalyticsMetrics/properties/response_parsing_time/description,description,48,sha256-003eb9ab85c1ab105e001fe45eb488e226f6187fd8b13ba59b598cdd00d2b003
/components/schemas/AnalyticsMetrics/properties/response_parsing_time/example,example,6,sha256-0914b5ddf42acde63481c3745a73272d33e6cbc051c2c080e103772e20af1566
/components/schemas/AnalyticsMetrics/properties/response_status_code/description,description,25,sha256-7af1be9354db58d2c769c1c38f8b6066a77af1e4b1706f8301eebd792fa8a861
/components/schemas/AnalyticsMetrics/properties/response_status_code/example,example,8,sha256-22c4f12557ff6e837ccce24b5a68ac649bb66c975f2342fa898d1c236eb9d1bf
/components/schemas/AnalyticsMetrics/properties/response_time/description,description,29,sha256-f27484f261309cc49f6486fe978aed82c0f029af0430bce4d9aadab86bbccee5
/components/schemas/AnalyticsMetrics/properties/response_time/example,example,9,sha256-1f4d1ab9fa67e1057ada6452d0e145f1125c5f5989b003f591de143cfef943c9
/components/schemas/AnalyticsMetrics/properties/retry_success_count/description,description,28,sha256-1d078288fd609b733437e60fdb1aa501ddb1c12a78eafeaddc4243821745f22c
/components/schemas/AnalyticsMetrics/properties/retry_success_count/example,example,6,sha256-d1a64a1e0ab44cd7c752bedc59af8595c2ffdbce67bd98548dee867fe2e68a66
/components/schemas/AnalyticsMetrics/properties/runtime/description,description,19,sha256-683fa9b6d76b361047c761ea32f4a524c70743121f162bf4caa33b919b639435
/components/schemas/AnalyticsMetrics/properties/runtime/example,example,4,sha256-545ea538461003efdc8c81c244531b003f6f26cfccf6c0073b3239fdedf49446
/components/schemas/AnalyticsMetrics/properties/runtime_version/description,description,15,sha256-72484f5d7f8ff0fa7f29a8d67e5e9c30d13ea2bf272775f14a79ab5d19295a0c
/components/schemas/AnalyticsMetrics/properties/runtime_version/example,example,6,sha256-ff4b3b5dcdd47c831424a9e41e6ec59604c1c353db741f9eb79b1ab1107470fe
/components/schemas/AnalyticsMetrics/properties/sdk_version/description,description,11,sha256-90a40b04f80da22b1332aea37308aed0e57f60e2f57feac1330ee5fa5256279d
/components/schemas/AnalyticsMetrics/properties/sdk_version/example,example,5,sha256-92521fc3cbd964bdc9f584a991b89fddaa5754ed1cc96d6d42445338669c1305
/components/schemas/AnalyticsMetrics/properties/source/description,description,43,sha256-483e84aec7c3e783608cb43931c70c68359ad66af85ea70b4c1aeaffa46195e2
/components/schemas/AnalyticsMetrics/properties/source/example,example,6,sha256-61dc8e256e60e07a4bc4ae293875590c18fafeb8cb129802e72423b3f8cfda5a
/components/schemas/AnalyticsMetrics/properties/span_id/description,description,27,sha256-494ae62d38f4d6ae4b1991ab9b885cbef3c4baf950449e82f98decc8e0c6a74f
/components/schemas/AnalyticsMetrics/properties/span_id/example,example,8,sha256-cbcd2a5246a2d2c0297812c1f2b209342a08e67758dcb7071c292c094f846417
/components/schemas/AnalyticsMetrics/properties/span_name/description,description,16,sha256-ef90315df7c7806223d8466846f44f9cc72ae7f33ef1597a18f49f2a57fef364
/components/schemas/AnalyticsMetrics/properties/span_name/example,example,3,sha256-487b91042c7cf27a19e23ea8699f5f354b1a0c3af9e418138dc6150d830f970d
/components/schemas/AnalyticsMetrics/properties/stream_mode/description,description,44,sha256-3412afc3a31f3965f01afe5bcde4d1208fefee8905bf59e397347c1aef36f71e
/components/schemas/AnalyticsMetrics/properties/stream_mode/example,example,6,sha256-0b6477aecfbf4beb7578413d2833a505e8f36d56a749ed3fcc43f85c537408d9
/components/schemas/AnalyticsMetrics/properties/total_units/description,description,41,sha256-b1135de8e0487dc03c9aaa62863ddd9601d6f586339bc1bf245d2dd23a98ff1e
/components/schemas/AnalyticsMetrics/properties/total_units/example,example,8,sha256-3337b5c226196d3ed6ea40a74da08b70c47aecec290116f60997d4c59f85faa2
/components/schemas/AnalyticsMetrics/properties/trace_id/description,description,28,sha256-6d024667806c080127ca259a208967eb3f5de57cf48599c81ab26d26680263c5
/components/schemas/AnalyticsMetrics/properties/trace_id/example,example,9,sha256-050b35275fef8c7a6e02c3e98bf2fdf9416fb5916214412f0ec7efb7875e5732
/components/schemas/AnalyticsMetrics/properties/upstream_response_time/description,description,47,sha256-6c7ea1883ad3d2a3ac347570de281d15645b649324b569b3fe0734940b3d4bb6
/components/schemas/AnalyticsMetrics/properties/upstream_response_time/example,example,9,sha256-a140d261f984178993c94de04fa37a9ac6e49abacd2cdd4219a64b53cf533df2
/components/schemas/AnalyticsMetrics/properties/virtual_key/description,description,22,sha256-7253b547f9f3c9f3edf94bb3de906b53011422273efe0f9ef30376fa52bdbe0b
/components/schemas/AnalyticsMetrics/properties/virtual_key/example,example,6,sha256-9722f818ef376bd34a00c1804668bb068e61a827fb6c39bf86226dda3232879e
/components/schemas/AnalyticsMetrics/properties/workspace_slug/description,description,14,sha256-13f34e9e41a80e14c2de21a25261c61c4271e6c62968e5058e0bd0d43f237045
/components/schemas/AnalyticsMetrics/properties/workspace_slug/example,example,12,sha256-513d0aea38d5c2ab7c9b99a34a97369b89c659f9bcaaac587a8674406c5c26c5
/components/schemas/ApiKeyObject/properties/alert_emails/items/example,example,11,sha256-0c7e6a405862e402eb76a70f8a26fc732d07c32931e9fae9ab1582911d2e8a3b
/components/schemas/ApiKeyObject/properties/created_at/example,example,20,sha256-3d0c1cb162a1d13214d094e618b8c28e29291d894663c7c0d15ebc2d1ba3d86f
/components/schemas/ApiKeyObject/properties/creation_mode/example,example,2,sha256-d3ef7de562f9a4a34a9a0b05a112955fdecdd0102c3faae5eeb03a195091a5e4
/components/schemas/ApiKeyObject/properties/defaults/properties/config_id/example,example,10,sha256-7ef1a61df79f0796992d8aad74b09ed5168ced88e160a4d452fa53f67b369e9f
/components/schemas/ApiKeyObject/properties/defaults/properties/metadata/example,example,39,sha256-2c262d7e053e4f37e2f6f9eb4735fbcca5949c20d1f38465187cd6f73fcf55fa
/components/schemas/ApiKeyObject/properties/description/example,example,35,sha256-691d89c7f0eb522b07788f1969f7e221b5c3481989a1affaa7853853b2fb6d5e
/components/schemas/ApiKeyObject/properties/id/example,example,36,sha256-8f400c257611ed5d30c0e6607ac61074307dfa24cf70a8e92c3e8147d67d2c70
/components/schemas/ApiKeyObject/properties/key/example,example,11,sha256-a8269f9168fbce3f1d98623317c7772acf61592e2a5984089d26a7aca22579ce
/components/schemas/ApiKeyObject/properties/last_updated_at/example,example,20,sha256-3d0c1cb162a1d13214d094e618b8c28e29291d894663c7c0d15ebc2d1ba3d86f
/components/schemas/ApiKeyObject/properties/name/example,example,19,sha256-9d2eb4c5faf05b2e29db4c900c952e94b03d23f347c978ace73d8a4c8d7b8ff2
/components/schemas/ApiKeyObject/properties/object/example,example,7,sha256-8c284055dbb54b7f053a2dc612c3727c7aa36354361055f2110f4903ea8ee29c
/components/schemas/ApiKeyObject/properties/organisation_id/example,example,36,sha256-957ce6f8ea59f64ebcf1baad9dbd1c96db30b61b2ff522931b08b13f38d1d137
/components/schemas/ApiKeyObject/properties/rate_limits/items/properties/type/example,example,8,sha256-ec72420df5dfbdce4111f715c96338df3b7cb75f58e478d2449c9720e560de8c
/components/schemas/ApiKeyObject/properties/rate_limits/items/properties/unit/example,example,3,sha256-9e7ab438597fee20e16e8e441bed0ce966bd59e0fb993fa7c94be31fb1384d88
/components/schemas/ApiKeyObject/properties/rate_limits/items/properties/value/example,example,8,sha256-1aab8ebdafee212923f0d79343279ca8ec3083564893367228d18e9fd7acd027
/components/schemas/ApiKeyObject/properties/reset_usage/example,example,6,sha256-d1a64a1e0ab44cd7c752bedc59af8595c2ffdbce67bd98548dee867fe2e68a66
/components/schemas/ApiKeyObject/properties/scopes/example,example,20,sha256-e8340cd89c23bbcbda31321959036364f84e71086470a5b43fd768e97353dd4d
/components/schemas/ApiKeyObject/properties/status/example,example,6,sha256-96879611650f80a81392a52e0db9b0237669087c4518e1c130e541a505e0eeef
/components/schemas/ApiKeyObject/properties/type/example,example,20,sha256-2fe443cb2c86e6473aa4ef39d7d86b78a66c4da2e3bc505458db094f4502e3d2
/components/schemas/ApiKeyObject/properties/user_id/example,example,36,sha256-70032b0b9c0f8f92b027ce6ab475c9fc47fab5996e872f2e71d7e2a22c59d3d7
/components/schemas/ApiKeyObject/properties/workspace_id/example,example,14,sha256-5d368921185c6fb4b3fb486d198692616e9ad2d752da99ceaae60250ef11dd5f
/components/schemas/ApiKeyObjectList/properties/total/example,example,6,sha256-d6bae4a60ad0ef8a6dee9a3fadb606d0e8cc0092a74b7e36dcbd2260e3526b8d
/components/schemas/AporiaParameters/properties/projectID/description,description,29,sha256-ebc2cce55fb365514040f32e918b7d07e028872261811faf20d1c45436e1f177
/components/schemas/AporiaParameters/properties/timeout/description,description,23,sha256-b113d346932d0df037b46e0fd1c42634a043759fb73ad34188a129d4070fb120
/components/schemas/AssistantObject/description,description,64,sha256-fef0cf044ce8c05fd769620f96237b440f1f4c684036db7d072e33ed76a37139
/components/schemas/AssistantObject/properties/created_at/description,description,67,sha256-a7758edc93497c7718e8261f5791eb50f4f4851dee0f6f1a7b0f095d267d84e2
/components/schemas/AssistantObject/properties/description/description,description,72,sha256-8de7ba11af04038b22546b97888e3cace7054a386cc474d53e9dfef1031d54fb
/components/schemas/AssistantObject/properties/id/description,description,57,sha256-9a3dc6c99f297e48af0c86dc1e7fdbf12483be912d6de9453e5f82e69c250826
/components/schemas/AssistantObject/properties/instructions/description,description,91,sha256-a13cbf36c76dd70a81bbfdcdb58e5a11e01a2635e333602a2a7458fc8bc4d4c0
/components/schemas/AssistantObject/properties/metadata/description,description,251,sha256-aadc6b3206c81bd0e8d27ed365f2f94d919dccadd091177eb85e60996bf76904
/components/schemas/AssistantObject/properties/model/description,description,259,sha256-4dc5a6c9a7e421b736bdcd878b7f1688ffaa31fc2b69eded00ab8015bacb3cba
/components/schemas/AssistantObject/properties/name/description,description,65,sha256-ef68e3c36d8bc403a1c97ffc44d22f998f1de2d7dbb63a648687aef862d3099e
/components/schemas/AssistantObject/properties/object/description,description,45,sha256-a9ef13d7ef817447beabd7e3a2ce02fb61b4268a24ad8057cf61d0ef7d28d3cb
/components/schemas/AssistantObject/properties/temperature/description,description,181,sha256-8f1311d8a1bf5bb43b88292524d8485d33e83ee79c500dabb5e9b658ff00a53f
/components/schemas/AssistantObject/properties/temperature/example,example,6,sha256-0b6477aecfbf4beb7578413d2833a505e8f36d56a749ed3fcc43f85c537408d9
/components/schemas/AssistantObject/properties/tool_resources/description,description,243,sha256-672ec280aebedd784ba67dc3efaa032eb84e5706011681c9e6693dfc222863c8
/components/schemas/AssistantObject/properties/tool_resources/properties/code_interpreter/properties/file_ids/description,description,184,sha256-fa007ec92a762143bb91f4c7e5bf66f1517b8ae7ce0608abad138b31bc9c930c
/components/schemas/AssistantObject/properties/tool_resources/properties/file_search/properties/vector_store_ids/description,description,194,sha256-395991d2654a8dc538c33990cf058c63f04beaee2c77b512e00456a18b101d7d
/components/schemas/AssistantObject/properties/tools/description,description,164,sha256-72a419ed8b71be1adc7a33718f831a53cd67248f2a12f2c71b8d4e8013c39b70
/components/schemas/AssistantObject/properties/top_p/description,description,303,sha256-a5c789734dc3e4742b839a23382c9771c4af9a0987dafa36b299dc79bbb073be
/components/schemas/AssistantObject/properties/top_p/example,example,6,sha256-0b6477aecfbf4beb7578413d2833a505e8f36d56a749ed3fcc43f85c537408d9
/components/schemas/AssistantObject/x-code-samples,x-code-samples,555,sha256-db2eda21acb7804ab498cf5eff2d5979780c9c5e2bc8e4421c517843ac3750ad
/components/schemas/AssistantStreamEvent/description,description,936,sha256-cfdc59dd524f83c1db0db5615a49ad7734cde2e682bd49c527f705dd55e5dfd4
/components/schemas/AssistantStreamEvent/x-code-samples,x-code-samples,41,sha256-cc3b72c6d97f48a65f448bfeb650a4c531199b6736c48f720719b292b9cca728
/components/schemas/AssistantToolsCode/properties/type/description,description,50,sha256-297796c683fea8007a317b90900a8ea3776db3e2c1ca41073f70477b4ccd86e0
/components/schemas/AssistantToolsFileSearch/properties/file_search/description,description,35,sha256-f33040fe5cb45332ecea3e30522b308f6fda667910d54feae7433353045ae283
/components/schemas/AssistantToolsFileSearch/properties/file_search/properties/max_num_results/description,description,410,sha256-b3bd30545f493d287953e9ad5b34ff4d2303f4d647361e973b0d32c2d0a6ed5d
/components/schemas/AssistantToolsFileSearch/properties/type/description,description,45,sha256-4a9760b68b14b1f7e395837eff8665675a7b8974e6054283117f99b7f05bedfa
/components/schemas/AssistantToolsFileSearchTypeOnly/properties/type/description,description,45,sha256-4a9760b68b14b1f7e395837eff8665675a7b8974e6054283117f99b7f05bedfa
/components/schemas/AssistantToolsFunction/properties/type/description,description,42,sha256-8fb81e686a0a311c18dda249ee549c04352c18d693645aae9e903f0974cb4ae3
/components/schemas/AssistantsApiResponseFormat/description,description,195,sha256-77798b17460ed4acf9f98a3980b758cdfcbd6189c8812765a069a3eaee933949
/components/schemas/AssistantsApiResponseFormat/properties/type/description,description,39,sha256-d377da45d2d334c1cdf77e0304f1820fb9d0abb83135751deb8f921381a3e94d
/components/schemas/AssistantsApiResponseFormat/properties/type/example,example,11,sha256-4cb54e4007c783209b1744e09bef141cd55239584f3c70c334780d865e2b5960
/components/schemas/AssistantsApiResponseFormatOption/description,description,881,sha256-c3cd3d85dc1411cd0e29b138ad9f54b6b9e3e72ea7bd7d6bc348480f3458cd5a
/components/schemas/AssistantsApiResponseFormatOption/oneOf/0/description,description,28,sha256-57808ca30d6f53663bbe40e66d2a02af632781193056b035cb81b88817cb6911
/components/schemas/AssistantsApiToolChoiceOption/description,description,494,sha256-06f4d4d706374a929546c6613f6b50642ebacd3eed01f73552caf1fb236a18c7
/components/schemas/AssistantsApiToolChoiceOption/oneOf/0/description,description,257,sha256-c6322a53fe10f11c6343bb27125b3bc62e67e848d82df02e95dbccbff4be3904
/components/schemas/AssistantsNamedToolChoice/description,description,86,sha256-33afe7255b337ee955027151b542e809105b2983078f68bea502fe54fcbb4293
/components/schemas/AssistantsNamedToolChoice/properties/function/properties/name/description,description,33,sha256-5071f76f1de6ec37b0a6a97231e43974714b6432e8a3558a2da29e265c2a6b20
/components/schemas/AssistantsNamedToolChoice/properties/type/description,description,74,sha256-fc9de24a428690115c8fcecfa29ab94f56541add035512558810e9d91f9a9060
/components/schemas/AuditLogObjectList/properties/object/description,description,33,sha256-8c49d983515576aca9284f1c12851500b623d67cf73fd18bc3b9eb8d149a5916
/components/schemas/AuditLogObjectList/properties/records/items/properties/action/description,description,32,sha256-ac29dcc20457633b8a3b79d085a49e5756b494b878d53d7f433c35b9eb2ff108
/components/schemas/AuditLogObjectList/properties/records/items/properties/client_ip/description,description,24,sha256-e5a3efac35baf7455d20da6d7c3de5d3db90352a304fec415bbeea72388437f3
/components/schemas/AuditLogObjectList/properties/records/items/properties/country/description,description,41,sha256-de446e4dc9de23208292a03cfde2ff38d277e94d853a894a987412fcefee779b
/components/schemas/AuditLogObjectList/properties/records/items/properties/method/description,description,32,sha256-46f5d9a251bb572d9638bd3a3b85916b1d917e117944a72e11df3a8d9c0443b7
/components/schemas/AuditLogObjectList/properties/records/items/properties/organisation_id/description,description,42,sha256-216450e9c2e5cfcd608481521a6c52fd08b411932e4115266c9ecbfadf4c729e
/components/schemas/AuditLogObjectList/properties/records/items/properties/query_params/description,description,35,sha256-9ea290dfae98f1dad989537eaa4db19c3230e88132c3f3fb156d1289772006a9
/components/schemas/AuditLogObjectList/properties/records/items/properties/request_body/description,description,31,sha256-312e492eb999897488e210217107def1f7ffd615dabe800cfffc2134cfd9c940
/components/schemas/AuditLogObjectList/properties/records/items/properties/request_headers/description,description,53,sha256-ba5aff758fa8f92c5a25ee037e133a05bab2651baff5e1d287352da936100890
/components/schemas/AuditLogObjectList/properties/records/items/properties/request_id/description,description,24,sha256-b526c837237bc88476ae75caba26276db4165b682589b3d263cbcd39b091056b
/components/schemas/AuditLogObjectList/properties/records/items/properties/resource_type/description,description,34,sha256-848f20dbfc57310a12bd40d5e052fe9343fe6cf09f2201e2233af9d97c973b06
/components/schemas/AuditLogObjectList/properties/records/items/properties/response_status_code/description,description,32,sha256-73e2a00abc5dbce414403ede7b77f5732348bc0aab0d27af960f62d51f8b2d56
/components/schemas/AuditLogObjectList/properties/records/items/properties/timestamp/description,description,37,sha256-ed1efb364fae68eef84917fbb69b67482de75bc69b8d6ad7dbd535da02073422
/components/schemas/AuditLogObjectList/properties/records/items/properties/uri/description,description,26,sha256-3432776ae35ae0f70b8e5fde3ff32a5cb26479018b033994ffcc5981787cfe47
/components/schemas/AuditLogObjectList/properties/records/items/properties/user_id/description,description,35,sha256-f2360be5959d861d2eda3dd2ad784ed8326643689ad539015f4bca9eb084b952
/components/schemas/AuditLogObjectList/properties/records/items/properties/user_type/description,description,33,sha256-412fb6eb52b39cb1e0b671106f249bab67847868eec09c0cc6f3fb7dcca1fa19
/components/schemas/AuditLogObjectList/properties/records/items/properties/workspace_id/description,description,43,sha256-5f5e7c80096b6245f2dca68813ba20a8d85e44b05177a7461465f6ca49d70b24
/components/schemas/AuditLogObjectList/properties/total/description,description,39,sha256-9ce1dd522328a294b75dff175283397ce3c2463cdf29cf83b9fe449e14037f86
/components/schemas/AutoChunkingStrategyRequestParam/description,description,122,sha256-996443e6d2ad15e968c5bbce79675e99a2d4f79cc9881160e395146ce768050e
/components/schemas/AutoChunkingStrategyRequestParam/properties/type/description,description,14,sha256-3fee2e00be47d587e7022a84184e1feb8db685708243a5f56b3f89e75b9c78f0
/components/schemas/AzureAIConfiguration/properties/azure_api_version/description,description,17,sha256-d290cd3059b12bbfb644d8c00763980855a11390234589a1158007b36f98c0af
/components/schemas/AzureAIConfiguration/properties/azure_auth_mode/description,description,32,sha256-b3b754fe9e3afe64ee326d783d3dd61c4679641e77bffd27ea1853d7d33df6e3
/components/schemas/AzureAIConfiguration/properties/azure_deployment_name/description,description,21,sha256-223e87706bf2bd51c80cf27921bb1a1b9be3258eecc23c66f4f997bb4e107cb5
/components/schemas/AzureAIConfiguration/properties/azure_entra_client_id/description,description,44,sha256-437164e50d0566ecfd59b0e7646fd32f1fdd4d8edd5499f11f8ed5c19cdcdd3b
/components/schemas/AzureAIConfiguration/properties/azure_entra_client_secret/description,description,48,sha256-8ab4a9b52c557d85ca6d222867872e43e5e5f7f753ea5800f20adda92016effb
/components/schemas/AzureAIConfiguration/properties/azure_entra_tenant_id/description,description,44,sha256-3fe810250c9fc20238e96a6c6a8522489e48c1e86950ba029515550458327773
/components/schemas/AzureAIConfiguration/properties/azure_foundry_url/description,description,20,sha256-b378c8fa5be384d68b9ecc403e6d08e0d762626b7af7b3210ab882bd94354692
/components/schemas/AzureAIConfiguration/properties/azure_managed_client_id/description,description,54,sha256-cb2aadbe64006f5a34c606fce275a05c37a4516373d16becbbd73798192d94aa
/components/schemas/AzureContentSafetyParameters/properties/apiVersion/description,description,38,sha256-d1944db2ad5808ce9278ad53468fbc46187d915a95bedf404e976b9eddb1db06
/components/schemas/AzureContentSafetyParameters/properties/blocklistNames/description,description,41,sha256-2d789703a367dc8f263d94104edbb0e88418e1d133efcfd1bc62c58e0eaa3234
/components/schemas/AzureContentSafetyParameters/properties/categories/description,description,27,sha256-6ff0d5adfaf6d56f1180fd0b7de113e5305f1e505c43f5bdc5236d1aa220a281
/components/schemas/AzureContentSafetyParameters/properties/severity/description,description,45,sha256-59327c91a4ed0ca88abbaafc14d38882085a9d599d2095b102c059b90c996781
/components/schemas/AzureContentSafetyParameters/properties/timeout/description,description,23,sha256-b113d346932d0df037b46e0fd1c42634a043759fb73ad34188a129d4070fb120
/components/schemas/AzureDeploymentConfig/properties/alias/description,description,24,sha256-99e8f842faf7afa88d7e2093b7074b5daa0c9810d38b5b3bd8fa4a2a98163081
/components/schemas/AzureDeploymentConfig/properties/azure_api_version/description,description,17,sha256-d290cd3059b12bbfb644d8c00763980855a11390234589a1158007b36f98c0af
/components/schemas/AzureDeploymentConfig/properties/azure_deployment_name/description,description,21,sha256-223e87706bf2bd51c80cf27921bb1a1b9be3258eecc23c66f4f997bb4e107cb5
/components/schemas/AzureDeploymentConfig/properties/azure_model_slug/description,description,16,sha256-c1ecc3025ce25045658379c869978a0a3ba05874c4ed5b6dc522337c31d64411
/components/schemas/AzureDeploymentConfig/properties/is_default/description,description,38,sha256-f2ea99fd71510e7c8ea9c89610d3647a8068d06cb9b089e2095d02ed3bf0f210
/components/schemas/AzureOpenAIConfiguration/properties/azure_auth_mode/description,description,29,sha256-83ca2ea10d659a6c31ba6abaf2c0b891336c13ce347fbbeb08d5828ff8f9a92d
/components/schemas/AzureOpenAIConfiguration/properties/azure_entra_client_id/description,description,44,sha256-437164e50d0566ecfd59b0e7646fd32f1fdd4d8edd5499f11f8ed5c19cdcdd3b
/components/schemas/AzureOpenAIConfiguration/properties/azure_entra_client_secret/description,description,48,sha256-8ab4a9b52c557d85ca6d222867872e43e5e5f7f753ea5800f20adda92016effb
/components/schemas/AzureOpenAIConfiguration/properties/azure_entra_tenant_id/description,description,44,sha256-3fe810250c9fc20238e96a6c6a8522489e48c1e86950ba029515550458327773
/components/schemas/AzureOpenAIConfiguration/properties/azure_managed_client_id/description,description,54,sha256-cb2aadbe64006f5a34c606fce275a05c37a4516373d16becbbd73798192d94aa
/components/schemas/AzureOpenAIConfiguration/properties/azure_resource_name/description,description,26,sha256-fbc1c58485fb91d2298bb6091be420853fbbccc001810fefdf7cc9a46a63748a
/components/schemas/AzurePIIParameters/properties/apiVersion/description,description,38,sha256-d1944db2ad5808ce9278ad53468fbc46187d915a95bedf404e976b9eddb1db06
/components/schemas/AzurePIIParameters/properties/domain/description,description,23,sha256-d6c839f8412db5e15454ec6e1f9210c11a4624f87a87ca66d66944a265d9d560
/components/schemas/AzurePIIParameters/properties/modelVersion/description,description,41,sha256-0ad89f9c548b9e6223ea1d0fbfc1747328cbe48050b6fced65189ba50b20d2f3
/components/schemas/AzurePIIParameters/properties/redact/description,description,30,sha256-7dbf1ab9ec82b56b2bc493e7ffe9b82099178027e1f5144fe4568eff1291eb78
/components/schemas/AzurePIIParameters/properties/timeout/description,description,23,sha256-b113d346932d0df037b46e0fd1c42634a043759fb73ad34188a129d4070fb120
/components/schemas/BasicParameters/description,description,46,sha256-1be79e1aaf5fcad137cc5498b265b570f112ea40f7fc2c6cba80f786da454e6c
/components/schemas/Batch/properties/cancelled_at/description,description,65,sha256-ea1ad7300ddc010c28bbed95c8aa051c21410f10798df463591e215aaa663b6b
/components/schemas/Batch/properties/cancelling_at/description,description,70,sha256-a7c9e293c121f7ab7954e7b1e0922d60efa2ffb2fe1c05a5b1970747cd60ea74
/components/schemas/Batch/properties/completed_at/description,description,65,sha256-23900f4894094f8902ced550256e64ca88f9ac4af393f53437c0169c19b431ff
/components/schemas/Batch/properties/completion_window/description,description,58,sha256-639cc2495ba29b7caf98792c72b7d9813711e4ecca7c019bc68a01d12fa00951
/components/schemas/Batch/properties/created_at/description,description,63,sha256-da1982cf1de53085c48dfc57496716c5e09e2b35f0b0e8168e5da054cea686d8
/components/schemas/Batch/properties/endpoint/description,description,43,sha256-321e9a0886d3e411e7696cd6134e8418eb1ea11036f512874c2913b97b45ad5a
/components/schemas/Batch/properties/error_file_id/description,description,66,sha256-85a8bc85bbc5cad17c9209d0bc0d301b5277cce40eb64e0596a704e2f8caad6c
/components/schemas/Batch/properties/errors/properties/data/items/properties/code/description,description,41,sha256-02185e97e97159a1687e535a745680ba437b5ff0fd2ed5e9122c45e46d4d7427
/components/schemas/Batch/properties/errors/properties/data/items/properties/line/description,description,74,sha256-f1e8d0a4c3f7fb041dfcbdeea55ba9d1c07a68054d11f3a49960459a7d62a39d
/components/schemas/Batch/properties/errors/properties/data/items/properties/message/description,description,64,sha256-b39a204967b5fe09b86062fb9e334471537c01b06b7372ed727322cedef2152f
/components/schemas/Batch/properties/errors/properties/data/items/properties/param/description,description,63,sha256-9b36249befa9b13ed4339e7cea47fdf2449fc3392ff6465242a61d5ce4e74fe8
/components/schemas/Batch/properties/errors/properties/object/description,description,40,sha256-0d21fe35e62f38ca3c0105a4fa68c0b934c7dfc6eedccbdba5b170a5107a8c87
/components/schemas/Batch/properties/expired_at/description,description,59,sha256-1cb076984ae1855f5317466bef058905a6ceafaa975035fc893c39ec77c11cc0
/components/schemas/Batch/properties/expires_at/description,description,63,sha256-f40d20ecd9d4c844fc1aa0573870bd4d30b208f92b0cc2a4e833c31ae230dd0d
/components/schemas/Batch/properties/failed_at/description,description,58,sha256-95b274d8dfe02a24624c1181819c16711109af4b59984828a0fdccd0a160b0a4
/components/schemas/Batch/properties/finalizing_at/description,description,70,sha256-6d3e3dc863f7f20ec1281c0529635d6c68a17ef6fafc7ad1fc688a39bd275b4a
/components/schemas/Batch/properties/in_progress_at/description,description,70,sha256-81e1196f536f9cc2554f72e8deb540d94d60ffba1fcbe0e40a5fc335d6af95c7
/components/schemas/Batch/properties/input_file_id/description,description,39,sha256-7a3a7b9b102d778202fa480fd075b0e071ddacc1cec78bbe9890468e135c1ad4
/components/schemas/Batch/properties/metadata/description,description,251,sha256-aadc6b3206c81bd0e8d27ed365f2f94d919dccadd091177eb85e60996bf76904
/components/schemas/Batch/properties/object/description,description,41,sha256-684cb4a07ec8549614e197dee2358b0215f985fdd7164124df6f25df94c39388
/components/schemas/Batch/properties/output_file_id/description,description,76,sha256-154bbeca06d91a5a6da2d994e6a5d6d7eff6efaee2bb034d9647595839f970f3
/components/schemas/Batch/properties/request_counts/description,description,59,sha256-18bc8257d8519ab9a9f0ae49ea9771e8e32725a377e4227d88fa3003775b314d
/components/schemas/Batch/properties/request_counts/properties/completed/description,description,57,sha256-ef2eea081440730bca2c85e2ec8a642a24a0be3bde852948c02d1dea9666580f
/components/schemas/Batch/properties/request_counts/properties/failed/description,description,36,sha256-6d565c937b9ed331d13f2e2f69e76d9bff043895073a56f41fbf31f305346282
/components/schemas/Batch/properties/request_counts/properties/total/description,description,38,sha256-95ad4a552e46723b4116895aa0bca3612709c0f06b2e207296b1abcbd67f2669
/components/schemas/Batch/properties/status/description,description,32,sha256-7bf5f7ea3add11b95fcd8640da7b17d569fb726d773cad1ef2b4adbe3e962e37
/components/schemas/BatchRequestInput/description,description,43,sha256-d5c0c4eac87f163d81ab471b812251eb4a6c259e4c0914f1cb35ca7c47481b8e
/components/schemas/BatchRequestInput/properties/custom_id/description,description,125,sha256-a9f8559c8190bd2170f2434d45ab29fe1731b7c9580259e2ff8d16f02542cd31
/components/schemas/BatchRequestInput/properties/method/description,description,79,sha256-d2d03c013e7353a85f838da1f12bc8ddb39319db503ba0fcc454624bb742b08f
/components/schemas/BatchRequestInput/properties/url/description,description,145,sha256-6bf80c12f6252285088e8173b1b995d3de51d460a18c21d4c1cfdd69581b130d
/components/schemas/BatchRequestInput/x-code-samples,x-code-samples,284,sha256-190fbac43d0f5d55a85a38c64e39fba867fe749436f1c5594c04d0a9d825f63c
/components/schemas/BatchRequestOutput/description,description,55,sha256-b8898c319207829a6b8262bc6912fcb93a6b6cf2c7bf72720db0cb9aa3cf4e51
/components/schemas/BatchRequestOutput/properties/custom_id/description,description,81,sha256-f5e894f42ad40c54724ea9c62e955480364b42feb3646054a7fffac5d76397b5
/components/schemas/BatchRequestOutput/properties/error/description,description,111,sha256-a326262377ffce93f8c84da680bebf05fca243472951786fd2fac04c682bb3a4
/components/schemas/BatchRequestOutput/properties/error/properties/code/description,description,30,sha256-464a2e5a217382713c35039164a773e0622ca26bd00e2d6e0cea271aac426df9
/components/schemas/BatchRequestOutput/properties/error/properties/message/description,description,31,sha256-81ef68204ba40b16839a78b6f5809dcff8194f76429111d3f63dae4fa36af999
/components/schemas/BatchRequestOutput/properties/response/properties/body/description,description,29,sha256-2eb3f21d151cc02ace63321aa5d832882248fce900de5a01c2d352abe3af52cc
/components/schemas/BatchRequestOutput/properties/response/properties/request_id/description,description,120,sha256-4007e0be0bee09f074d2f856b4a68fa3973a90fb5d05efaaa448c887000f3c84
/components/schemas/BatchRequestOutput/properties/response/properties/status_code/description,description,36,sha256-cbfc88e84857e6ae6cc23b23e71842bf60179f8ad44a0102e4471c93abd09998
/components/schemas/BatchRequestOutput/x-code-samples,x-code-samples,521,sha256-dc14380f6535f0eada48797fac56fe593de19744462fa1ef075c46715f6bf381
/components/schemas/BedrockBatchJob/description,description,54,sha256-f8605151f0aa80b1cf05b77a9e926564b821364ccbd2fb9c1c7b89fb813803d3
/components/schemas/BedrockBatchJob/properties/job_name/description,description,26,sha256-16b3cb7ee23e6218296f15a7f5373fde31301ed5915df5e8dc1e177fb7c4a0cb
/components/schemas/BedrockBatchJob/properties/model/description,description,29,sha256-4cb5b6076824ca756c71b39a397c91264f3f685d7d962b2e21db78859c9defd8
/components/schemas/BedrockBatchJob/properties/output_data_config/description,description,97,sha256-3eb2e6f9cf8de5d226491cdbf30bbc6c17ecef291b8271a17de61f48c45524f5
/components/schemas/BedrockBatchJob/properties/role_arn/description,description,34,sha256-97dc924bae2675a1e2ca6a0328147391db63d44de52f404ed9dbc63b8b306e37
/components/schemas/BedrockBatchParams/properties/role_arn/description,description,34,sha256-97dc924bae2675a1e2ca6a0328147391db63d44de52f404ed9dbc63b8b306e37
/components/schemas/BedrockConfiguration/properties/aws_access_key_id/description,description,47,sha256-3e0a382b750066629e62d2119ff81a9f03f1e114458f25a95a1a8031df31736d
/components/schemas/BedrockConfiguration/properties/aws_auth_type/description,description,23,sha256-2a8a8d33d09cfb2fc0ec8f6623b54333422d706cb4dc60fdddb097f266fd4e9a
/components/schemas/BedrockConfiguration/properties/aws_external_id/description,description,47,sha256-fb773bfdbcf80cc3952d683d0ddbac7c115be7d75e12fc10eb6e50abfef7769d
/components/schemas/BedrockConfiguration/properties/aws_region/description,description,10,sha256-295e09c8d1998aed6691091e86687dae8f64d731b4b60dbcb38480be775af3d3
/components/schemas/BedrockConfiguration/properties/aws_role_arn/description,description,44,sha256-700e16105d541a1fbba01dbc4265f1eaf3b3d86ee2c2d551f17448e6faa5f9c9
/components/schemas/BedrockConfiguration/properties/aws_secret_access_key/description,description,51,sha256-dd0d395b5e1c5181095e9316ab25e308150b8da73b8e8a4bc67a6c156a16641e
/components/schemas/BedrockFinetuneJob/description,description,54,sha256-f8605151f0aa80b1cf05b77a9e926564b821364ccbd2fb9c1c7b89fb813803d3
/components/schemas/BedrockFinetuneJob/properties/job_name/description,description,37,sha256-4ffcfeb12a4b29f560e1c041154a707b875254c0621050db0e1e925b1bb611d6
/components/schemas/BedrockFinetuneJob/properties/output_file/description,description,95,sha256-2a51b1cad2917c6ffef86b6531867b86b4b5f3a7f5e06d96737c698763780b8a
/components/schemas/BedrockFinetuneJob/properties/role_arn/description,description,37,sha256-0e11da901fddb4d281e837b45f571d3f2a7ceb29d73449b8d3ce684607d5a865
/components/schemas/BedrockGuardParameters/properties/guardrailId/description,description,19,sha256-1903b20158cfbf0590f5e9cccba6993f4dec6856db0d0c58b044716abc96a97b
/components/schemas/BedrockGuardParameters/properties/guardrailVersion/description,description,31,sha256-637e2890fde18e041c8b3bbd1fe3a276e08cafc5b10df761974fa93f14e34b49
/components/schemas/BedrockGuardParameters/properties/redact/description,description,30,sha256-7dbf1ab9ec82b56b2bc493e7ffe9b82099178027e1f5144fe4568eff1291eb78
/components/schemas/BedrockGuardParameters/properties/timeout/description,description,23,sha256-b113d346932d0df037b46e0fd1c42634a043759fb73ad34188a129d4070fb120
/components/schemas/BedrockParams/properties/job_name/description,description,37,sha256-4ffcfeb12a4b29f560e1c041154a707b875254c0621050db0e1e925b1bb611d6
/components/schemas/BedrockParams/properties/output_file/description,description,95,sha256-2a51b1cad2917c6ffef86b6531867b86b4b5f3a7f5e06d96737c698763780b8a
/components/schemas/BedrockParams/properties/role_arn/description,description,37,sha256-0e11da901fddb4d281e837b45f571d3f2a7ceb29d73449b8d3ce684607d5a865
/components/schemas/BulkSyncMcpServerMappingsRequest/properties/mcp_servers/additionalProperties/properties/mcp_integration_capability_ids/description,description,145,sha256-d7dd2740cd730a7c344b2696dad5402dc3e5e9af926f81749f9bb7ad783bb1da
/components/schemas/BulkSyncMcpServerMappingsRequest/properties/mcp_servers/additionalProperties/properties/run_on/description,description,85,sha256-3d7d2c478556b257a6f5b986fb21f5797b394d9cb6377a9baa03df969fdcc139
/components/schemas/BulkSyncMcpServerMappingsRequest/properties/mcp_servers/description,description,166,sha256-4577b3f08fe52a5c5a4481ee79b2557150c856cbc4740e9ce4e1c8581ed09062
/components/schemas/BulkSyncMcpServerMappingsResponse/description,description,51,sha256-1fd969125b7856c908152618c32fcd32cf65d64f27be4486fd8b048f865ada25
/components/schemas/BulkSyncMcpServerMappingsResponse/properties/added/description,description,39,sha256-f625ff568364c61892e7918f46216bd871eb820fc320c0fa10f4d8633ab5720d
/components/schemas/BulkSyncMcpServerMappingsResponse/properties/changed/description,description,29,sha256-e3ae159618aed3bcb059f2896adf333ec9a875f4c96eeda93a79295f0925b1b9
/components/schemas/BulkSyncMcpServerMappingsResponse/properties/removed/description,description,37,sha256-8a91bb639ee2441ac99371724cf8b14cbf31f384f4e9ae8be82e9ad90a40194e
/components/schemas/BulkSyncMcpServerMappingsResponse/properties/updated/description,description,46,sha256-fb4119a7b9801d2e37365755c33954fcba241cf50578c825e2b9a6f38b02393f
/components/schemas/BulkUpdateMcpIntegrationWorkspaces/properties/workspaces/items/properties/id/description,description,20,sha256-93cedc7cc765d98072bd3ecdabf39951ee16537049f1a17c3de6248fa2ed2061
/components/schemas/BulkUpdateMcpServerUserAccess/properties/default_user_access/description,description,49,sha256-5254d01c48b0edf462b9c52c266d775ef8a1c58d43cf40b3db3db6951f12708c
/components/schemas/BulkUpdateMcpServerUserAccess/properties/user_access/items/properties/user_id/description,description,64,sha256-c54c82f5d28f60a778c1b01cdfac5773d88e538d7c95681dc7a944dc06bfc5ce
/components/schemas/BulkUpdateModelsRequest/properties/allow_all_models/description,description,38,sha256-b0557ce40ad623ad27cd685a9ae69e67508e072a5f3b13b423904627c864afff
/components/schemas/BulkUpdateWorkspacesRequest/properties/create_default_provider/description,description,133,sha256-77897eb2e0fbf1a2cbf6c0a554199a1983585399f143d91028701523504fecf8
/components/schemas/BulkUpdateWorkspacesRequest/properties/default_provider_slug/description,description,184,sha256-3d0ea1589c367783af7d58486b51e72cacccb02498ae478277f17d5141be77b5
/components/schemas/BulkUpdateWorkspacesRequest/properties/override_existing_workspace_access/description,description,54,sha256-91ce40bc2d89a5dae99d13c987e6705c414c0b00c65246f39f3fe0577aa5d826
/components/schemas/CharacterCountParameters/properties/maxCharacters/description,description,37,sha256-bba0d2a6a693aea6c61faa2da9cef363afec4c49ea859baf06f2880d0d1b9266
/components/schemas/CharacterCountParameters/properties/minCharacters/description,description,37,sha256-d3dd579b25bc060375a7efb39efc8e7e8954946c76445e5cc2aea50851603bd4
/components/schemas/CharacterCountParameters/properties/not/description,description,37,sha256-c2cbdfe359335d7beec75e2a2b737343c52eb675fb68e74c6930844d8e6fbdc3
/components/schemas/ChatCompletionFunctionCallOption/description,description,103,sha256-aff07de859b8a884d3d7b16ce1e9bd03b6f1c3c9da4461d70692181d17bbb533
/components/schemas/ChatCompletionFunctionCallOption/properties/name/description,description,33,sha256-5071f76f1de6ec37b0a6a97231e43974714b6432e8a3558a2da29e265c2a6b20
/components/schemas/ChatCompletionFunctions/properties/description/description,description,103,sha256-f285b390ab4351ad82494db1325f9d5f7ccf7f4ff05caa6a2a0c8148a430fbcf
/components/schemas/ChatCompletionFunctions/properties/name/description,description,125,sha256-d9563b6d387e152f7dadfb846165fb99eec3c785ac6356da53ada960000e3d2d
/components/schemas/ChatCompletionMessageContentBlock/description,description,48,sha256-0ef1a6086a3f4f02395ab8a28ec037bf7f98b0a688a40a16c65ab926a16638a9
/components/schemas/ChatCompletionMessageContentPartRedactedThinking/properties/data/description,description,30,sha256-df51b9c211d4fd98643ffbf8a42cb9cb5a514f59d432c3d361f806161bd2c32b
/components/schemas/ChatCompletionMessageContentPartRedactedThinking/properties/type/description,description,29,sha256-60043ec0c8bf317c8a58324356fbd91132f17c65cc4fb036970e47a90a09dc30
/components/schemas/ChatCompletionMessageContentPartThinking/properties/thinking/description,description,21,sha256-d8b1c84d81c5a2caea31f961427eb19f6ca8ce4685cb69642654a760e5459c68
/components/schemas/ChatCompletionMessageContentPartThinking/properties/type/description,description,29,sha256-60043ec0c8bf317c8a58324356fbd91132f17c65cc4fb036970e47a90a09dc30
/components/schemas/ChatCompletionMessageToolCall/properties/function/description,description,35,sha256-a379da2120daf1af8f10e3e9e0c1c9d3ec1a084376b635e56dd29be9654b7888
/components/schemas/ChatCompletionMessageToolCall/properties/function/properties/arguments/description,description,273,sha256-8f0e3275940e6fd677223214bde1d4c0afe1e6a04418db6a468d6dd449751de3
/components/schemas/ChatCompletionMessageToolCall/properties/function/properties/name/description,description,33,sha256-5071f76f1de6ec37b0a6a97231e43974714b6432e8a3558a2da29e265c2a6b20
/components/schemas/ChatCompletionMessageToolCall/properties/id/description,description,24,sha256-cde5552a13209900a43c5c5b4776857aa75ff63672ed1b91242836f35b03e646
/components/schemas/ChatCompletionMessageToolCall/properties/type/description,description,62,sha256-e3cd88e5faaa0e5eb6be01b74725fafd85b709bc919b0b8a560767b03670bace
/components/schemas/ChatCompletionMessageToolCallChunk/properties/function/properties/arguments/description,description,273,sha256-8f0e3275940e6fd677223214bde1d4c0afe1e6a04418db6a468d6dd449751de3
/components/schemas/ChatCompletionMessageToolCallChunk/properties/function/properties/name/description,description,33,sha256-5071f76f1de6ec37b0a6a97231e43974714b6432e8a3558a2da29e265c2a6b20
/components/schemas/ChatCompletionMessageToolCallChunk/properties/id/description,description,24,sha256-cde5552a13209900a43c5c5b4776857aa75ff63672ed1b91242836f35b03e646
/components/schemas/ChatCompletionMessageToolCallChunk/properties/type/description,description,62,sha256-e3cd88e5faaa0e5eb6be01b74725fafd85b709bc919b0b8a560767b03670bace
/components/schemas/ChatCompletionMessageToolCalls/description,description,62,sha256-13bad3394521c976b86935f17f061d1aae50400e978997e671ad122c5de7ea2a
/components/schemas/ChatCompletionNamedToolChoice/description,description,90,sha256-c0168d72f90a05718726af57a43cabbd27643c6fccbae786092dc9d57fce31c0
/components/schemas/ChatCompletionNamedToolChoice/properties/function/properties/name/description,description,33,sha256-5071f76f1de6ec37b0a6a97231e43974714b6432e8a3558a2da29e265c2a6b20
/components/schemas/ChatCompletionNamedToolChoice/properties/type/description,description,62,sha256-e3cd88e5faaa0e5eb6be01b74725fafd85b709bc919b0b8a560767b03670bace
/components/schemas/ChatCompletionRequestAssistantMessage/properties/content/description,description,101,sha256-5ccb15cf41f7f68c853efed2ac2187189e55c9f7280325b5cb6fff02d3b1f1ce
/components/schemas/ChatCompletionRequestAssistantMessage/properties/function_call/description,description,127,sha256-e2fae2643aadb5d0168d2ed97d2701d5db560e0f7910ed9f7b771e0f69228774
/components/schemas/ChatCompletionRequestAssistantMessage/properties/function_call/properties/arguments/description,description,273,sha256-8f0e3275940e6fd677223214bde1d4c0afe1e6a04418db6a468d6dd449751de3
/components/schemas/ChatCompletionRequestAssistantMessage/properties/function_call/properties/name/description,description,33,sha256-5071f76f1de6ec37b0a6a97231e43974714b6432e8a3558a2da29e265c2a6b20
/components/schemas/ChatCompletionRequestAssistantMessage/properties/name/description,description,124,sha256-f0d227d163aa29c7ed093d51f7c1b2eef68eb5f25d10ee6e8dc3abb3c855a4fb
/components/schemas/ChatCompletionRequestAssistantMessage/properties/role/description,description,58,sha256-02aab066b22c1489fcb6581dc5a768b73aa135a04ce8ae570bad0c4d9a857ab5
/components/schemas/ChatCompletionRequestDeveloperMessage/description,description,190,sha256-8b7fda691885d2df66cb76ea0c325b393c0544903f94ea671de6409074c239e3
/components/schemas/ChatCompletionRequestDeveloperMessage/properties/content/description,description,38,sha256-839ad1509974ba6c634907c29a558fdef48931e1eff65d9e4e068a1142f5bf0c
/components/schemas/ChatCompletionRequestDeveloperMessage/properties/name/description,description,124,sha256-f0d227d163aa29c7ed093d51f7c1b2eef68eb5f25d10ee6e8dc3abb3c855a4fb
/components/schemas/ChatCompletionRequestDeveloperMessage/properties/role/description,description,58,sha256-af9327f959a373e1920c4b3a96d119ad7fd51523d119a9e09fdb4fde3a9088bf
/components/schemas/ChatCompletionRequestFunctionMessage/properties/content/description,description,37,sha256-e9386b40d74de0951b6dd3dece259ab522164d10ab8eac26dcbc2f72ae356aeb
/components/schemas/ChatCompletionRequestFunctionMessage/properties/name/description,description,33,sha256-5071f76f1de6ec37b0a6a97231e43974714b6432e8a3558a2da29e265c2a6b20
/components/schemas/ChatCompletionRequestFunctionMessage/properties/role/description,description,57,sha256-372628e93e97a77fadad17bf877c863ba7fe9fcd87d344568ba43c8d7e0435bd
/components/schemas/ChatCompletionRequestMessageContentPartImage/properties/image_url/properties/detail/description,description,163,sha256-8a7310b935dccbbfbae01ec21bb6689c6c1f6a5ad3052eef2fe4b03e9a3a15b5
/components/schemas/ChatCompletionRequestMessageContentPartImage/properties/image_url/properties/url/description,description,59,sha256-f2c0c4e7f9be2eff4c9aee55b9438e242ca7ee96292db077056afd2f5daa6efa
/components/schemas/ChatCompletionRequestMessageContentPartImage/properties/type/description,description,29,sha256-60043ec0c8bf317c8a58324356fbd91132f17c65cc4fb036970e47a90a09dc30
/components/schemas/ChatCompletionRequestMessageContentPartText/properties/text/description,description,17,sha256-97e6ec71b237880ed32dfed851dd08c072d93d82323422f9b1b01e8fc136d8c4
/components/schemas/ChatCompletionRequestMessageContentPartText/properties/type/description,description,29,sha256-60043ec0c8bf317c8a58324356fbd91132f17c65cc4fb036970e47a90a09dc30
/components/schemas/ChatCompletionRequestSystemMessage/properties/content/description,description,35,sha256-d49a19270e9cf91f29e72824a717e06b1e1a848438800ab798159b604d911c5e
/components/schemas/ChatCompletionRequestSystemMessage/properties/name/description,description,124,sha256-f0d227d163aa29c7ed093d51f7c1b2eef68eb5f25d10ee6e8dc3abb3c855a4fb
/components/schemas/ChatCompletionRequestSystemMessage/properties/role/description,description,55,sha256-efcb62d255c52c698245cc7e0300383133c840a1e35640c9172077122c2c191f
/components/schemas/ChatCompletionRequestToolMessage/properties/content/description,description,33,sha256-5e2e78528cad430e1e4b707a9a02470e15e2274ff25b0b4823d6a2fd2d323c21
/components/schemas/ChatCompletionRequestToolMessage/properties/role/description,description,53,sha256-c403074e89921db639726e46526bc0ea1ba4929c961d053ecde9e985c27d2151
/components/schemas/ChatCompletionRequestToolMessage/properties/tool_call_id/description,description,45,sha256-373b2a8fabc4d4c7d50ca7c24777e593b47aee0a99f890fbe41afa85d4e0f5c2
/components/schemas/ChatCompletionRequestUserMessage/properties/content/description,description,34,sha256-0a7084b72347a1477b1f228b6579cc30b9ca58cf62c1db6a3314236cd69dbd29
/components/schemas/ChatCompletionRequestUserMessage/properties/content/oneOf/0/description,description,33,sha256-3551d109ef78df758e8d3d0bad4d1078007e47cc193d54b9cc4909a3a6e53b0d
/components/schemas/ChatCompletionRequestUserMessage/properties/content/oneOf/1/description,description,262,sha256-2ebeddc194d01909ad9c5e10076d8d5c253bcef17f56b5c7d367919760f5a936
/components/schemas/ChatCompletionRequestUserMessage/properties/name/description,description,124,sha256-f0d227d163aa29c7ed093d51f7c1b2eef68eb5f25d10ee6e8dc3abb3c855a4fb
/components/schemas/ChatCompletionRequestUserMessage/properties/role/description,description,53,sha256-fd2722a70b8d752aa8d3a670e6df59901ab5c8a03a9617e06fe58f28f2c54ecc
/components/schemas/ChatCompletionResponseMessage/description,description,49,sha256-afce81d3bcc13d4689be03339518e612ba86a5b5b1082f3bddbbfec02ce1117a
/components/schemas/ChatCompletionResponseMessage/properties/content/description,description,28,sha256-c06e5fa1643c022c390cc5aafebe9ebecb969dd79f4b2370e13527f15eaa5411
/components/schemas/ChatCompletionResponseMessage/properties/content_blocks/description,description,126,sha256-8d80a475413eaa9ecfb8fb507793d5338487a7e77671b8ed61adae0e52fd1cbe
/components/schemas/ChatCompletionResponseMessage/properties/function_call/description,description,127,sha256-e2fae2643aadb5d0168d2ed97d2701d5db560e0f7910ed9f7b771e0f69228774
/components/schemas/ChatCompletionResponseMessage/properties/function_call/properties/arguments/description,description,273,sha256-8f0e3275940e6fd677223214bde1d4c0afe1e6a04418db6a468d6dd449751de3
/components/schemas/ChatCompletionResponseMessage/properties/function_call/properties/name/description,description,33,sha256-5071f76f1de6ec37b0a6a97231e43974714b6432e8a3558a2da29e265c2a6b20
/components/schemas/ChatCompletionResponseMessage/properties/role/description,description,39,sha256-7e925967b0df36b80cf0b3f69a004378927ad48de10667d2cb78a8a1424e4937
/components/schemas/ChatCompletionRole/description,description,35,sha256-c7182114aa43ae829f05e36946f1fe683c84151e12bc088090ba54bd9345ef14
/components/schemas/ChatCompletionStreamOptions/description,description,75,sha256-a28f5f3f370407027229073b6f824bbe4bc63fef63d6fa38ec70bc0bdbc265f3
/components/schemas/ChatCompletionStreamOptions/properties/include_usage/description,description,299,sha256-5b3e75d6d6854fd877c10da88ca955b41476a51e45f88c496a671fe9a62baee7
/components/schemas/ChatCompletionStreamResponseDelta/description,description,62,sha256-f3661413e7aa8f73b17a42316830362ca7fcded0616415dd08dc1832ddd666a0
/components/schemas/ChatCompletionStreamResponseDelta/properties/content/description,description,34,sha256-20b8fa74c57a3f3681050cb7bc442bfdb7820fb47d1c4a0d6c5c158126dfd873
/components/schemas/ChatCompletionStreamResponseDelta/properties/function_call/description,description,127,sha256-e2fae2643aadb5d0168d2ed97d2701d5db560e0f7910ed9f7b771e0f69228774
/components/schemas/ChatCompletionStreamResponseDelta/properties/function_call/properties/arguments/description,description,273,sha256-8f0e3275940e6fd677223214bde1d4c0afe1e6a04418db6a468d6dd449751de3
/components/schemas/ChatCompletionStreamResponseDelta/properties/function_call/properties/name/description,description,33,sha256-5071f76f1de6ec37b0a6a97231e43974714b6432e8a3558a2da29e265c2a6b20
/components/schemas/ChatCompletionStreamResponseDelta/properties/role/description,description,39,sha256-7e925967b0df36b80cf0b3f69a004378927ad48de10667d2cb78a8a1424e4937
/components/schemas/ChatCompletionTokenLogprob/properties/bytes/description,description,306,sha256-8834bc3db3624bfc145a7f4ee48da364e9d6adaf18da86c040615ad843215672
/components/schemas/ChatCompletionTokenLogprob/properties/logprob/description,description,164,sha256-5e2f3b060326272906e77bedcea7eb66b564a091aaf81d408033b3d6d1d6652c
/components/schemas/ChatCompletionTokenLogprob/properties/token/description,description,10,sha256-a9a69bdae6c080bf96f63383c1e1b29b1e073adefcbdb665c012474d7c98a84b
/components/schemas/ChatCompletionTokenLogprob/properties/top_logprobs/description,description,169,sha256-861bb24f85c0c44ad23ae9cc98015e28039a38c952607a37955f7a6c4337567e
/components/schemas/ChatCompletionTokenLogprob/properties/top_logprobs/items/properties/bytes/description,description,306,sha256-8834bc3db3624bfc145a7f4ee48da364e9d6adaf18da86c040615ad843215672
/components/schemas/ChatCompletionTokenLogprob/properties/top_logprobs/items/properties/logprob/description,description,164,sha256-5e2f3b060326272906e77bedcea7eb66b564a091aaf81d408033b3d6d1d6652c
/components/schemas/ChatCompletionTokenLogprob/properties/top_logprobs/items/properties/token/description,description,10,sha256-a9a69bdae6c080bf96f63383c1e1b29b1e073adefcbdb665c012474d7c98a84b
/components/schemas/ChatCompletionTool/properties/type/description,description,62,sha256-e3cd88e5faaa0e5eb6be01b74725fafd85b709bc919b0b8a560767b03670bace
/components/schemas/ChatCompletionToolChoiceOption/description,description,502,sha256-048f0ee674c132e5c91063c9334cb244647b97e1307a832a14611d79225ad071
/components/schemas/ChatCompletionToolChoiceOption/oneOf/0/description,description,226,sha256-108333a2d5b5f5f463bab9d5710bd893a1811dbe984710bb820efd5ad08df556
/components/schemas/ChunkingStrategyRequestParam/description,description,90,sha256-168682c67c7c57616a9218f89d93effa6a5dc544675dce7bf40602b7906340d2
/components/schemas/Click/description,description,16,sha256-e3fd0efc310344633010e705b857b1a43ec0a8a19eae88e6dc4686f349c68ba1
/components/schemas/Click/properties/button/description,description,114,sha256-ddfb971abf268dffa3c56ec6cf6b66e2d0a39b21d45a71425d7b51f25aa3bb1a
/components/schemas/Click/properties/type/description,description,87,sha256-aaf1b34e2bc751ce15abd1effb3070c22e2643e79501f5eee4cfc7b4ab401e0f
/components/schemas/Click/properties/x/description,description,43,sha256-781463321580d9907892f192e702612870e17398721c6e49edc111016acbd7d3
/components/schemas/Click/properties/y/description,description,43,sha256-935c8df20b379e22d39189717ba6364dac8d823de72e860bee1b73c724dd5d38
/components/schemas/CodeInterpreterFileOutput/description,description,59,sha256-19f11afbabb2e15a3a7b45b34c51c8bf906f068adb4d58b8a4712b87dee7d3de
/components/schemas/CodeInterpreterFileOutput/properties/files/items/properties/file_id/description,description,20,sha256-b938e8fb63fc0b7b9fd75bbfae8f830c974f1f88913b12f2ee469047e82323b0
/components/schemas/CodeInterpreterFileOutput/properties/files/items/properties/mime_type/description,description,27,sha256-cf3bc07704807de47cfa53d354a99d81f4d82661d73b7648718d8aa2ab0a27c2
/components/schemas/CodeInterpreterFileOutput/properties/type/description,description,62,sha256-b665eb14ba522cc16f82063ac5ee52d280ec0a237f57744f651b31d8cd02aac2
/components/schemas/CodeInterpreterTextOutput/description,description,57,sha256-5a62037dcaa4676c9c1b352080bb6fedbc5e37e0bb4191d4e3aa24cf6d2d80d9
/components/schemas/CodeInterpreterTextOutput/properties/logs/description,description,44,sha256-1114aebb4525ca955b67e8916ce4cd514a757af20992a4983edccce41a85fef8
/components/schemas/CodeInterpreterTextOutput/properties/type/description,description,61,sha256-b1ab132acd1ec5f40e2751e191d716dff54ebaddfa172d2d957f43670724c09e
/components/schemas/CodeInterpreterTool/description,description,23,sha256-d86cb6164ffbdc1c5f0e8a3fb06ace1ef3963352fc0300bae0ce0f11cef36d40
/components/schemas/CodeInterpreterTool/properties/file_ids/description,description,41,sha256-eb807ae221836fec7661471cd87917f3745bc13f0e955998f0d05bfc7cf35630
/components/schemas/CodeInterpreterTool/properties/type/description,description,66,sha256-13d59ef1c366d133aed8afe4724b915fd7d0b734ff426f7c8efa1aaf47d0acb6
/components/schemas/CodeInterpreterToolCall/description,description,25,sha256-21c49b081c297b322f82bfa408598a584195ed16e4d67d27796ec61a64aa19f7
/components/schemas/CodeInterpreterToolCall/properties/code/description,description,17,sha256-59ed71140833d751d2364f3f413d26f2276289cabc33c343300aa97b5e09b191
/components/schemas/CodeInterpreterToolCall/properties/id/description,description,49,sha256-6a3bfff022ac71c6d3e8de07f19cbcc1d5f04c8ae0db0ba886d2060503758b90
/components/schemas/CodeInterpreterToolCall/properties/results/description,description,47,sha256-4e12265e39346dc84119c42849601d249c41c857517ac1b873f491d11ab534a8
/components/schemas/CodeInterpreterToolCall/properties/status/description,description,46,sha256-d47be182825eaaee8a5ebf093a62e31df62a8f423fe242ba064d5a553b8d4f86
/components/schemas/CodeInterpreterToolCall/properties/type/description,description,76,sha256-de120d7cdf7e7c41a1947f57dc20cad3fbd6119b728aa4a53e55690f655ae614
/components/schemas/CommonBatchParams/properties/job_name/description,description,26,sha256-16b3cb7ee23e6218296f15a7f5373fde31301ed5915df5e8dc1e177fb7c4a0cb
/components/schemas/CommonBatchParams/properties/model/description,description,29,sha256-4cb5b6076824ca756c71b39a397c91264f3f685d7d962b2e21db78859c9defd8
/components/schemas/CommonBatchParams/properties/output_data_config/description,description,97,sha256-3eb2e6f9cf8de5d226491cdbf30bbc6c17ecef291b8271a17de61f48c45524f5
/components/schemas/ComparisonFilter/description,description,106,sha256-0b9c1576834fd7aa6fd5ae48020fb9ccdd7e823885704681bf0530c189ca4d4b
/components/schemas/ComparisonFilter/properties/key/description,description,37,sha256-b3f9e8c92ea5d9d52b4073a140325377e682d7a61d7c9f729b0cb108cada91ce
/components/schemas/ComparisonFilter/properties/type/description,description,204,sha256-8b3fe7dbd30cbae28d84d4999585eaf36ffa2b7fde0da04556229c45cc789c03
/components/schemas/ComparisonFilter/properties/value/description,description,90,sha256-fc2a61b19318ffa3c93e45d3983884aa7ac9241785026d2c78fadf45ac67f187
/components/schemas/CompleteUploadRequest/properties/md5/description,description,105,sha256-4a0d130ef981474cc6a93aa14adbdc0625f35aa846cbee2b6c89e6fda97c4a62
/components/schemas/CompleteUploadRequest/properties/part_ids/description,description,30,sha256-a234ceb66a43629e5f641d9765fe79ce742dcabd02ae790d7713e8df1a2af221
/components/schemas/CompletionUsage/description,description,44,sha256-c152d4470e2f5bbe80977c4eaeb9cc9117bc56791ee8a48282c727873cf1e0eb
/components/schemas/CompletionUsage/properties/completion_tokens/description,description,45,sha256-f893470a38c1faabae48fd069c324e428403c4f9ec5e52d6dca9536cfb45e260
/components/schemas/CompletionUsage/properties/completion_tokens_details/description,description,41,sha256-b7b55a209a241f266d8bbe50dd31cc61d6f2109f8717bb380501348df34afbc3
/components/schemas/CompletionUsage/properties/completion_tokens_details/properties/accepted_prediction_tokens/description,description,101,sha256-bd7e502ea6eab29fbdd9d66c5017ace94ef02c25ed7b4650f0a61faf029182cb
/components/schemas/CompletionUsage/properties/completion_tokens_details/properties/reasoning_tokens/description,description,44,sha256-4e2eaeb5601a0a859951ef0a3b8f96aea6848e15b3fed13a4dbcdb0f06b3f490
/components/schemas/CompletionUsage/properties/completion_tokens_details/properties/rejected_prediction_tokens/description,description,107,sha256-950e203648bbe8f17f67bad6cf307375a513e6f95e7f1a11697441f700e31b28
/components/schemas/CompletionUsage/properties/prompt_tokens/description,description,31,sha256-5bdf85d3f5bb4056c580fec5e134e5260e850f0a0586ddca6c2b79de31d78ded
/components/schemas/CompletionUsage/properties/prompt_tokens_details/description,description,39,sha256-7d6b9c3c63278c399debfe02cadb7865b3ec3c1d47488d5bff97a6559c0c9ec5
/components/schemas/CompletionUsage/properties/prompt_tokens_details/properties/cached_tokens/description,description,36,sha256-e06902dcaa6e1f67a5ffc1ef982144087805bbe2909a6910c722bc2af84e52e4
/components/schemas/CompletionUsage/properties/total_tokens/description,description,65,sha256-c39025e3ca2bbbde343660ca69d51e329f52d13fbf56b6cfaf81977cb51a3a7f
/components/schemas/CompoundFilter/description,description,45,sha256-9165a35bf810c7320a67064ef4cad7f049bd4d52fa6d687f0d5e1a839274f9fb
/components/schemas/CompoundFilter/properties/filters/description,description,81,sha256-0fc4dc5337df71b3f5852550b5f263921e8c5bc8f54a72f3691b486f48feb4fb
/components/schemas/CompoundFilter/properties/type/description,description,33,sha256-f01a514bf777909354bb1bc41880d8f0401a0cf79c96d278b7841a9aade97a8e
/components/schemas/ComputerScreenshotImage/description,description,61,sha256-c4ebc4e6ab90cef3a41cc69891b58b4ad5cad4dc731ce499d05ada0930ff8188
/components/schemas/ComputerScreenshotImage/properties/file_id/description,description,64,sha256-a6de59fd43ee8e67820d50530d8e1027a149131a673a3c32ddd937052437df18
/components/schemas/ComputerScreenshotImage/properties/image_url/description,description,32,sha256-5a98c57dce32c2768dac844f782f5152aeeb121b3da691b2c520c47affb63932
/components/schemas/ComputerScreenshotImage/properties/type/description,description,108,sha256-e53b99e006a114517ca9df2c0c7c057c9fe4c504b16544599dc468dfda0bee01
/components/schemas/ComputerTool/description,description,113,sha256-0376d0c6bf18777cff0b34f7421e85cf530110a9eb81a900fd64c469ec8b47e4
/components/schemas/ComputerTool/properties/display_height/description,description,36,sha256-6fca263498b512008b355bf29b19e6cb05f0a6bdf994df7a7f2970b858412d16
/components/schemas/ComputerTool/properties/display_width/description,description,35,sha256-3f24c07ed7f2067359cb7dbb651f49114b91b373d11c10badf39c12a801b424b
/components/schemas/ComputerTool/properties/environment/description,description,45,sha256-67e9aee4fc83385701998ff8bcdd594e380ca5253cc5add2347bb7c7856deefb
/components/schemas/ComputerTool/properties/type/description,description,66,sha256-008d7c3673cc017314c5d0b0e683a5131ea2cd1fa1aaada934b2c56a23c0595b
/components/schemas/ComputerToolCall/description,description,121,sha256-47f72c918a0d9559e952f75883731a3aa0e3b229e94253f8bd094458b351280c
/components/schemas/ComputerToolCall/properties/call_id/description,description,65,sha256-11127a13614ee17f44d1c4308868c8bbc9bbbfe8d9ab0381f08cdde1e474feb5
/components/schemas/ComputerToolCall/properties/id/description,description,35,sha256-908e9f0e2962ded190931760fd0c3648608c1387f431456a05960de56cb9c607
/components/schemas/ComputerToolCall/properties/pending_safety_checks/description,description,49,sha256-4ef0a70b939c4f5c367a52c87513d8173988c1e9a1650b2ed62570d485941589
/components/schemas/ComputerToolCall/properties/status/description,description,119,sha256-d33718131f994aa5c1277ff4e650160459c868e1deab9087352ccda23a41778b
/components/schemas/ComputerToolCall/properties/type/description,description,54,sha256-27b0e5a464289944807b94339a783b25786ea0d9fe26785084e8411416781262
/components/schemas/ComputerToolCallOutput/description,description,36,sha256-40c2d7f5d8193c7cfdd1548570968432e25641f029d1ae13e8ec9e269a16e1ec
/components/schemas/ComputerToolCallOutput/properties/acknowledged_safety_checks/description,description,85,sha256-09d2fb209cd5d6310f7ec1b009428e6ed9b39a8dc88a4a0717c8be9427c9167f
/components/schemas/ComputerToolCallOutput/properties/call_id/description,description,59,sha256-a24645ecd1bc6302654296acaf144881338c4430491d0230eac794268346a4a5
/components/schemas/ComputerToolCallOutput/properties/id/description,description,41,sha256-b292846d64d31f7e72e9b019345be3f07fb0d9626d64fb2d7b4d10a05cb25e39
/components/schemas/ComputerToolCallOutput/properties/status/description,description,134,sha256-f9f556e7d353afc1a27b8ab7df531535940eb8ed1dcce5a955e1d5ae73f02f50
/components/schemas/ComputerToolCallOutput/properties/type/description,description,74,sha256-b6e5fab86fa22cbaa5065fc80c70c8a76c7c1a4148e31d4e62615594a622ebc7
/components/schemas/ComputerToolCallOutputResource/allOf/1/properties/id/description,description,48,sha256-3b678ce8bcab119a4b6cda72d11092d796d5e7df3811171c37ca494772e25b78
/components/schemas/ComputerToolCallSafetyCheck/description,description,46,sha256-9135132b012087f7917e8d1920246115eff5666ba58fd8fd63512514ef5c7b79
/components/schemas/ComputerToolCallSafetyCheck/properties/code/description,description,37,sha256-3962f95d666658c27bc059f91029c278463be63f591b9b7c390d399079bcf12e
/components/schemas/ComputerToolCallSafetyCheck/properties/id/description,description,35,sha256-4aa72d8de929777fd2047212eb13ff25d686f294d7112957e0ef374c00045fa0
/components/schemas/ComputerToolCallSafetyCheck/properties/message/description,description,39,sha256-3fa41e789d17178752dd36f09102d0ee70998e40cdb6a1bd751b0e0f1e23f58a
/components/schemas/Condition/properties/excludes/description,description,34,sha256-cf79664d0a6f7f898b7ead1d7ecfe15dcd2429e90e1b7ed0abe4cef27a98b424
/components/schemas/Condition/properties/key/description,description,842,sha256-b612f6024c417603427a5c293079f998930f1e07e2f37574a707e8b77f2bc102
/components/schemas/Condition/properties/key/example,example,7,sha256-2e9bc6c94a4cbdfe2a31d2df79103a5eb3702eaf5d7018d47a774e9540a8ec29
/components/schemas/Condition/properties/value/description,description,121,sha256-a443d78866998858575eeffb9d3a0600b1439225556493ffd55892a967dfd715
/components/schemas/Condition/properties/value/example,example,1,sha256-684888c0ebb17f374298b65ee2807526c066094c701bcc7ebbe1c1095f494fc1
/components/schemas/ContainsCodeParameters/properties/format/description,description,24,sha256-1dbb6a8f7669455dc31395c34f4b4e317548002bc2a0e4f7a6d66ed8420d47da
/components/schemas/ContainsCodeParameters/properties/not/description,description,37,sha256-c2cbdfe359335d7beec75e2a2b737343c52eb675fb68e74c6930844d8e6fbdc3
/components/schemas/ContainsParameters/properties/operator/description,description,33,sha256-97a342cf1e5f0c0a953960b050f8f44eccc7a6f214c25b2749b31dbd27d7432d
/components/schemas/ContainsParameters/properties/words/description,description,29,sha256-1cbbad7f70e74a590dd27d97d3fb64d9ca706a2bdc1078a507388a14b6fa3b37
/components/schemas/Content/description,description,39,sha256-31081444a81b7e030175d2199087d3fc52895af2f6629bbd58812d55676d6402
/components/schemas/Coordinate/description,description,51,sha256-3ddc28824a3516ec73fcd9fc4eeb8070663b6eccff2297b10660f86535c23f37
/components/schemas/Coordinate/properties/x/description,description,18,sha256-61c8195f90f83f93ca47080cb43e8e3c12fc20edcd7bad28b9e050749661ac7b
/components/schemas/Coordinate/properties/y/description,description,18,sha256-36946a191508665e2ff18aa1dae40133c0cb229035c8e074965d2025c5200202
/components/schemas/CortexConfiguration/properties/snowflake_account/description,description,28,sha256-e026a41a6f6cc4e9e0cf68a402f451a2df9fd152d011c548ca572708cb4b322c
/components/schemas/CostsResult/description,description,57,sha256-2e192d0116b109eda4bebf747ec37861df654fbd314aa9386d9a82b5ba1f00ae
/components/schemas/CostsResult/properties/amount/description,description,46,sha256-29123eacb8b4060c6733dad53c078d93cac59a1ba60fb357774e7dbe7f36d9c0
/components/schemas/CostsResult/properties/amount/properties/currency/description,description,38,sha256-30448597136d7f4dda9631bce86084ab01ee5eb07c9c3c612376d57cdb0cbd4a
/components/schemas/CostsResult/properties/amount/properties/value/description,description,30,sha256-6f09867f355ded10d3cd0a73d81774fc54b3785f811203428a64746edc05428f
/components/schemas/CostsResult/properties/line_item/description,description,89,sha256-bf940f16bd199769a5ad05b8551d4d59165a54b26b83251f71c6ec9a27e6487d
/components/schemas/CostsResult/properties/project_id/description,description,91,sha256-a1c8b5708029b6b0c9015c92b1508e4792abd378128207892fd14f0f40a58ddd
/components/schemas/CreateApiKeyObject/properties/alert_emails/items/example,example,11,sha256-0c7e6a405862e402eb76a70f8a26fc732d07c32931e9fae9ab1582911d2e8a3b
/components/schemas/CreateApiKeyObject/properties/defaults/properties/allow_config_override/description,description,70,sha256-18edc92344e1421000518a7d1b137377a3063fe23c7e1d678d42e7b2d64c469f
/components/schemas/CreateApiKeyObject/properties/defaults/properties/allow_config_override/example,example,10,sha256-b7b277441e695c442b2f5a4c24f73e1f7ed0b561ad375778b3bbb885b8d11afa
/components/schemas/CreateApiKeyObject/properties/defaults/properties/config_id/example,example,10,sha256-7ef1a61df79f0796992d8aad74b09ed5168ced88e160a4d452fa53f67b369e9f
/components/schemas/CreateApiKeyObject/properties/defaults/properties/metadata/example,example,39,sha256-2c262d7e053e4f37e2f6f9eb4735fbcca5949c20d1f38465187cd6f73fcf55fa
/components/schemas/CreateApiKeyObject/properties/description/example,example,35,sha256-691d89c7f0eb522b07788f1969f7e221b5c3481989a1affaa7853853b2fb6d5e
/components/schemas/CreateApiKeyObject/properties/expires_at/description,description,105,sha256-3ae4c104fa92b1ccb1c38a3af37b9fc470f4cc86e010e91277a10614c65249cd
/components/schemas/CreateApiKeyObject/properties/expires_at/example,example,20,sha256-8513c7bc4e81a37fb11e09700b98b696a813ea5416521a7c3863c001b102bb6d
/components/schemas/CreateApiKeyObject/properties/name/example,example,19,sha256-9d2eb4c5faf05b2e29db4c900c952e94b03d23f347c978ace73d8a4c8d7b8ff2
/components/schemas/CreateApiKeyObject/properties/organisation_id/description,description,91,sha256-21c03002ba42d6cf9001d26fd3cb9e3663f9f4a530c0d1f89e12199e0b5de258
/components/schemas/CreateApiKeyObject/properties/organisation_id/example,example,36,sha256-a447ee1578a84992cb7a7ce115d8c83d9a3a600d9ecb42c1638321e696418bce
/components/schemas/CreateApiKeyObject/properties/rate_limits/items/properties/type/example,example,8,sha256-ec72420df5dfbdce4111f715c96338df3b7cb75f58e478d2449c9720e560de8c
/components/schemas/CreateApiKeyObject/properties/rate_limits/items/properties/unit/description,description,72,sha256-af8863037f183da5f4fd2c1ea1870c14d805051d6a1d8fed93818140e9ee5a00
/components/schemas/CreateApiKeyObject/properties/rate_limits/items/properties/unit/example,example,3,sha256-9e7ab438597fee20e16e8e441bed0ce966bd59e0fb993fa7c94be31fb1384d88
/components/schemas/CreateApiKeyObject/properties/rate_limits/items/properties/value/example,example,8,sha256-1aab8ebdafee212923f0d79343279ca8ec3083564893367228d18e9fd7acd027
/components/schemas/CreateApiKeyObject/properties/rotation_policy/description,description,90,sha256-9a9392bd6d63869929088f4e2dff292f443c8284bf1ea2e3ff8aa68878f9eb90
/components/schemas/CreateApiKeyObject/properties/rotation_policy/properties/key_transition_period_ms/description,description,158,sha256-86b78b88585597f24f38703a628f14ca9977d98eed3e42ab233219151db579e4
/components/schemas/CreateApiKeyObject/properties/rotation_policy/properties/key_transition_period_ms/example,example,12,sha256-7e1079f287d251758626e14a7ef7d61db50479f0484ec0602875a481408f1a05
/components/schemas/CreateApiKeyObject/properties/rotation_policy/properties/next_rotation_at/description,description,81,sha256-31ee3dda9cc35e878feb7c606965224b7c7c12486df23a76102c4e00a3d2f799
/components/schemas/CreateApiKeyObject/properties/rotation_policy/properties/next_rotation_at/example,example,20,sha256-54a29bae50a762ea830ec8b49877b088cf5c41e6f3876181419e8df31dc7db44
/components/schemas/CreateApiKeyObject/properties/rotation_policy/properties/rotation_period/description,description,42,sha256-ff828a10b3725fa8b7bcaefd9cd648f9a42faac6be43fd3a84b2d788630326bc
/components/schemas/CreateApiKeyObject/properties/rotation_policy/properties/rotation_period/example,example,7,sha256-9169e3ca73eeb47d29e92532bcc0ffd1f22178bc26e73bf6e466f0aefadb8b50
/components/schemas/CreateApiKeyObject/properties/scopes/example,example,20,sha256-e8340cd89c23bbcbda31321959036364f84e71086470a5b43fd768e97353dd4d
/components/schemas/CreateApiKeyObject/properties/user_id/description,description,93,sha256-20b20792ebc70d6c7c1dcbd548f0328452f55f26b29cdb931fbb1ae25b535387
/components/schemas/CreateApiKeyObject/properties/user_id/example,example,36,sha256-70032b0b9c0f8f92b027ce6ab475c9fc47fab5996e872f2e71d7e2a22c59d3d7
/components/schemas/CreateApiKeyObject/properties/workspace_id/example,example,14,sha256-5d368921185c6fb4b3fb486d198692616e9ad2d752da99ceaae60250ef11dd5f
/components/schemas/CreateAssistantRequest/properties/description/description,description,72,sha256-8de7ba11af04038b22546b97888e3cace7054a386cc474d53e9dfef1031d54fb
/components/schemas/CreateAssistantRequest/properties/instructions/description,description,91,sha256-a13cbf36c76dd70a81bbfdcdb58e5a11e01a2635e333602a2a7458fc8bc4d4c0
/components/schemas/CreateAssistantRequest/properties/metadata/description,description,251,sha256-aadc6b3206c81bd0e8d27ed365f2f94d919dccadd091177eb85e60996bf76904
/components/schemas/CreateAssistantRequest/properties/model/description,description,259,sha256-4dc5a6c9a7e421b736bdcd878b7f1688ffaa31fc2b69eded00ab8015bacb3cba
/components/schemas/CreateAssistantRequest/properties/model/example,example,11,sha256-3b6887a88871f3351ad7ed9d67580d4fc62d5182544cd57e269bebdd0d492eb9
/components/schemas/CreateAssistantRequest/properties/name/description,description,65,sha256-ef68e3c36d8bc403a1c97ffc44d22f998f1de2d7dbb63a648687aef862d3099e
/components/schemas/CreateAssistantRequest/properties/temperature/description,description,181,sha256-8f1311d8a1bf5bb43b88292524d8485d33e83ee79c500dabb5e9b658ff00a53f
/components/schemas/CreateAssistantRequest/properties/temperature/example,example,6,sha256-0b6477aecfbf4beb7578413d2833a505e8f36d56a749ed3fcc43f85c537408d9
/components/schemas/CreateAssistantRequest/properties/tool_resources/description,description,243,sha256-672ec280aebedd784ba67dc3efaa032eb84e5706011681c9e6693dfc222863c8
/components/schemas/CreateAssistantRequest/properties/tool_resources/properties/code_interpreter/properties/file_ids/description,description,183,sha256-40446928829e2546e0da55512cfe123a957f020a39d81e3e27564d4016e087d6
/components/schemas/CreateAssistantRequest/properties/tool_resources/properties/file_search/properties/vector_store_ids/description,description,184,sha256-bbe65ad589c3e1d9a8569d2c752cdad25244abf31090d6f28bc230ffc58443a9
/components/schemas/CreateAssistantRequest/properties/tool_resources/properties/file_search/properties/vector_stores/description,description,220,sha256-a0582aa62a53f716294672c5021d155f884044e062d91456f1169ad97552d3b7
/components/schemas/CreateAssistantRequest/properties/tool_resources/properties/file_search/properties/vector_stores/items/properties/chunking_strategy/description,description,90,sha256-168682c67c7c57616a9218f89d93effa6a5dc544675dce7bf40602b7906340d2
/components/schemas/CreateAssistantRequest/properties/tool_resources/properties/file_search/properties/vector_stores/items/properties/chunking_strategy/oneOf/0/description,description,122,sha256-996443e6d2ad15e968c5bbce79675e99a2d4f79cc9881160e395146ce768050e
/components/schemas/CreateAssistantRequest/properties/tool_resources/properties/file_search/properties/vector_stores/items/properties/chunking_strategy/oneOf/0/properties/type/description,description,14,sha256-3fee2e00be47d587e7022a84184e1feb8db685708243a5f56b3f89e75b9c78f0
/components/schemas/CreateAssistantRequest/properties/tool_resources/properties/file_search/properties/vector_stores/items/properties/chunking_strategy/oneOf/1/properties/static/properties/chunk_overlap_tokens/description,description,150,sha256-137508716e539c09166f1370dced4d692e52dc8c28d92f485f33fbf08b5a009c
/components/schemas/CreateAssistantRequest/properties/tool_resources/properties/file_search/properties/vector_stores/items/properties/chunking_strategy/oneOf/1/properties/static/properties/max_chunk_size_tokens/description,description,131,sha256-1752b8b3225de34dbaedcf9961f48ab1b707a7e2a8e45c6590088974c5e98dc2
/components/schemas/CreateAssistantRequest/properties/tool_resources/properties/file_search/properties/vector_stores/items/properties/chunking_strategy/oneOf/1/properties/type/description,description,16,sha256-ea10d26ce67536a599ed1d32401c7f55e1e9a6c8dede34feea9441dae36a4fc3
/components/schemas/CreateAssistantRequest/properties/tool_resources/properties/file_search/properties/vector_stores/items/properties/file_ids/description,description,160,sha256-d593e62f8bf5b367112651ef5b75ac12b2a667445c1f064dcb5ea28826bdcad2
/components/schemas/CreateAssistantRequest/properties/tool_resources/properties/file_search/properties/vector_stores/items/properties/metadata/description,description,262,sha256-a373cd2c53cdcec094735881ec69bf696c3b605e469785aab20d9228473194b6
/components/schemas/CreateAssistantRequest/properties/tools/description,description,164,sha256-72a419ed8b71be1adc7a33718f831a53cd67248f2a12f2c71b8d4e8013c39b70
/components/schemas/CreateAssistantRequest/properties/top_p/description,description,303,sha256-a5c789734dc3e4742b839a23382c9771c4af9a0987dafa36b299dc79bbb073be
/components/schemas/CreateAssistantRequest/properties/top_p/example,example,6,sha256-0b6477aecfbf4beb7578413d2833a505e8f36d56a749ed3fcc43f85c537408d9
/components/schemas/CreateChatCompletionFunctionResponse/description,description,85,sha256-c9d6b56268b979e405bb6fcd71a7d738f010f0c7e7dbb8205256fd6a77e9d6c0
/components/schemas/CreateChatCompletionFunctionResponse/properties/choices/description,description,81,sha256-995a07935a97fd47e482c02ac74a16cfb764335a5287a003288fd9c7eb1da318
/components/schemas/CreateChatCompletionFunctionResponse/properties/choices/items/properties/finish_reason/description,description,345,sha256-165161c9d76cc92273ff4b3bd38138f565d69b59bc7551e0986ea2f3c4727abc
/components/schemas/CreateChatCompletionFunctionResponse/properties/choices/items/properties/index/description,description,47,sha256-e50cbd53c15a1e78ec17db1ba4818a822eb5c356cc8e5b556178f657d8a00240
/components/schemas/CreateChatCompletionFunctionResponse/properties/created/description,description,72,sha256-a7b1da794b1095e88fb877d0174e5450fbfa09d6aded9b30e2acee44e6eded1f
/components/schemas/CreateChatCompletionFunctionResponse/properties/id/description,description,44,sha256-33feb5f7de37dbebed758f54c44da0ce4beeaec18954480e4caa1ae0ef572346
/components/schemas/CreateChatCompletionFunctionResponse/properties/model/description,description,39,sha256-65ce90ce3aca3394c300fda95edd094fb8458e3373529065e5c5b52d2710de5a
/components/schemas/CreateChatCompletionFunctionResponse/properties/object/description,description,51,sha256-3f69e6717dc7f62e09c8cc23c96c73b9ae836d2886b6e7d7dddc7b9b0e146b2e
/components/schemas/CreateChatCompletionFunctionResponse/properties/system_fingerprint/description,description,223,sha256-fe0b994ff5244a73d43e825421d83796d3b327cc10759f5260779964a95ec4f7
/components/schemas/CreateChatCompletionImageResponse/description,description,105,sha256-d2b146e8e2ed72cee1e32f018ad01d90b8b0f74597491a3d953d85ca7865f80c
/components/schemas/CreateChatCompletionRequest/properties/frequency_penalty/description,description,326,sha256-3682095273d0464fb517e64921c3a03c35fc73608da5156a8399fb2c133e27cd
/components/schemas/CreateChatCompletionRequest/properties/function_call/description,description,466,sha256-0eca3c7c7059f271fb2d7443ebc234bb419cc99d7c78de85c8ff4fa7aea69e81
/components/schemas/CreateChatCompletionRequest/properties/function_call/oneOf/0/description,description,165,sha256-9dc4ed7ab3251b9c22eb4577ca678e19ce2ebec02327066936b4ae90c3ed8709
/components/schemas/CreateChatCompletionRequest/properties/functions/description,description,93,sha256-f5973396bcbdc6386c397fa304162e820ac7016c3473d016c39e4cfbb4f99fbf
/components/schemas/CreateChatCompletionRequest/properties/logit_bias/description,description,506,sha256-e2150282fb70c4440ab1d57dbe7803bd533c747fd5442cff636d04806f94e84d
/components/schemas/CreateChatCompletionRequest/properties/logprobs/description,description,164,sha256-3a41c0646d619592874e70881f0c3ca132d2113c0b1907ffe611972f3e84e9eb
/components/schemas/CreateChatCompletionRequest/properties/max_completion_tokens/description,description,397,sha256-5362ca4a13ea7b844f70d9f1a2f16448ef2c2172db66d08a1aa6b7972e1b342e
/components/schemas/CreateChatCompletionRequest/properties/max_tokens/description,description,485,sha256-f1fd443708987d74ca9d6f961e1cb58ddd849ed7125ecd00113198cc78cba99b
/components/schemas/CreateChatCompletionRequest/properties/messages/description,description,154,sha256-f2330f0ddb54a08e2beeb9036d872b43a2a4228d77d6c9290309df0e6d5b9a0e
/components/schemas/CreateChatCompletionRequest/properties/model/description,description,190,sha256-f36dcf82fdb115376c70bc0bc0de92c0e792b89e81c8abd87093a3dd61279927
/components/schemas/CreateChatCompletionRequest/properties/model/example,example,5,sha256-b0a9d642d12f553129c39513f7ce26058c34ba4b9062475a8eaac157603e1233
/components/schemas/CreateChatCompletionRequest/properties/n/description,description,200,sha256-4c569cb14fccd67b846e59f10bc6d3fe94fc350b2b3e319ab69e8019a6ab958b
/components/schemas/CreateChatCompletionRequest/properties/n/example,example,6,sha256-0b6477aecfbf4beb7578413d2833a505e8f36d56a749ed3fcc43f85c537408d9
/components/schemas/CreateChatCompletionRequest/properties/presence_penalty/description,description,313,sha256-0a23cc68cf0334526a003f92ee3d4974bbc3a788e91ce47421230769fbe980c1
/components/schemas/CreateChatCompletionRequest/properties/response_format/description,description,612,sha256-a82627f68fa1bf1ef498311077fcf17a86ef4285adc520afdc09f45e1e7ee2c7
/components/schemas/CreateChatCompletionRequest/properties/seed/description,description,332,sha256-084125f0a63d149de9ad0db78277a9d8219a44153e8530d0f195a942d376e69a
/components/schemas/CreateChatCompletionRequest/properties/seed/x-code-samples,x-code-samples,11,sha256-59f537b445971733bc2651e59d09d394d8f9b980fe97349dfd37554f37dd3144
/components/schemas/CreateChatCompletionRequest/properties/stop/description,description,69,sha256-3dffdc9c7f42da23a0f49fb8c5a742817c9eb700941b17842543f5156a9c0e61
/components/schemas/CreateChatCompletionRequest/properties/stream/description,description,426,sha256-f0f9a5eb4836ce9fe65f7ceb9e484cfbe77fd8cc94da01f7a40afa95d8d22e5a
/components/schemas/CreateChatCompletionRequest/properties/temperature/description,description,244,sha256-54aeea0a5b4c7f87c2a517cea97f86336c787752fd2e2b4f2b0adb9ec34a073c
/components/schemas/CreateChatCompletionRequest/properties/temperature/example,example,6,sha256-0b6477aecfbf4beb7578413d2833a505e8f36d56a749ed3fcc43f85c537408d9
/components/schemas/CreateChatCompletionRequest/properties/thinking/description,description,310,sha256-9b4f52dbd206ee6e199804f6be76cd42c4b9fc2121bc9bfa406cc1a51876b6ae
/components/schemas/CreateChatCompletionRequest/properties/thinking/example,example,34,sha256-55b629afbbd75df1f32c0e21e0f2d5a584fc9a79b7f2af710bf7a683def5c136
/components/schemas/CreateChatCompletionRequest/properties/thinking/properties/budget_tokens/description,description,164,sha256-dfe039bf7c168224b3c3dfad7c4cc6f942a2fa4b361206819369830870f106b9
/components/schemas/CreateChatCompletionRequest/properties/thinking/properties/budget_tokens/example,example,9,sha256-fbe36bd0a8eeabcf7357d5cb4afedd05172d408533fd181880b4ec402f122193
/components/schemas/CreateChatCompletionRequest/properties/thinking/properties/type/description,description,49,sha256-ca3ff36bc3ede8e83d9de92e92c26e1a83298b952419da1a7de1e9de513a64ad
/components/schemas/CreateChatCompletionRequest/properties/tools/description,description,205,sha256-980206aa962120bfc679497a059bf675ea9e60f58890fb22c40ae5f47b1339a9
/components/schemas/CreateChatCompletionRequest/properties/top_logprobs/description,description,206,sha256-e27401e65350c06979d1ea14170d62ca07f9ea1e406761baa6e3c5c73d61c3ef
/components/schemas/CreateChatCompletionRequest/properties/top_p/description,description,305,sha256-ec4d9ac7d889350aa7324cbca14925db19b1aba6aa4fa759397fad874b7fd06b
/components/schemas/CreateChatCompletionRequest/properties/top_p/example,example,6,sha256-0b6477aecfbf4beb7578413d2833a505e8f36d56a749ed3fcc43f85c537408d9
/components/schemas/CreateChatCompletionRequest/properties/user/description,description,189,sha256-0c043c277a1ba3b135d50b93832fe52ba50f67b15b183bcadaef36fb7ab2e876
/components/schemas/CreateChatCompletionRequest/properties/user/example,example,9,sha256-c61a1c5012d6c65245f90fa22c6b97542be011998474fc9887ee6299ab93e3e1
/components/schemas/CreateChatCompletionResponse/description,description,85,sha256-c9d6b56268b979e405bb6fcd71a7d738f010f0c7e7dbb8205256fd6a77e9d6c0
/components/schemas/CreateChatCompletionResponse/properties/choices/description,description,81,sha256-995a07935a97fd47e482c02ac74a16cfb764335a5287a003288fd9c7eb1da318
/components/schemas/CreateChatCompletionResponse/properties/choices/items/properties/finish_reason/description,description,399,sha256-7b0a0f4f0b99b18eee6cc19cb570703e1947f0af72df8cc30533ceed9d9baccd
/components/schemas/CreateChatCompletionResponse/properties/choices/items/properties/index/description,description,47,sha256-e50cbd53c15a1e78ec17db1ba4818a822eb5c356cc8e5b556178f657d8a00240
/components/schemas/CreateChatCompletionResponse/properties/choices/items/properties/logprobs/description,description,43,sha256-ffaa34afab6088dd4a6575e1409f2d3f5176bcfa3b2b75d3907bcbea683c6fdf
/components/schemas/CreateChatCompletionResponse/properties/choices/items/properties/logprobs/properties/content/description,description,66,sha256-6db40679a99ed0fa255b6d8683a7853584a67e0e5db240d85ea13a5434b9f6e3
/components/schemas/CreateChatCompletionResponse/properties/created/description,description,72,sha256-a7b1da794b1095e88fb877d0174e5450fbfa09d6aded9b30e2acee44e6eded1f
/components/schemas/CreateChatCompletionResponse/properties/id/description,description,44,sha256-33feb5f7de37dbebed758f54c44da0ce4beeaec18954480e4caa1ae0ef572346
/components/schemas/CreateChatCompletionResponse/properties/model/description,description,39,sha256-65ce90ce3aca3394c300fda95edd094fb8458e3373529065e5c5b52d2710de5a
/components/schemas/CreateChatCompletionResponse/properties/object/description,description,51,sha256-3f69e6717dc7f62e09c8cc23c96c73b9ae836d2886b6e7d7dddc7b9b0e146b2e
/components/schemas/CreateChatCompletionResponse/properties/system_fingerprint/description,description,223,sha256-fe0b994ff5244a73d43e825421d83796d3b327cc10759f5260779964a95ec4f7
/components/schemas/CreateChatCompletionStreamResponse/description,description,105,sha256-d2b146e8e2ed72cee1e32f018ad01d90b8b0f74597491a3d953d85ca7865f80c
/components/schemas/CreateChatCompletionStreamResponse/properties/choices/description,description,187,sha256-a58fc8192f5ed0efd24eb08e4c6b28340b6fc850335bdf98e611198f16542bd6
/components/schemas/CreateChatCompletionStreamResponse/properties/choices/items/properties/finish_reason/description,description,399,sha256-7b0a0f4f0b99b18eee6cc19cb570703e1947f0af72df8cc30533ceed9d9baccd
/components/schemas/CreateChatCompletionStreamResponse/properties/choices/items/properties/index/description,description,47,sha256-e50cbd53c15a1e78ec17db1ba4818a822eb5c356cc8e5b556178f657d8a00240
/components/schemas/CreateChatCompletionStreamResponse/properties/choices/items/properties/logprobs/description,description,43,sha256-ffaa34afab6088dd4a6575e1409f2d3f5176bcfa3b2b75d3907bcbea683c6fdf
/components/schemas/CreateChatCompletionStreamResponse/properties/choices/items/properties/logprobs/properties/content/description,description,66,sha256-6db40679a99ed0fa255b6d8683a7853584a67e0e5db240d85ea13a5434b9f6e3
/components/schemas/CreateChatCompletionStreamResponse/properties/created/description,description,107,sha256-f83514f14877dac4f7df466f3b418819d1bc2b0bb2cbdbb4ade696df5d11628c
/components/schemas/CreateChatCompletionStreamResponse/properties/id/description,description,72,sha256-9ec208c33ff03b29552dd8e9570df13467e636b1cfee9f1aaa510d6848a42989
/components/schemas/CreateChatCompletionStreamResponse/properties/model/description,description,37,sha256-fc9048a3402556723fcf181672bcd932c7d0b1952500a4dbca9ff8dbef1a48c3
/components/schemas/CreateChatCompletionStreamResponse/properties/object/description,description,57,sha256-75c568d82d00d3251e841ea13fd9fb8acfc58ce253e93f3774a3fa3369b0f6e2
/components/schemas/CreateChatCompletionStreamResponse/properties/system_fingerprint/description,description,222,sha256-97e898b9ba55fa1735bf6dfd2be486100e80b92e68850a06b08b1554be8611cc
/components/schemas/CreateChatCompletionStreamResponse/properties/usage/description,description,247,sha256-f6f39915710b534b1bce0756c263cf0816d1b1648c37fdee9a2e064de481b267
/components/schemas/CreateChatCompletionStreamResponse/properties/usage/properties/completion_tokens/description,description,45,sha256-f893470a38c1faabae48fd069c324e428403c4f9ec5e52d6dca9536cfb45e260
/components/schemas/CreateChatCompletionStreamResponse/properties/usage/properties/prompt_tokens/description,description,31,sha256-5bdf85d3f5bb4056c580fec5e134e5260e850f0a0586ddca6c2b79de31d78ded
/components/schemas/CreateChatCompletionStreamResponse/properties/usage/properties/total_tokens/description,description,65,sha256-c39025e3ca2bbbde343660ca69d51e329f52d13fbf56b6cfaf81977cb51a3a7f
/components/schemas/CreateCompletionRequest/properties/best_of/description,description,491,sha256-3c4d222735e41de118e3d251da54e3aa34909c08b4b043cdfd53fcc55e00a17a
/components/schemas/CreateCompletionRequest/properties/echo/description,description,51,sha256-cc62a38aa404f4b94393712d1e89e5ade14123b385a7487b1b1a9839b06117c4
/components/schemas/CreateCompletionRequest/properties/frequency_penalty/description,description,326,sha256-3682095273d0464fb517e64921c3a03c35fc73608da5156a8399fb2c133e27cd
/components/schemas/CreateCompletionRequest/properties/logit_bias/description,description,726,sha256-662e1d5e1a1d18b6f36584e4bbc65a2af0c1b4cac519cb721c433cda229011d6
/components/schemas/CreateCompletionRequest/properties/logprobs/description,description,355,sha256-97cf9ec3038079210214be65b564ab98236d6c9409d8914795fc1f736f38035d
/components/schemas/CreateCompletionRequest/properties/max_tokens/description,description,327,sha256-83c067baf1a6cbc9d52a83df4f020b521a6a30fd1fce52e586f17d93d0c0bd63
/components/schemas/CreateCompletionRequest/properties/max_tokens/example,example,7,sha256-1b1951ca02e8d0bba6c021d3487a95c659ff0bc0625f259d7399966a75e44f5c
/components/schemas/CreateCompletionRequest/properties/model/description,description,259,sha256-4dc5a6c9a7e421b736bdcd878b7f1688ffaa31fc2b69eded00ab8015bacb3cba
/components/schemas/CreateCompletionRequest/properties/n/description,description,241,sha256-3b214842318472f6321d5e9bb2ce0ba28a31f55ae0967224d61ce44b98d9c753
/components/schemas/CreateCompletionRequest/properties/n/example,example,6,sha256-0b6477aecfbf4beb7578413d2833a505e8f36d56a749ed3fcc43f85c537408d9
/components/schemas/CreateCompletionRequest/properties/presence_penalty/description,description,313,sha256-0a23cc68cf0334526a003f92ee3d4974bbc3a788e91ce47421230769fbe980c1
/components/schemas/CreateCompletionRequest/properties/prompt/description,description,313,sha256-f2147adbfe86afbd607b34f16599c9b02f3a9d0b7bed8c3a6d8fc4fd6b70b4e5
/components/schemas/CreateCompletionRequest/properties/prompt/oneOf/0/example,example,15,sha256-a8a2f6ebe286697c527eb35a58b5539532e9b3ae3b64d4eb0a46fb657b41562c
/components/schemas/CreateCompletionRequest/properties/prompt/oneOf/1/items/example,example,15,sha256-a8a2f6ebe286697c527eb35a58b5539532e9b3ae3b64d4eb0a46fb657b41562c
/components/schemas/CreateCompletionRequest/properties/prompt/oneOf/2/example,example,26,sha256-0c2a5e8abbaf901379b9e5c42a26f786dd2231849e5b71c480f0c2d90839ac8c
/components/schemas/CreateCompletionRequest/properties/prompt/oneOf/3/example,example,28,sha256-0b2424ab70ea367ffa39a4fc743ca58f332634f8630c354bb51af96b22a5977d
/components/schemas/CreateCompletionRequest/properties/seed/description,description,308,sha256-de7a2be7dfdd0e0a8290922d2409669e0032d9f31a5b04c6dc09942a47f58131
/components/schemas/CreateCompletionRequest/properties/stop/description,description,123,sha256-941263332115b5836b7c78e8fc8797284b54803092c33dabd03f29fd0cc9ca7d
/components/schemas/CreateCompletionRequest/properties/stop/oneOf/0/example,example,1,sha256-01ba4719c80b6fe911b091a7c05124b64eeece964e09c058ef8f9805daca546b
/components/schemas/CreateCompletionRequest/properties/stop/oneOf/1/items/example,example,6,sha256-16ec795185b645d8d57bd90786f83612f045ee5efe642dd1520f3496ef3b03d3
/components/schemas/CreateCompletionRequest/properties/stream/description,description,413,sha256-a99ea9211a4815f163a3bba663cc2a66e5f7e8d7538ea8bc02e838584e64ce61
/components/schemas/CreateCompletionRequest/properties/suffix/description,description,123,sha256-a0730a37f959084fbc29f734a7b9b05678b147f6206b7eebf9edc2357535db63
/components/schemas/CreateCompletionRequest/properties/suffix/example,example,5,sha256-4ee3df88f682d376531d8803f2ccbee56d075cd248fc300f55dfe8596a7354b7
/components/schemas/CreateCompletionRequest/properties/temperature/description,description,244,sha256-54aeea0a5b4c7f87c2a517cea97f86336c787752fd2e2b4f2b0adb9ec34a073c
/components/schemas/CreateCompletionRequest/properties/temperature/example,example,6,sha256-0b6477aecfbf4beb7578413d2833a505e8f36d56a749ed3fcc43f85c537408d9
/components/schemas/CreateCompletionRequest/properties/top_p/description,description,305,sha256-ec4d9ac7d889350aa7324cbca14925db19b1aba6aa4fa759397fad874b7fd06b
/components/schemas/CreateCompletionRequest/properties/top_p/example,example,6,sha256-0b6477aecfbf4beb7578413d2833a505e8f36d56a749ed3fcc43f85c537408d9
/components/schemas/CreateCompletionRequest/properties/user/description,description,189,sha256-0c043c277a1ba3b135d50b93832fe52ba50f67b15b183bcadaef36fb7ab2e876
/components/schemas/CreateCompletionRequest/properties/user/example,example,9,sha256-c61a1c5012d6c65245f90fa22c6b97542be011998474fc9887ee6299ab93e3e1
/components/schemas/CreateCompletionResponse/description,description,154,sha256-803b00e7b172293e1b49fef9e881541152de78b500526f1fccfba4b9423e3663
/components/schemas/CreateCompletionResponse/properties/choices/description,description,72,sha256-a10b9ebe5769553c70c5ba33d499ab94e0817097a18a177de5ab7c0d1f03496d
/components/schemas/CreateCompletionResponse/properties/choices/items/properties/finish_reason/description,description,297,sha256-4d9280bec1996b353e1f155810971363445780eb7022a3d9313101c89c94677a
/components/schemas/CreateCompletionResponse/properties/created/description,description,67,sha256-816afdf23114a664e72e0879fe60605bc828213315cf69097fe4ce1e06876ce3
/components/schemas/CreateCompletionResponse/properties/id/description,description,39,sha256-61e22d697bcab51b76ad5fc1fd7b2689799591f1068c05dae7e88ccb75a1ef72
/components/schemas/CreateCompletionResponse/properties/model/description,description,30,sha256-6315be4aad1c19356e23a731dd820e98be39a52101eb270eb53793dd4323225f
/components/schemas/CreateCompletionResponse/properties/object/description,description,50,sha256-6bb42014b3967109bc5a61cf1d94d3fea473cfabc1830b90e47de4a95ff4296e
/components/schemas/CreateCompletionResponse/properties/system_fingerprint/description,description,223,sha256-fe0b994ff5244a73d43e825421d83796d3b327cc10759f5260779964a95ec4f7
/components/schemas/CreateCompletionResponse/x-code-samples,x-code-samples,501,sha256-b944fc7962da078ccc8040b81b9847638efc08e739c602dc28fa947f016e061b
/components/schemas/CreateDeploymentRequest/properties/deployment_config/description,description,33,sha256-241882e724762b6d8f1cace793bfbede0f76ee623f624f7a004b2967d85a3bc3
/components/schemas/CreateDeploymentRequest/properties/is_default/description,description,70,sha256-52290aa5370fca7838844fcc6e1061a310f766a5693ecf66192dae59c27910ce
/components/schemas/CreateDeploymentRequest/properties/organisation_id/description,description,34,sha256-33e57eff7c28bcec7febfb7e2943d97c3119d507c79c51f31b450bf1e091672f
/components/schemas/CreateDeploymentRequest/properties/slug/description,description,50,sha256-ea4469442de20a03699480341859df142658961748dabf3ac4831c68b4f4ed7e
/components/schemas/CreateEmbeddingRequest/properties/dimensions/description,description,125,sha256-b59100564e2f7a569e007880b7df1f0535ffbf134162f8561b23734d2dd31f18
/components/schemas/CreateEmbeddingRequest/properties/encoding_format/description,description,112,sha256-f3f42518b27b4b456c81f4c34a482be93c97519ccc6396d1fa24c4192bd66322
/components/schemas/CreateEmbeddingRequest/properties/encoding_format/example,example,5,sha256-76a7e234dc54e9c605b2cc9fdf71279526150df48c574bdfa69e436e0b3d5c18
/components/schemas/CreateEmbeddingRequest/properties/input/description,description,452,sha256-2e7fb26de0c1fd0b0d90fda64ce268f1f270056fa5e70f8184bd79f284e84f3c
/components/schemas/CreateEmbeddingRequest/properties/input/example,example,44,sha256-7d38b5cd25a2baf85ad3bb5b9311383e671a8a142eb302b324d4a5fba8748c69
/components/schemas/CreateEmbeddingRequest/properties/input/oneOf/0/description,description,49,sha256-85d2569db628e84548ddcea11c6555627000775cd6edb2ad71df1d4e3ac69b2a
/components/schemas/CreateEmbeddingRequest/properties/input/oneOf/0/example,example,15,sha256-a8a2f6ebe286697c527eb35a58b5539532e9b3ae3b64d4eb0a46fb657b41562c
/components/schemas/CreateEmbeddingRequest/properties/input/oneOf/1/description,description,59,sha256-071cf9014c9eb5efe8ff8b161c8bab2a6011f590b49bb1a6109663aec9937bc2
/components/schemas/CreateEmbeddingRequest/properties/input/oneOf/1/items/example,example,19,sha256-71530cdff3bdfd2856547727cf4ce98a5b101597a24617923ec9640a8294e85c
/components/schemas/CreateEmbeddingRequest/properties/input/oneOf/2/description,description,60,sha256-482fda474ecabb79962d8e9375da15d7b707054153390e2f3fda3d2a1960dbad
/components/schemas/CreateEmbeddingRequest/properties/input/oneOf/2/example,example,26,sha256-0c2a5e8abbaf901379b9e5c42a26f786dd2231849e5b71c480f0c2d90839ac8c
/components/schemas/CreateEmbeddingRequest/properties/input/oneOf/3/description,description,78,sha256-8052573bb7edc81473607a5e740d11baafff90bf21ca609e459632cbc72b5930
/components/schemas/CreateEmbeddingRequest/properties/input/oneOf/3/example,example,28,sha256-0b2424ab70ea367ffa39a4fc743ca58f332634f8630c354bb51af96b22a5977d
/components/schemas/CreateEmbeddingRequest/properties/model/description,description,259,sha256-4dc5a6c9a7e421b736bdcd878b7f1688ffaa31fc2b69eded00ab8015bacb3cba
/components/schemas/CreateEmbeddingRequest/properties/model/example,example,22,sha256-31a7134a5bdc1c09eb1876abc2c66608b099a1db748c6fc9edfd94aeffa1d1bc
/components/schemas/CreateEmbeddingRequest/properties/user/description,description,189,sha256-0c043c277a1ba3b135d50b93832fe52ba50f67b15b183bcadaef36fb7ab2e876
/components/schemas/CreateEmbeddingRequest/properties/user/example,example,9,sha256-c61a1c5012d6c65245f90fa22c6b97542be011998474fc9887ee6299ab93e3e1
/components/schemas/CreateEmbeddingResponse/properties/data/description,description,46,sha256-f58e0552dd62114c257bf06e79f4df37690db2036ef17206049fae3ec8789f5c
/components/schemas/CreateEmbeddingResponse/properties/model/description,description,53,sha256-4443bc17a1f8b4a38fca321ccdf163e8d103ad7827fa28ae225547cb944b235d
/components/schemas/CreateEmbeddingResponse/properties/object/description,description,40,sha256-4da6508bf36c30707041f28259a659c5a7223d804c3c4d66b33b1db97681d65f
/components/schemas/CreateEmbeddingResponse/properties/usage/description,description,38,sha256-c8a7b0f16680d0fef39e65b5495654e222edbbaa09dfb8e8acd9cf9bc2dfcb5c
/components/schemas/CreateEmbeddingResponse/properties/usage/properties/prompt_tokens/description,description,40,sha256-fe4c63c0b0f5027b18bdbf9607b64abe93be9af7fe81c3f5368fc9891a5166d3
/components/schemas/CreateEmbeddingResponse/properties/usage/properties/total_tokens/description,description,47,sha256-2da3210a4606da1893d3caf393b284f7fce20febfed4050c2d3c5e3482bebbdf
/components/schemas/CreateFileRequest/properties/file/description,description,48,sha256-a8a5b374b01cc8e450232b06721bfb58bc078551a5af118b31184a7bbab228cd
/components/schemas/CreateFileRequest/properties/purpose/description,description,425,sha256-db5377ecc56cc6e1e0d4983b7f1c45d3d3c0550a5ad67ae593953fa1f294a65a
/components/schemas/CreateGuardrailRequest/properties/actions/description,description,111,sha256-f664e2b66d49700db0a8cf03c56ea3aa28140aad1a18592d1de036e258e390ae
/components/schemas/CreateGuardrailRequest/properties/checks/description,description,95,sha256-e4f6b04d979963958e8646f32fff9d11e28ca4a115faea3b7eda63a57ca34118
/components/schemas/CreateGuardrailRequest/properties/name/description,description,21,sha256-f2f80eda5c3e1c6985bbf0c109d56d4962417f4fc97f8b5bf4e8d02262463944
/components/schemas/CreateGuardrailRequest/properties/name/example,example,20,sha256-af1235c859cae4539ee94d0dd0a99752fa81d2695525eb413aaa27a7f5bf69d7
/components/schemas/CreateGuardrailRequest/properties/organisation_id/description,description,79,sha256-b04911ce34bcb1ceaa1e0c6ae1a59f2a48448129dc897deda3c8e51d913da92d
/components/schemas/CreateGuardrailRequest/properties/target/description,description,106,sha256-e817b5536f75924b2aeec7a0dc647fb94835882484dc25c7238d28a7b3968e2e
/components/schemas/CreateGuardrailRequest/properties/workspace_id/description,description,79,sha256-d622ae55f516f4210aa01164c22b98285b3f7a3bf04c4090714c54a00c7bca16
/components/schemas/CreateGuardrailResponse/properties/id/description,description,42,sha256-0e19de2e6bb54f9a12717ffd19d860913d4b8764e0804d18970c7138e322df1d
/components/schemas/CreateGuardrailResponse/properties/slug/description,description,35,sha256-ff6376859573d6807df3fdba3885edb299c470512e846cf79daf3735bc33b0cd
/components/schemas/CreateGuardrailResponse/properties/version_id/description,description,50,sha256-324a5772938949c86496d069d2be02610c25a1a6c41bd1712b8da001710b22b4
/components/schemas/CreateImageEditRequest/properties/image/description,description,158,sha256-bec27fab5466862fc20e3480e2740f2b1da1c2b3149a3fa4b4cca8abf5c1988b
/components/schemas/CreateImageEditRequest/properties/mask/description,description,199,sha256-4a34b6bfe52ca320efbe49a36093b4c644514b0a204c4f17bc587e77d740f83f
/components/schemas/CreateImageEditRequest/properties/model/description,description,81,sha256-b6e6406c2a82e4212c0ecf11fd1cd4df42d5608274070103184070f4d896aefd
/components/schemas/CreateImageEditRequest/properties/model/example,example,8,sha256-17319c2e292e0925df5c7df15ab6d638f435fa156179cdd5ddc004eb5f842f66
/components/schemas/CreateImageEditRequest/properties/n/description,description,59,sha256-97050a59cc1703a9ca8c3d7928af73cdfb507977910c4bfa1862a96f07491381
/components/schemas/CreateImageEditRequest/properties/n/example,example,6,sha256-0b6477aecfbf4beb7578413d2833a505e8f36d56a749ed3fcc43f85c537408d9
/components/schemas/CreateImageEditRequest/properties/prompt/description,description,82,sha256-0041cb6972925ae7efb83429679143910e92c4e9a671bfd8489032e06315d06e
/components/schemas/CreateImageEditRequest/properties/prompt/example,example,37,sha256-298a63dae6fc2011da857ed3a94bf11ec1bc89314574eb390d26ad4195818e42
/components/schemas/CreateImageEditRequest/properties/response_format/description,description,161,sha256-36a701da70cb5c02f1cb761d54c9651c8c479aeaf4024c252ee948356142c1d0
/components/schemas/CreateImageEditRequest/properties/response_format/example,example,3,sha256-28e5ebabd9d8f6e237df63da2b503785093f0229241bc7021198f63c43b93269
/components/schemas/CreateImageEditRequest/properties/size/description,description,86,sha256-4ad81579a1188b6008070970d69f7bd09e48d0db42cce97f0418b4549837b9fd
/components/schemas/CreateImageEditRequest/properties/size/example,example,9,sha256-7ab52421aac70f8ce1e5144f97ddfb130fc2911e579eefaeb2a49b0586abe1f0
/components/schemas/CreateImageEditRequest/properties/user/description,description,189,sha256-0c043c277a1ba3b135d50b93832fe52ba50f67b15b183bcadaef36fb7ab2e876
/components/schemas/CreateImageEditRequest/properties/user/example,example,9,sha256-c61a1c5012d6c65245f90fa22c6b97542be011998474fc9887ee6299ab93e3e1
/components/schemas/CreateImageRequest/properties/model/description,description,38,sha256-54f4305b30bc3cab4fdf909d60192c18f36f0fb499872f4a79f67fdd012dff59
/components/schemas/CreateImageRequest/properties/model/example,example,8,sha256-61a3bcef2d140dbfacbe1af0d3e67695563866b645bbac05f7a236c2ce1f6115
/components/schemas/CreateImageRequest/properties/n/description,description,100,sha256-71df9a2f9f751b5be2717feaa3cdeb01b77781316cbcec51570e9d04b1f1dd0d
/components/schemas/CreateImageRequest/properties/n/example,example,6,sha256-0b6477aecfbf4beb7578413d2833a505e8f36d56a749ed3fcc43f85c537408d9
/components/schemas/CreateImageRequest/properties/prompt/description,description,132,sha256-222729da1c3739193829f74cfbef381f32d343520421476d32e76111a80c12ac
/components/schemas/CreateImageRequest/properties/prompt/example,example,21,sha256-aa334d84f20a0b2207b0f52e25a2fcb1c8a95b43b5184a8ff8d38198a706def5
/components/schemas/CreateImageRequest/properties/quality/description,description,174,sha256-056390da3b5f2711a0f25732dcd40a24c66f33307fcec0c5afebdb78b37de6db
/components/schemas/CreateImageRequest/properties/quality/example,example,8,sha256-fe6d3468cf5c74d8ec2a95b40f2e05338c37a4202f8fad692d2b64a9cf9b468a
/components/schemas/CreateImageRequest/properties/response_format/description,description,161,sha256-36a701da70cb5c02f1cb761d54c9651c8c479aeaf4024c252ee948356142c1d0
/components/schemas/CreateImageRequest/properties/response_format/example,example,3,sha256-28e5ebabd9d8f6e237df63da2b503785093f0229241bc7021198f63c43b93269
/components/schemas/CreateImageRequest/properties/size/description,description,180,sha256-6c95607eebd7f1b8e5199ed6747c8c7957e158623718560ad5825ecf7daf2295
/components/schemas/CreateImageRequest/properties/size/example,example,9,sha256-7ab52421aac70f8ce1e5144f97ddfb130fc2911e579eefaeb2a49b0586abe1f0
/components/schemas/CreateImageRequest/properties/style/description,description,280,sha256-e2815a2eb1750b1baa4f46d1ba82d5aea667dcb855cbe2965471bf1831bc651d
/components/schemas/CreateImageRequest/properties/style/example,example,5,sha256-685ee53b55aa432dc84736bff82a5ac5c8aaf1a7c8c4e62699bf040764bcd364
/components/schemas/CreateImageRequest/properties/user/description,description,189,sha256-0c043c277a1ba3b135d50b93832fe52ba50f67b15b183bcadaef36fb7ab2e876
/components/schemas/CreateImageRequest/properties/user/example,example,9,sha256-c61a1c5012d6c65245f90fa22c6b97542be011998474fc9887ee6299ab93e3e1
/components/schemas/CreateImageVariationRequest/properties/image/description,description,104,sha256-40152b497a8d4eba1a69d6f56e5c331f04c67d4e656b8e616c0d75ba656cd088
/components/schemas/CreateImageVariationRequest/properties/model/description,description,81,sha256-b6e6406c2a82e4212c0ecf11fd1cd4df42d5608274070103184070f4d896aefd
/components/schemas/CreateImageVariationRequest/properties/model/example,example,8,sha256-17319c2e292e0925df5c7df15ab6d638f435fa156179cdd5ddc004eb5f842f66
/components/schemas/CreateImageVariationRequest/properties/n/description,description,100,sha256-71df9a2f9f751b5be2717feaa3cdeb01b77781316cbcec51570e9d04b1f1dd0d
/components/schemas/CreateImageVariationRequest/properties/n/example,example,6,sha256-0b6477aecfbf4beb7578413d2833a505e8f36d56a749ed3fcc43f85c537408d9
/components/schemas/CreateImageVariationRequest/properties/response_format/description,description,161,sha256-36a701da70cb5c02f1cb761d54c9651c8c479aeaf4024c252ee948356142c1d0
/components/schemas/CreateImageVariationRequest/properties/response_format/example,example,3,sha256-28e5ebabd9d8f6e237df63da2b503785093f0229241bc7021198f63c43b93269
/components/schemas/CreateImageVariationRequest/properties/size/description,description,86,sha256-4ad81579a1188b6008070970d69f7bd09e48d0db42cce97f0418b4549837b9fd
/components/schemas/CreateImageVariationRequest/properties/size/example,example,9,sha256-7ab52421aac70f8ce1e5144f97ddfb130fc2911e579eefaeb2a49b0586abe1f0
/components/schemas/CreateImageVariationRequest/properties/user/description,description,189,sha256-0c043c277a1ba3b135d50b93832fe52ba50f67b15b183bcadaef36fb7ab2e876
/components/schemas/CreateImageVariationRequest/properties/user/example,example,9,sha256-c61a1c5012d6c65245f90fa22c6b97542be011998474fc9887ee6299ab93e3e1
/components/schemas/CreateIntegrationRequest/properties/ai_provider_id/description,description,26,sha256-7adb9148e804753d2d65d3a2e35d698884d70c6131f8f968f046445cf25e7d7b
/components/schemas/CreateIntegrationRequest/properties/ai_provider_id/example,example,6,sha256-7d3194f79e645c42e4396dda38be04766810ec6a00d00aced3ffc2a0a1f1a9ef
/components/schemas/CreateIntegrationRequest/properties/configurations/description,description,38,sha256-0343cd510c01184b858032b2e5cf3447a08a20515f42885c429634ec1545c9c9
/components/schemas/CreateIntegrationRequest/properties/create_default_provider/description,description,114,sha256-d3017cc3e9825769973b65d13256cb236921797558a3801bcc3045a6abb34fe0
/components/schemas/CreateIntegrationRequest/properties/default_provider_slug/description,description,193,sha256-319811c5fa2c7e82b93571eab95c476e92d37aa1b789660ac14780275e2c1d1f
/components/schemas/CreateIntegrationRequest/properties/description/description,description,39,sha256-e9a7a3c41396c1e3b784e7d472b9b61d5dd351cd52ed1ce87cd3ec35abac1922
/components/schemas/CreateIntegrationRequest/properties/description/example,example,62,sha256-c4dab8ebd933b13ac0cb6236f69b16f7c8adaeee6e75e1ecff38dac6777e8961
/components/schemas/CreateIntegrationRequest/properties/key/description,description,38,sha256-931a6d2c1816f88b16a84b4045c39703faccfd5c533a50113de2f968eca79ba7
/components/schemas/CreateIntegrationRequest/properties/key/example,example,6,sha256-6946d3ffe03d648cf11d876d5bac1994f673af8cb2beb50a4ca4f53b0f82f704
/components/schemas/CreateIntegrationRequest/properties/name/description,description,39,sha256-cef10343c253ed3fde7cadb832dc13f569499d84f0e03238bf0a6655b46c1e4b
/components/schemas/CreateIntegrationRequest/properties/name/example,example,17,sha256-01011c85d78e98c615aa900dadd1613487873058fd567202db2e7d72084d18af
/components/schemas/CreateIntegrationRequest/properties/secret_mappings/description,description,308,sha256-72547dd513010311469a2ce5091b2e7ca094f09d1ec0fb9a9149f66026e61c69
/components/schemas/CreateIntegrationRequest/properties/slug/description,description,56,sha256-003c04d7b7222b4c26ceed6e2a9c2c1567c9cd5c586b01ec50b25e5a0de3792c
/components/schemas/CreateIntegrationRequest/properties/slug/example,example,17,sha256-e45abafc1a0e5616736f038a2a418368142f18e1d7db7dff359b53dfedc07f55
/components/schemas/CreateIntegrationRequest/properties/workspace_id/description,description,48,sha256-ed0f521d13a668620511c4fbc498decd60a3f49c0df4f2f8a11a4ac321be1535
/components/schemas/CreateIntegrationRequest/properties/workspace_id/example,example,15,sha256-6903189483ac8bc8a0b071fac3b3e530da2f8570c7807f9194d47f1ce97362e9
/components/schemas/CreateInvite/example,example,74,sha256-dac37518fc2e2ec785c12c3343eb0659311c858fc91bf6b6cc62d4871ab49431
/components/schemas/CreateLabelRequest/properties/color_code/description,description,24,sha256-f9cf32d84fe14c3c39327ff17f5b079eebc12127a6d0c7ce39b288359b2d357d
/components/schemas/CreateLabelRequest/properties/description/description,description,24,sha256-aaf237f23924af7a27701ce28494fab56df91693204ecb1743b7e2edf26a0553
/components/schemas/CreateLabelRequest/properties/name/description,description,17,sha256-e2b9d95361911c4fdbc41e5183173eaa7df4c5ba39e9b354b767dc11896c4cec
/components/schemas/CreateLabelRequest/properties/organisation_id/description,description,22,sha256-c3dfa797890694d62f4d798cf68ac9fdde8076eca2a65812ffdc94ecdad6a0f9
/components/schemas/CreateLabelRequest/properties/workspace_id/description,description,27,sha256-b406b1901d2e95a12a49cb081ee59adff24b5c94ce2b7354edd6384768019b4e
/components/schemas/CreateLabelResponse/properties/id/description,description,23,sha256-cf854d399ae1825fc8cae98a8cdcac537f103563991372e65938d5fab3ad450b
/components/schemas/CreateMcpIntegration/description,description,197,sha256-c6e6a590399f70746af12c8f9afe896fedfb5d3a475c1800871e25ab122785dc
/components/schemas/CreateMcpIntegration/properties/configurations/description,description,62,sha256-7ca6b2687bcf463a865788d3bb2ec74ecf5c63395c7fb076158a07f5a49f7a7f
/components/schemas/CreateMcpIntegration/properties/configurations/properties/custom_headers/description,description,41,sha256-a8b773ec81b7c6a3e8334734b5ce256e10c55e6d411c9da6cac6db8d54c071ed
/components/schemas/CreateMcpIntegration/properties/configurations/properties/custom_headers/example,example,44,sha256-7701df6f9410132d2f7c5d17f5a718ffd5e3b5f882bc1682a31b7edaf74c36a2
/components/schemas/CreateMcpIntegration/properties/configurations/properties/passthrough_header/description,description,68,sha256-c56ff673820bed0bbe9dc249b6d8814534814c13f68f1be86607bf51bc286aba
/components/schemas/CreateMcpIntegration/properties/configurations/properties/passthrough_header/example,example,93,sha256-ec576efae30e9ed80b6054769baa5e3f16e7661b5d0cab2c3a78da31673f210e
/components/schemas/CreateMcpIntegration/properties/name/description,description,35,sha256-5486abebd419133a6981050cb69e4bedaf37954079b17a1b5fa1c137a4800e64
/components/schemas/CreateMcpIntegration/properties/organisation_id/description,description,86,sha256-0d8193df36b6d452225824cde9db8eb96707576ab4f989d3bec3f23de3703530
/components/schemas/CreateMcpIntegration/properties/secret_mappings/description,description,191,sha256-e919d46aa909b8cac4b825b7e55771cc08457f4a6e131a7809637396ff64f836
/components/schemas/CreateMcpIntegration/properties/slug/description,description,49,sha256-5e5e2e224563675fc8019173f88ed534f952bd6010488eea3d0e0d3d7fdfd6f9
/components/schemas/CreateMcpIntegration/properties/url/description,description,14,sha256-4f5aff033a99aafc3fd8ada21494659861d67bf9ae5f7a448c679fef2c222999
/components/schemas/CreateMcpIntegration/properties/workspace_id/description,description,53,sha256-5a5058a1a12a7919a65a1cdb99d136952040024236c509b9dcbb145ed467446a
/components/schemas/CreateMcpServer/description,description,64,sha256-6b3c5aa08e483c94b846f3dd00a8cd6592a4a9e060ea924e7e351bb260663945
/components/schemas/CreateMcpServer/properties/mcp_integration_id/description,description,33,sha256-47c0f656630d8d7ed744186b337b2a50d9fa741a99e43393ae859791c3d2f487
/components/schemas/CreateMcpServer/properties/name/description,description,30,sha256-319c5ddea20647362094f34c404bbf18fb1651b78af52c9e5652173251d8eb77
/components/schemas/CreateMcpServer/properties/slug/description,description,49,sha256-5e5e2e224563675fc8019173f88ed534f952bd6010488eea3d0e0d3d7fdfd6f9
/components/schemas/CreateMcpServer/properties/workspace_id/description,description,70,sha256-584965bd8d4bc026468d44c428b6831c82f41aabdc775c82bfcef4dbc9d7fa66
/components/schemas/CreateMessageRequest/properties/attachments/description,description,79,sha256-2167cd15a5e42e7cc97b29f0ad0c847680ccc9ac9a821c1a62ca84d82cf409ea
/components/schemas/CreateMessageRequest/properties/attachments/items/properties/file_id/description,description,44,sha256-97c5050d63242c9ce836ee354b475098a6adc378e6d070875be038c043fec21e
/components/schemas/CreateMessageRequest/properties/attachments/items/properties/tools/description,description,30,sha256-77be182ea6863fb9528c0f6a1b0ad2b87359e078b1b4753e5f431f869da7d138
/components/schemas/CreateMessageRequest/properties/content/oneOf/0/description,description,33,sha256-3551d109ef78df758e8d3d0bad4d1078007e47cc193d54b9cc4909a3a6e53b0d
/components/schemas/CreateMessageRequest/properties/content/oneOf/1/description,description,243,sha256-f639eca680d99b16fadae7946b9e597fb5aa55dbbcb9eeda4a62ffe39f28ccd5
/components/schemas/CreateMessageRequest/properties/metadata/description,description,251,sha256-aadc6b3206c81bd0e8d27ed365f2f94d919dccadd091177eb85e60996bf76904
/components/schemas/CreateMessageRequest/properties/role/description,description,350,sha256-b5623c21b6b1cb7803bfcd5efd4018030c47535a0bb45373dc8511dd7e647c54
/components/schemas/CreateModerationRequest/properties/input/description,description,26,sha256-6b120b279f04d508a490ca3caf0c0682a05a76549a4251fd026699912bc84101
/components/schemas/CreateModerationRequest/properties/input/oneOf/0/example,example,20,sha256-4043c4633ddf612cd9ce510624e070a75fc579bcf27ceff87b1c5a559bf0ff3f
/components/schemas/CreateModerationRequest/properties/input/oneOf/1/items/example,example,20,sha256-4043c4633ddf612cd9ce510624e070a75fc579bcf27ceff87b1c5a559bf0ff3f
/components/schemas/CreateModerationRequest/properties/model/description,description,439,sha256-c77614182458ad90c95855b95eb80c20204e12070410415946fe03f83a8c8057
/components/schemas/CreateModerationRequest/properties/model/example,example,22,sha256-f81aea878b702c2f94c8d562c6720fe13d0787f99fb61081665971d68110cf04
/components/schemas/CreateModerationResponse/description,description,56,sha256-8be74f4cbb4d34bff63a89d61df2741c09f89eb04387f0f94009a3b9f9ff4c2e
/components/schemas/CreateModerationResponse/properties/id/description,description,49,sha256-f709a2e14f7d91f8e31c4aa9215c06f9688aefafbea5159f61b46dd135af8c46
/components/schemas/CreateModerationResponse/properties/model/description,description,50,sha256-b0a3301fdc812bcad73a8ab15573ec54e8e734f4f946dcae5714fba808cc9190
/components/schemas/CreateModerationResponse/properties/results/description,description,29,sha256-51e14145d1e132c0b3f36d2997ee61f908970012a2321969067c2c6a4b79badb
/components/schemas/CreateModerationResponse/properties/results/items/properties/categories/description,description,62,sha256-7e2f162f3212892548877324cc19a96467b913919822ce67bbe98de4d4071af2
/components/schemas/CreateModerationResponse/properties/results/items/properties/categories/properties/harassment/description,description,83,sha256-c41e5d357bc6fe65082720296e17e6ad280c70d27c54270d4dfb1095a0bef92b
/components/schemas/CreateModerationResponse/properties/results/items/properties/categories/properties/harassment~1threatening/description,description,82,sha256-d2d211a029c4122fbd38dbc65a6bcc875da1593c426673a1cbdecd2539f6cd58
/components/schemas/CreateModerationResponse/properties/results/items/properties/categories/properties/hate/description,description,238,sha256-84bf944b2f301e072af191016004e08df1c498f14704e567fcf754f4b89d9e2b
/components/schemas/CreateModerationResponse/properties/results/items/properties/categories/properties/hate~1threatening/description,description,192,sha256-d65b3702b7a610b5047491f5dcac5fca0c76296a5a3516ed9592bee199120e25
/components/schemas/CreateModerationResponse/properties/results/items/properties/categories/properties/self-harm/description,description,112,sha256-9ec983c2d5caa167ee6e07e885e8afb84b0529caa9f0365cea20e2163f9f7ecb
/components/schemas/CreateModerationResponse/properties/results/items/properties/categories/properties/self-harm~1instructions/description,description,166,sha256-61a25a154210acab7a2667fe51a176a7f34f7efbbd38b1046adb1bd489ace8a2
/components/schemas/CreateModerationResponse/properties/results/items/properties/categories/properties/self-harm~1intent/description,description,148,sha256-0ecc6d9975834bf01ecd10f59e5efc1b55171484f58039c6283081ef5133a7cd
/components/schemas/CreateModerationResponse/properties/results/items/properties/categories/properties/sexual/description,description,159,sha256-11a0bc2bc3e6c7a0500e012fb51f6a5b7f2d75e6664dae898a1b0bd929b8345a
/components/schemas/CreateModerationResponse/properties/results/items/properties/categories/properties/sexual~1minors/description,description,69,sha256-3e2e1fd2feeea28b9fc0aa13002a3c62c2a888c6d45493ef87a8f9b3c57b81d8
/components/schemas/CreateModerationResponse/properties/results/items/properties/categories/properties/violence/description,description,57,sha256-f67cfe0cdca6ec4cc2fa0651282c8f4671d520f7c7e1767089eff753ced82fd6
/components/schemas/CreateModerationResponse/properties/results/items/properties/categories/properties/violence~1graphic/description,description,75,sha256-05660966c68213d6c08c0df9205ba2856e0e3357e177d8780166b6eefefec01d
/components/schemas/CreateModerationResponse/properties/results/items/properties/category_scores/description,description,71,sha256-b571b34beda6cb579165d1a59e2ced146e4d76e714413e875540c07fdabcd21a
/components/schemas/CreateModerationResponse/properties/results/items/properties/category_scores/properties/harassment/description,description,40,sha256-fcbc8c4b799de358d69c29f86c91d17bfe4a2037925317ecebafba9d83e4801a
/components/schemas/CreateModerationResponse/properties/results/items/properties/category_scores/properties/harassment~1threatening/description,description,52,sha256-8609526e5b3c2eed72c4eb2653e475001f8f5271d4252283f3b4519acfc00abc
/components/schemas/CreateModerationResponse/properties/results/items/properties/category_scores/properties/hate/description,description,34,sha256-bd84b0e7371238ab8ece1204f0e00ff4a0ed6b433ec8112de8de744a5ebe7a12
/components/schemas/CreateModerationResponse/properties/results/items/properties/category_scores/properties/hate~1threatening/description,description,46,sha256-daba18e5571c6a961fc44ad1e5acd1124a500aee801c6b24f6a67e8d9bd6c94b
/components/schemas/CreateModerationResponse/properties/results/items/properties/category_scores/properties/self-harm/description,description,39,sha256-2c1c73774950da9efafe181af2713da703afed9f1fab1a38eaa499c140beef95
/components/schemas/CreateModerationResponse/properties/results/items/properties/category_scores/properties/self-harm~1instructions/description,description,52,sha256-b7699d2a220e266ff41cec1e65bb5fe802a9f90273ef0b700208ca6208997b93
/components/schemas/CreateModerationResponse/properties/results/items/properties/category_scores/properties/self-harm~1intent/description,description,46,sha256-6c4b72ae575100967b780eb878bad2c219702c314caa4679ab202735ba27692e
/components/schemas/CreateModerationResponse/properties/results/items/properties/category_scores/properties/sexual/description,description,36,sha256-d119945826accc50e4ed4ca3c00433f462cbc78e88f5818942a05e00585f5128
/components/schemas/CreateModerationResponse/properties/results/items/properties/category_scores/properties/sexual~1minors/description,description,43,sha256-0f4fcae3ad8c1faecc573337921c35862ad61824a375b11e01cfc21fb4566155
/components/schemas/CreateModerationResponse/properties/results/items/properties/category_scores/properties/violence/description,description,38,sha256-585af4c0bb3f687922dca9c9a2bcafca4569af6ed38e3bf99566bd162c3d4941
/components/schemas/CreateModerationResponse/properties/results/items/properties/category_scores/properties/violence~1graphic/description,description,46,sha256-c332a238588bcc696a7dd22026ff84e23aacdb9348a7bca0678b3595dcea8841
/components/schemas/CreateModerationResponse/properties/results/items/properties/flagged/description,description,48,sha256-6b803b49040376b881a3542686b9a079892a1ae385bc206483280d7ebf8d2a02
/components/schemas/CreateOcrRequest/description,description,120,sha256-10e36c038b1594f8fedb251e7980e97526bf7a28eca8391c3faabddbc040731c
/components/schemas/CreateOcrRequest/properties/document/description,description,72,sha256-9f9dea1eac71d74838c7057a4b7f9aedfa61728faed54ab9b5bbc8c7d1908b3a
/components/schemas/CreateOcrRequest/properties/document/properties/document_url/description,description,114,sha256-ea03684f819311bddc781a0dc6d710044bdd2c8d46040d3034b8d9b4d855185c
/components/schemas/CreateOcrRequest/properties/document/properties/document_url/example,example,32,sha256-b02bb79120077c995f8956063d290d1b281ace7fd610e300c4d078bb3e9c323c
/components/schemas/CreateOcrRequest/properties/document/properties/image_url/description,description,27,sha256-138a6add754863443af685a53a6fe640df5921451ffccae93be9287fd8d29800
/components/schemas/CreateOcrRequest/properties/document/properties/type/description,description,28,sha256-b5bab7cf885fbc2aa54474d6506f532ed2f4a98df9c24de68efa5ed16af7cbd0
/components/schemas/CreateOcrRequest/properties/document/properties/type/example,example,12,sha256-a1a78061c4373600e73d8f7fe040c9fa60223b9067ae67fec6db4d4719e4f4ce
/components/schemas/CreateOcrRequest/properties/image_limit/description,description,78,sha256-2e3f6b9749bd82995523d8b3f7ff162920c41270bd29deaddc4db0e6ef05ac20
/components/schemas/CreateOcrRequest/properties/image_min_size/description,description,67,sha256-c07434f714be610cd5c196413f38e1629544bfa837012d593445e2b1121d024f
/components/schemas/CreateOcrRequest/properties/include_image_base64/description,description,70,sha256-b938522e7730ad9c19e745200f2943394e2d7155f1830230dd5547e61b955574
/components/schemas/CreateOcrRequest/properties/model/description,description,243,sha256-73535fa03bdb4a0b5b57e375ff41e7debb3d5685438722200cecc17a24be1734
/components/schemas/CreateOcrRequest/properties/model/example,example,18,sha256-4c91daa60faf6a5987ed2ad82511c15fc4f49ca8f916c3c6333d69c44dab0551
/components/schemas/CreateOcrRequest/properties/pages/description,description,88,sha256-9bc80626c4b2a0d7655712426452c8c38894bb55f1825cba4c8410feee94f318
/components/schemas/CreateOcrResponse/description,description,69,sha256-cfc5005606a6fb7029574bee25215395003b9490e28f2612a96933b780e5cca7
/components/schemas/CreateOcrResponse/properties/model/description,description,34,sha256-7d65d9b2f424f0178ee3a2cb26a404d2914f2a60c54ad2d054a0f93d552c7854
/components/schemas/CreateOcrResponse/properties/model/example,example,18,sha256-4c91daa60faf6a5987ed2ad82511c15fc4f49ca8f916c3c6333d69c44dab0551
/components/schemas/CreateOcrResponse/properties/pages/description,description,48,sha256-a62a0bc8f9997046f9753cfd5696e9f59bb8bbc059c7b61e84e1e8fec4aea680
/components/schemas/CreateOcrResponse/properties/usage_info/description,description,34,sha256-f2e366bf727352b4b9b89ec66b4b5a11d8becfa53988a01bd4046c6ef9cee02c
/components/schemas/CreateOcrResponse/properties/usage_info/properties/pages_processed/description,description,26,sha256-884dc1f7aacb0c58ee1ef88f9f2316ec3a56ac933608a22def8dc438dd1e55c1
/components/schemas/CreateOcrResponse/properties/usage_info/properties/pages_processed/example,example,6,sha256-ae1949f77bd48bdc9d5f1cab69d44a5889c4f474c4078b4929ed2901b97c0866
/components/schemas/CreatePolicyResponse/properties/id/description,description,19,sha256-f917f707219715a68209fd100f5fac818b2b0fc7e790115263f717a023f3d2d5
/components/schemas/CreatePolicyResponse/properties/object/description,description,13,sha256-c9bf2e8987cca1e21e5c38a8002a0a44792ee8437382c556b2cc66a216748ad3
/components/schemas/CreatePolicyResponse/properties/object/example,example,19,sha256-5ebee9520fbbd217c2362571bd6646f37527ab407cf588163e730f36b0081cd8
/components/schemas/CreateRateLimitsPolicyRequest/properties/conditions/description,description,68,sha256-32dc6ac1dffa1252e427b4f189d4510fdd0d649aaf5b9e1d576ed635a54db999
/components/schemas/CreateRateLimitsPolicyRequest/properties/group_by/description,description,60,sha256-5dba57cb9a56d5f5d5655edc1e461df1299396ebfc3a2bd3619149f9e14f5c46
/components/schemas/CreateRateLimitsPolicyRequest/properties/name/description,description,11,sha256-001caacdfd66f0193360e0f9bb80df260c55a4b54513b334b90ef555b6bbb742
/components/schemas/CreateRateLimitsPolicyRequest/properties/name/example,example,23,sha256-426b8d5027813c21f40e22e28474cc3e91e766166e7ddc7a3daf5905380b7d85
/components/schemas/CreateRateLimitsPolicyRequest/properties/organisation_id/description,description,62,sha256-fea7107b8026dcc712be612fa2f5be3130642088225fc862a3f3ea79596ee99a
/components/schemas/CreateRateLimitsPolicyRequest/properties/target/description,description,143,sha256-e42b5d9ff1c300dd9900611f1a5fe3d8e09bee6e8aacbd62a0bb9418c4e8128e
/components/schemas/CreateRateLimitsPolicyRequest/properties/type/description,description,11,sha256-5e4623659cf48ffbba9857d9f2048693f1eb2c48db64a1518459dc4467349be6
/components/schemas/CreateRateLimitsPolicyRequest/properties/unit/description,description,152,sha256-5faadbe514843e96ceb1fa9d2ced1842e882714566dc909ae639e12690a5055f
/components/schemas/CreateRateLimitsPolicyRequest/properties/value/description,description,16,sha256-67ba8f08199fd9f424fa1bbcc2e58ca77b46be2f629b051fac14e7e2c73ba428
/components/schemas/CreateRateLimitsPolicyRequest/properties/workspace_id/description,description,67,sha256-85cb26dd2a149b6607b411f5707e419a3f1fd8f238075979eb84efdcee2a6f3c
/components/schemas/CreateRerankRequest/description,description,147,sha256-bdf08d813b6641676fdb0feff83cbca632a16a45958b17fd9fa87a145ced5b2c
/components/schemas/CreateRerankRequest/properties/documents/description,description,165,sha256-6c06435b8db5604bdbcc00f9c78a18c28ec027e5902449f92d56a195e3676a72
/components/schemas/CreateRerankRequest/properties/documents/example,example,104,sha256-6812095b5293c2e285272ed512e7d136758fdd1246f28f64898a270ce0e2dd71
/components/schemas/CreateRerankRequest/properties/max_tokens_per_doc/description,description,116,sha256-677ddd118d17902047a2caca5a135bc2196354bb6ce1dd1526e3d78357310912
/components/schemas/CreateRerankRequest/properties/model/description,description,745,sha256-75b0667639bb95f648695c06f1e29144ef7c4fbf1e3f7531267995edd879e02d
/components/schemas/CreateRerankRequest/properties/model/example,example,11,sha256-8d5ecf7f8888a6de6b07c6601c56b0a2e98be9e1a9191b999c3890c2b17a0007
/components/schemas/CreateRerankRequest/properties/parameters/description,description,70,sha256-cc7fa28c0cc09ca35740b71bf83f53eb1db1bcc55b85150cf51ce2b91c2cc9c5
/components/schemas/CreateRerankRequest/properties/priority/description,description,50,sha256-65272e9c927b09b308539cdcd95cb4a1dfe64866fe3af7d972edd5bc0a64cbea
/components/schemas/CreateRerankRequest/properties/query/description,description,50,sha256-9fa303b3f46f9661d5407215b7cef091a0e85426a6e810b16877a7400b6cebbd
/components/schemas/CreateRerankRequest/properties/query/example,example,30,sha256-115049a298532be2f181edb03f766770c0db84c22aff39003fec340deaec7545
/components/schemas/CreateRerankRequest/properties/rank_fields/description,description,108,sha256-7e7bf6807bf0ec0fd6e01159d04aac93fd03a81ade458a67aa3b9a68d3dabc33
/components/schemas/CreateRerankRequest/properties/rank_fields/example,example,15,sha256-46e814ec23b09649b55b3ec6b0f7dd7b7b428aa141b0fd1ae5f214e35320827b
/components/schemas/CreateRerankRequest/properties/return_documents/description,description,94,sha256-9c4f8488babbf4b365d5cceac2e070fd3f07ea7ccc7febb8e4c13b1b9a4f99c8
/components/schemas/CreateRerankRequest/properties/top_n/description,description,180,sha256-2da0be54b6815407172fa7553fd03d4c25a9dc9b8016e7f036a8b056bf5ff9e8
/components/schemas/CreateRerankRequest/properties/top_n/example,example,6,sha256-ae1949f77bd48bdc9d5f1cab69d44a5889c4f474c4078b4929ed2901b97c0866
/components/schemas/CreateRerankRequest/properties/truncation/description,description,105,sha256-d3888c30da761a0437064e0777d67f36865d9cffec2a7980f3a551cb2583c5ee
/components/schemas/CreateRerankResponse/description,description,34,sha256-6c51294f6559ffc0eced5a42d28521fd09995f00b17171f29e283f6c7aad8ca9
/components/schemas/CreateRerankResponse/properties/id/description,description,43,sha256-c013f0de2755e4227636f5b915a33ec2ecb145acac77fca8a6991f8bb03a4d64
/components/schemas/CreateRerankResponse/properties/id/example,example,13,sha256-79f89f6b7f6c24ed729d2fe716c2833e3607681308d9441589059a966a291c2d
/components/schemas/CreateRerankResponse/properties/model/description,description,29,sha256-81964cc235e316e70a267f58182918b272e36e01479c7b4ce2d58b8336b861c3
/components/schemas/CreateRerankResponse/properties/model/example,example,11,sha256-8d5ecf7f8888a6de6b07c6601c56b0a2e98be9e1a9191b999c3890c2b17a0007
/components/schemas/CreateRerankResponse/properties/object/description,description,40,sha256-4da6508bf36c30707041f28259a659c5a7223d804c3c4d66b33b1db97681d65f
/components/schemas/CreateRerankResponse/properties/object/example,example,4,sha256-a330395cc0a53ad1207736546afff4735940937564bbf75ce1edad40780d9139
/components/schemas/CreateRerankResponse/properties/provider/description,description,40,sha256-8c6d4941bec0a51f98d706f03cd3f484eacdfb23d0666df1354762804d9c663b
/components/schemas/CreateRerankResponse/properties/provider/example,example,6,sha256-72e8088a05b38ae3cffbc126c1c2095046c7700edab31ce35867ce8ee3ac8932
/components/schemas/CreateRerankResponse/properties/results/description,description,68,sha256-a5a8b99f9cfdd5dd6067c0ba209d5df7764b14773bffe5bf492ea253813fa6e9
/components/schemas/CreateResponse/allOf/2/properties/include/description,description,357,sha256-cd9a54ed90df4ff16ca61fc949d738a3c1621aa714ed027aaf10e0d61d404a0f
/components/schemas/CreateResponse/allOf/2/properties/input/description,description,554,sha256-65dd92e493f03142848df5adaa45671edc557431db44368c88340b175ca2ed72
/components/schemas/CreateResponse/allOf/2/properties/input/oneOf/0/description,description,77,sha256-b666b9d9a22c09dd758ee9be12d30be0183e13618fb88e80c5f3a3e12302822a
/components/schemas/CreateResponse/allOf/2/properties/input/oneOf/1/description,description,85,sha256-35f2eeaada821392afbafda0d5808f49229106c7f0252f45353953e302b657a0
/components/schemas/CreateResponse/allOf/2/properties/parallel_tool_calls/description,description,58,sha256-9c6a880b523a4cc1b8cb8cabdca3619baf55b7bc79d4eeeff7d34ce7b3363bbb
/components/schemas/CreateResponse/allOf/2/properties/store/description,description,75,sha256-6977bff86b32d9a09e19539d86429063d9f58a454c61160ab24b48c1446ea4db
/components/schemas/CreateResponse/allOf/2/properties/stream/description,description,329,sha256-2b7b99012b54340b9318c0f838dc0d24e69293f8684207871912db6747930fc4
/components/schemas/CreateRunRequest/properties/additional_instructions/description,description,175,sha256-f2023fbfcb19e8f25cb7a148b23c0ae2a5d29f6b63d4b6b5a66cf8fbfbcd11c6
/components/schemas/CreateRunRequest/properties/additional_messages/description,description,63,sha256-cb18d9db00dfcee61e96f5450516c8b6506c017dc108b26cc24bb4fa7b908701
/components/schemas/CreateRunRequest/properties/assistant_id/description,description,112,sha256-0f931c4a96c0d03bf3b98c7d4305d096f27228b7a36ae96ac8bb2a7179f78acd
/components/schemas/CreateRunRequest/properties/instructions/description,description,183,sha256-f2245069d82be33e90fcc324fc669123f86db84c47b80d5f1bfaac8140430fca
/components/schemas/CreateRunRequest/properties/max_completion_tokens/description,description,351,sha256-a2e6d8cad7330ea31642fd1e65b722e5444f33c2ce5ddcdb517393790c5bd6bb
/components/schemas/CreateRunRequest/properties/max_prompt_tokens/description,description,339,sha256-9f0623d6f9a4e96bbc066d648b0e85d45031d681f4fb30977ecd4387d60d8791
/components/schemas/CreateRunRequest/properties/metadata/description,description,251,sha256-aadc6b3206c81bd0e8d27ed365f2f94d919dccadd091177eb85e60996bf76904
/components/schemas/CreateRunRequest/properties/model/description,description,257,sha256-44c62f1aa1e97496e501512f455ba7f5a726296e9e574e482352e229e2b59600
/components/schemas/CreateRunRequest/properties/model/example,example,11,sha256-3b6887a88871f3351ad7ed9d67580d4fc62d5182544cd57e269bebdd0d492eb9
/components/schemas/CreateRunRequest/properties/stream/description,description,168,sha256-67dcd225b71d7a44cb81eebeb76be56f6d412d775ee8fe5ec499ec1a90ecb6a6
/components/schemas/CreateRunRequest/properties/temperature/description,description,181,sha256-8f1311d8a1bf5bb43b88292524d8485d33e83ee79c500dabb5e9b658ff00a53f
/components/schemas/CreateRunRequest/properties/temperature/example,example,6,sha256-0b6477aecfbf4beb7578413d2833a505e8f36d56a749ed3fcc43f85c537408d9
/components/schemas/CreateRunRequest/properties/tools/description,description,116,sha256-4223b4d05b2b6fb5f46bcb08cd6fc04ea6c048ea9aa6a378c6a5b21b6e44c83b
/components/schemas/CreateRunRequest/properties/top_p/description,description,303,sha256-a5c789734dc3e4742b839a23382c9771c4af9a0987dafa36b299dc79bbb073be
/components/schemas/CreateRunRequest/properties/top_p/example,example,6,sha256-0b6477aecfbf4beb7578413d2833a505e8f36d56a749ed3fcc43f85c537408d9
/components/schemas/CreateSecretReferenceRequest/properties/allow_all_workspaces/description,description,50,sha256-516ae9a63ddd91fca506d384848a7d6a19cf24c938cd16dc66baef75e5293376
/components/schemas/CreateSecretReferenceRequest/properties/allowed_workspaces/description,description,85,sha256-2ee85f8f998e2f32133710db45c6a2607e11529527c7643fe723a323f5fa7f14
/components/schemas/CreateSecretReferenceRequest/properties/organisation_id/description,description,34,sha256-33e57eff7c28bcec7febfb7e2943d97c3119d507c79c51f31b450bf1e091672f
/components/schemas/CreateSecretReferenceRequest/properties/slug/description,description,35,sha256-79bb9075bcc9c7675e7764cd8c8dceb8658ce0e1152e5422f24e67def2301685
/components/schemas/CreateSpeechRequest/properties/input/description,description,70,sha256-3283eba152eeb0e9b12b7f0eb007355bc4508209d8908ae4cf566e7a80883ef5
/components/schemas/CreateSpeechRequest/properties/model/description,description,102,sha256-1fa1b37a6a69d037b876ef15e3363291434d748b00bbfa1bf75c4dc25596f43c
/components/schemas/CreateSpeechRequest/properties/response_format/description,description,93,sha256-3ee974f09215bd685ba4dc9217a7b9c5f74a02e68c6b279d58313f99f7b04096
/components/schemas/CreateSpeechRequest/properties/speed/description,description,92,sha256-df030677156b82214a00e42b2c5a203e2bf27ac692f3dcf2737e2eb56a3e3a22
/components/schemas/CreateSpeechRequest/properties/voice/description,description,259,sha256-4f652c8c916e844db14ea8c59d3e9a38f4c021a346a76d4a77be1bf06c3dc041
/components/schemas/CreateThreadAndRunRequest/properties/assistant_id/description,description,112,sha256-0f931c4a96c0d03bf3b98c7d4305d096f27228b7a36ae96ac8bb2a7179f78acd
/components/schemas/CreateThreadAndRunRequest/properties/instructions/description,description,115,sha256-f9da2f972d76c1a67c4f2b1511c3dfb748d107f2347458bb998c366ca3c7bb91
/components/schemas/CreateThreadAndRunRequest/properties/max_completion_tokens/description,description,351,sha256-a2e6d8cad7330ea31642fd1e65b722e5444f33c2ce5ddcdb517393790c5bd6bb
/components/schemas/CreateThreadAndRunRequest/properties/max_prompt_tokens/description,description,339,sha256-9f0623d6f9a4e96bbc066d648b0e85d45031d681f4fb30977ecd4387d60d8791
/components/schemas/CreateThreadAndRunRequest/properties/metadata/description,description,251,sha256-aadc6b3206c81bd0e8d27ed365f2f94d919dccadd091177eb85e60996bf76904
/components/schemas/CreateThreadAndRunRequest/properties/model/description,description,257,sha256-44c62f1aa1e97496e501512f455ba7f5a726296e9e574e482352e229e2b59600
/components/schemas/CreateThreadAndRunRequest/properties/model/example,example,11,sha256-3b6887a88871f3351ad7ed9d67580d4fc62d5182544cd57e269bebdd0d492eb9
/components/schemas/CreateThreadAndRunRequest/properties/stream/description,description,168,sha256-67dcd225b71d7a44cb81eebeb76be56f6d412d775ee8fe5ec499ec1a90ecb6a6
/components/schemas/CreateThreadAndRunRequest/properties/temperature/description,description,181,sha256-8f1311d8a1bf5bb43b88292524d8485d33e83ee79c500dabb5e9b658ff00a53f
/components/schemas/CreateThreadAndRunRequest/properties/temperature/example,example,6,sha256-0b6477aecfbf4beb7578413d2833a505e8f36d56a749ed3fcc43f85c537408d9
/components/schemas/CreateThreadAndRunRequest/properties/thread/description,description,58,sha256-d9ff5eabae43c01d0dc027a395326ead1037c2ed2e598660fb68366006af93bb
/components/schemas/CreateThreadAndRunRequest/properties/tool_resources/description,description,243,sha256-672ec280aebedd784ba67dc3efaa032eb84e5706011681c9e6693dfc222863c8
/components/schemas/CreateThreadAndRunRequest/properties/tool_resources/properties/code_interpreter/properties/file_ids/description,description,183,sha256-40446928829e2546e0da55512cfe123a957f020a39d81e3e27564d4016e087d6
/components/schemas/CreateThreadAndRunRequest/properties/tool_resources/properties/file_search/properties/vector_store_ids/description,description,194,sha256-395991d2654a8dc538c33990cf058c63f04beaee2c77b512e00456a18b101d7d
/components/schemas/CreateThreadAndRunRequest/properties/tools/description,description,116,sha256-4223b4d05b2b6fb5f46bcb08cd6fc04ea6c048ea9aa6a378c6a5b21b6e44c83b
/components/schemas/CreateThreadAndRunRequest/properties/top_p/description,description,303,sha256-a5c789734dc3e4742b839a23382c9771c4af9a0987dafa36b299dc79bbb073be
/components/schemas/CreateThreadAndRunRequest/properties/top_p/example,example,6,sha256-0b6477aecfbf4beb7578413d2833a505e8f36d56a749ed3fcc43f85c537408d9
/components/schemas/CreateThreadRequest/properties/messages/description,description,103,sha256-6c260473eeb59d8e2e8cb6e5d688ccffc12aa632126724c2249e51efcb3dd6cf
/components/schemas/CreateThreadRequest/properties/metadata/description,description,251,sha256-aadc6b3206c81bd0e8d27ed365f2f94d919dccadd091177eb85e60996bf76904
/components/schemas/CreateThreadRequest/properties/tool_resources/description,description,268,sha256-048d909c70c3e8bb748ebe0e8a4a708493dd03613b2d9dd1f015d875d01feb95
/components/schemas/CreateThreadRequest/properties/tool_resources/properties/code_interpreter/properties/file_ids/description,description,183,sha256-40446928829e2546e0da55512cfe123a957f020a39d81e3e27564d4016e087d6
/components/schemas/CreateThreadRequest/properties/tool_resources/properties/file_search/properties/vector_store_ids/description,description,178,sha256-7c353111bb86484a49dbe01eb3fa87b70d16d3468b73c51fb54478aab6b4cea6
/components/schemas/CreateThreadRequest/properties/tool_resources/properties/file_search/properties/vector_stores/description,description,214,sha256-e3588cb4d34a85b8dea8c91d63626cc3b13639e072aa2b9de2baf841c30ed6fa
/components/schemas/CreateThreadRequest/properties/tool_resources/properties/file_search/properties/vector_stores/items/properties/chunking_strategy/description,description,90,sha256-168682c67c7c57616a9218f89d93effa6a5dc544675dce7bf40602b7906340d2
/components/schemas/CreateThreadRequest/properties/tool_resources/properties/file_search/properties/vector_stores/items/properties/chunking_strategy/oneOf/0/description,description,122,sha256-996443e6d2ad15e968c5bbce79675e99a2d4f79cc9881160e395146ce768050e
/components/schemas/CreateThreadRequest/properties/tool_resources/properties/file_search/properties/vector_stores/items/properties/chunking_strategy/oneOf/0/properties/type/description,description,14,sha256-3fee2e00be47d587e7022a84184e1feb8db685708243a5f56b3f89e75b9c78f0
/components/schemas/CreateThreadRequest/properties/tool_resources/properties/file_search/properties/vector_stores/items/properties/chunking_strategy/oneOf/1/properties/static/properties/chunk_overlap_tokens/description,description,150,sha256-137508716e539c09166f1370dced4d692e52dc8c28d92f485f33fbf08b5a009c
/components/schemas/CreateThreadRequest/properties/tool_resources/properties/file_search/properties/vector_stores/items/properties/chunking_strategy/oneOf/1/properties/static/properties/max_chunk_size_tokens/description,description,131,sha256-1752b8b3225de34dbaedcf9961f48ab1b707a7e2a8e45c6590088974c5e98dc2
/components/schemas/CreateThreadRequest/properties/tool_resources/properties/file_search/properties/vector_stores/items/properties/chunking_strategy/oneOf/1/properties/type/description,description,16,sha256-ea10d26ce67536a599ed1d32401c7f55e1e9a6c8dede34feea9441dae36a4fc3
/components/schemas/CreateThreadRequest/properties/tool_resources/properties/file_search/properties/vector_stores/items/properties/file_ids/description,description,160,sha256-d593e62f8bf5b367112651ef5b75ac12b2a667445c1f064dcb5ea28826bdcad2
/components/schemas/CreateThreadRequest/properties/tool_resources/properties/file_search/properties/vector_stores/items/properties/metadata/description,description,262,sha256-a373cd2c53cdcec094735881ec69bf696c3b605e469785aab20d9228473194b6
/components/schemas/CreateTranscriptionRequest/properties/file/description,description,130,sha256-62bc5df1bfc3c27dd17bd96c173694dd5f8d93029d3e9a57b14c99bffba07627
/components/schemas/CreateTranscriptionRequest/properties/language/description,description,174,sha256-204223ca1c7a5564b31ba75f12550227d751101038869998db506605a9f36121
/components/schemas/CreateTranscriptionRequest/properties/model/description,description,104,sha256-3449cfeb52f25b1674d144f6bbd070d92edf2ddb0656619fd0fabd52323196ba
/components/schemas/CreateTranscriptionRequest/properties/model/example,example,9,sha256-c6047764ba07c9c5a32d8226025afbce8a828bcefd300a85cdd19bc64cdd472f
/components/schemas/CreateTranscriptionRequest/properties/prompt/description,description,194,sha256-6ed225f49ef7457cce5b00363e06d97613834cc69be9f485f2fc5e69d54d458e
/components/schemas/CreateTranscriptionRequest/properties/response_format/description,description,111,sha256-5ec5d9186a4b26ef9e0a0853680ed27513e2d61e2581e45582c3abbcfda96384
/components/schemas/CreateTranscriptionRequest/properties/temperature/description,description,346,sha256-7e544fbd68c948ff327fbdfa7862bf7496e7d2beb6a8cbd912f3c5f17cb1653a
/components/schemas/CreateTranscriptionRequest/properties/timestamp_granularities[]/description,description,329,sha256-cfb7db023096a877a929fd548fb311f5b6e2de03ad71998c66d97f7bc3a9d122
/components/schemas/CreateTranscriptionResponseJson/description,description,83,sha256-79bc0b353e94a5d046058c3e787b8f5a4ce5efdeadc63d59169a266f831a95da
/components/schemas/CreateTranscriptionResponseJson/properties/text/description,description,21,sha256-0311f5d6e552f797893daf6e9ff34564b48857fff81faa9440e5fb32154a4163
/components/schemas/CreateTranscriptionResponseVerboseJson/description,description,96,sha256-bf2773ce7098d3f29c1e86af4758d34aec44fcae353fc01ca4058cbd759fbfe2
/components/schemas/CreateTranscriptionResponseVerboseJson/properties/duration/description,description,32,sha256-68480fcae82f3ff0b79966763aa3590516fe1979aa21943fea4848bf9ebb4440
/components/schemas/CreateTranscriptionResponseVerboseJson/properties/language/description,description,32,sha256-50b97d7efa80e60e79db6539e33880830fcdfc2acfb97056d869dbf496627528
/components/schemas/CreateTranscriptionResponseVerboseJson/properties/segments/description,description,65,sha256-c166e998fe6ea0b1dfa7be53f09d4b6a9d43b4cc2bc3a0d29b6a80380e6e030a
/components/schemas/CreateTranscriptionResponseVerboseJson/properties/text/description,description,21,sha256-0311f5d6e552f797893daf6e9ff34564b48857fff81faa9440e5fb32154a4163
/components/schemas/CreateTranscriptionResponseVerboseJson/properties/words/description,description,51,sha256-d5a215090642aa1808c18bdbce642b67604251e69b92b02806d740194e7c54b2
/components/schemas/CreateTranslationRequest/properties/file/description,description,126,sha256-60c0a4c347b0512a7706869428439f56dc960e968361cb13285574fa4efc145a
/components/schemas/CreateTranslationRequest/properties/model/description,description,104,sha256-3449cfeb52f25b1674d144f6bbd070d92edf2ddb0656619fd0fabd52323196ba
/components/schemas/CreateTranslationRequest/properties/model/example,example,9,sha256-c6047764ba07c9c5a32d8226025afbce8a828bcefd300a85cdd19bc64cdd472f
/components/schemas/CreateTranslationRequest/properties/prompt/description,description,183,sha256-f55df1bd07d5b4d7cd2522ae4ac8f4bb98da5f89e73b0e7dcff5662a7adcdf7e
/components/schemas/CreateTranslationRequest/properties/response_format/description,description,111,sha256-5ec5d9186a4b26ef9e0a0853680ed27513e2d61e2581e45582c3abbcfda96384
/components/schemas/CreateTranslationRequest/properties/temperature/description,description,346,sha256-7e544fbd68c948ff327fbdfa7862bf7496e7d2beb6a8cbd912f3c5f17cb1653a
/components/schemas/CreateTranslationResponseVerboseJson/properties/duration/description,description,32,sha256-68480fcae82f3ff0b79966763aa3590516fe1979aa21943fea4848bf9ebb4440
/components/schemas/CreateTranslationResponseVerboseJson/properties/language/description,description,58,sha256-fb6fb94ad1a06ac00f9cc6ece6d17b8e7b935d14a3500804317416c6acbcd982
/components/schemas/CreateTranslationResponseVerboseJson/properties/segments/description,description,64,sha256-1b4f99cf7f6d9dce774e80f21215f5beca41e703aad6d8c5c86a3b75a69a2322
/components/schemas/CreateTranslationResponseVerboseJson/properties/text/description,description,20,sha256-92d5654db44dc7df4c1a26f4b74e4a5a0df376c0ae3cf66f2fc868193c130200
/components/schemas/CreateUsageLimitsPolicyRequest/properties/alert_threshold/description,description,66,sha256-ac5f6072cbcfa71cc1ad865cca5579ccecd9b83ab2e037a46b9f1aac204fe8f2
/components/schemas/CreateUsageLimitsPolicyRequest/properties/conditions/description,description,68,sha256-32dc6ac1dffa1252e427b4f189d4510fdd0d649aaf5b9e1d576ed635a54db999
/components/schemas/CreateUsageLimitsPolicyRequest/properties/credit_limit/description,description,21,sha256-8ebaf85f639e66c25a72e02e1d44010633ae21cd9d99d60411909ef95d657e79
/components/schemas/CreateUsageLimitsPolicyRequest/properties/group_by/description,description,60,sha256-5dba57cb9a56d5f5d5655edc1e461df1299396ebfc3a2bd3619149f9e14f5c46
/components/schemas/CreateUsageLimitsPolicyRequest/properties/name/description,description,11,sha256-001caacdfd66f0193360e0f9bb80df260c55a4b54513b334b90ef555b6bbb742
/components/schemas/CreateUsageLimitsPolicyRequest/properties/name/example,example,18,sha256-d0cbd80db3088044cc653112829d726c31f5f272a62829bf93b42a2c76e389dc
/components/schemas/CreateUsageLimitsPolicyRequest/properties/organisation_id/description,description,62,sha256-fea7107b8026dcc712be612fa2f5be3130642088225fc862a3f3ea79596ee99a
/components/schemas/CreateUsageLimitsPolicyRequest/properties/periodic_reset/description,description,51,sha256-0881c735e1e4e92cb01b29fd8dda9db0fecf7b6cee09425fe6a06e209bb476d1
/components/schemas/CreateUsageLimitsPolicyRequest/properties/type/description,description,11,sha256-5e4623659cf48ffbba9857d9f2048693f1eb2c48db64a1518459dc4467349be6
/components/schemas/CreateUsageLimitsPolicyRequest/properties/workspace_id/description,description,67,sha256-85cb26dd2a149b6607b411f5707e419a3f1fd8f238075979eb84efdcee2a6f3c
/components/schemas/CreateVectorStoreFileBatchRequest/properties/file_ids/description,description,167,sha256-41d2edd992e6612059c465f11684646334529e88362ba2f78fd961a6d6ee8ca9
/components/schemas/CreateVectorStoreFileRequest/properties/file_id/description,description,158,sha256-40ea2fa26ea7b6624595aa19460753992604af651b1f81a80b47e7d6800e0784
/components/schemas/CreateVectorStoreRequest/properties/chunking_strategy/description,description,134,sha256-7fd0dbef2bf65c8715db78b70a6f3efab95e774537605959f5e47343d5b0899e
/components/schemas/CreateVectorStoreRequest/properties/file_ids/description,description,167,sha256-41d2edd992e6612059c465f11684646334529e88362ba2f78fd961a6d6ee8ca9
/components/schemas/CreateVectorStoreRequest/properties/metadata/description,description,251,sha256-aadc6b3206c81bd0e8d27ed365f2f94d919dccadd091177eb85e60996bf76904
/components/schemas/CreateVectorStoreRequest/properties/name/description,description,29,sha256-c05e13965d43c9188f529c4e74b3d98644db766ed4a7648d860d466a1f6869ff
/components/schemas/CustomHostConfiguration/properties/custom_headers/description,description,106,sha256-92fc74696c73b8e93c9bac26650530bf9e2cd743963acb6385195bb3a645aef0
/components/schemas/CustomHostConfiguration/properties/custom_host/description,description,85,sha256-4b3fae0b59ae632a1b9fa634e55d02946f481b5d91a9ab53b480607e28ee50b6
/components/schemas/DeploymentAuthSettings/properties/disable_portkey_gateway/description,description,43,sha256-52974250ce2e10b5dbe9d7ed1d7f66d7f81c7bdf3eb55d8fd8685b736c35a76f
/components/schemas/DeploymentAuthSettings/properties/gateway_base_url/description,description,78,sha256-0d415580c13691f9696a4d353c16a632ec36c1ccde4c47035f804a7f708a88ec
/components/schemas/DeploymentAuthSettings/properties/jwt_sub_workspace_mapping/description,description,97,sha256-3b5936872a7a0d433c9820ce2bc6513189c43141d3c6dbf57b83147afef5a0a6
/components/schemas/DeploymentAuthSettings/properties/use_private_link_proxy/description,description,79,sha256-79c666fa4c037c992c6b05b5f1a6a03a76912e5a8ea5c6c059beaab86fb16b16
/components/schemas/DeploymentAuthSettings/properties/workspaces_allowed/description,description,70,sha256-f554483e0f93f0a73e92047f4c34f24b567742547204d9bf682b7ada38e04942
/components/schemas/DeploymentAuthSettingsInput/properties/gateway_base_url/description,description,78,sha256-0d415580c13691f9696a4d353c16a632ec36c1ccde4c47035f804a7f708a88ec
/components/schemas/DeploymentAuthSettingsInput/properties/jwt_sub_workspace_mapping/description,description,97,sha256-3b5936872a7a0d433c9820ce2bc6513189c43141d3c6dbf57b83147afef5a0a6
/components/schemas/DeploymentAuthSettingsInput/properties/workspaces_allowed/description,description,70,sha256-f554483e0f93f0a73e92047f4c34f24b567742547204d9bf682b7ada38e04942
/components/schemas/DeploymentCreateResponse/properties/client_auth/description,description,84,sha256-32ee8975344a466f6d232e560e78326d989c2cfe5fb174ef4ba202ed2e4e5ccb
/components/schemas/DeploymentCreateResponse/properties/credentials/description,description,71,sha256-4816c20b130a7adaa60e52e8af0c07797009996a2d9741f87b62bd340146ed8a
/components/schemas/DeploymentDetailResponse/allOf/1/properties/auth_settings/description,description,141,sha256-bdc68f95aaff64162ddfc0df60aa02f900e33460066674fe309c167699d67395
/components/schemas/DeploymentDetailResponse/allOf/1/properties/client_auth/description,description,69,sha256-7e1b8c0bbde40ae2f8718c7fe3e8b8c971892a1c9eb7658d62a6d71c1e82edcb
/components/schemas/DeploymentDetailResponse/allOf/1/properties/credentials/description,description,13,sha256-413d8f501b8e6b86dbc08c9f984f35bb5f24bae0a90867fda72cd752f336ccb5
/components/schemas/DeploymentListItem/properties/connection_status/description,description,95,sha256-fb3cd6667ab8c99c15a8df00a82f18fef15fc5e0b5a210ab1751438b76ffc2d4
/components/schemas/DeploymentPingResponse/properties/outbound/properties/version/description,description,40,sha256-645ad5c33308e449b73aae7f8ab366642d2289b1ddb8f28af8ba30ed12dd8545
/components/schemas/DeploymentPingResponse/properties/status/description,description,51,sha256-6abf2fcf7ed78b71a72433a0abcda475c82c2edf1cc94f422c5573c877a9d51b
/components/schemas/DeploymentTags/description,description,197,sha256-c0f999bab7516684d8d829d0d88e50a6a0d95756f0d63355eae698502ab2e175
/components/schemas/DeploymentTags/example,example,45,sha256-47153f0a5f160865ab9027a98f17874aa5fee6cf77b4215d1298dee23802615c
/components/schemas/DoneEvent/description,description,26,sha256-f1830512930665d053eca298d8d79323c96436dd38ae8d1ae18b79ee8305b5b2
/components/schemas/DoneEvent/x-code-samples,x-code-samples,38,sha256-6eac238ab489b5dc9e6f162fd2734baaac8ee347d95fdd4657e811bcd140378a
/components/schemas/DoubleClick/description,description,23,sha256-bcd59681d8da71b286d006b6c04703fa99f64c8f55964f3114177d45812f24f8
/components/schemas/DoubleClick/properties/type/description,description,101,sha256-d4df0bc06bfea23d3eac9e114137d1218afe31c799bf66c837308be01ac3ef96
/components/schemas/DoubleClick/properties/x/description,description,50,sha256-a8c557348acd29fd522e0a6603e3a771c0942c5dada53c2505b766a13413bb1c
/components/schemas/DoubleClick/properties/y/description,description,50,sha256-d6797829ddb093a754514ac9a4fe08303a154fa772e4c726a1631e76c40b192a
/components/schemas/DownloadLogsResponse/properties/signed_url/description,description,50,sha256-c5f9176dbb0765637cb14bddcbe45bc37d946e36d0b7b0b3c84c9a789047cdfd
/components/schemas/Drag/description,description,15,sha256-467306ac08aabd8ba02ac3073ee730d3544afa79f5fba038ca68e01a1e21c567
/components/schemas/Drag/properties/path/description,description,172,sha256-882c70b599a97cf3651bd4f72e65487956a5dd15c8c2f24142aead1875b3bdc1
/components/schemas/Drag/properties/path/items/description,description,51,sha256-9ec7de82466d4864b00bcc8bbae7137e15b5fa7e8c781976dc7d1f16e1d3151d
/components/schemas/Drag/properties/type/description,description,85,sha256-da13bda195fad686c289b85b588244523109ab6cd534eecc7ae2b22eaca693e9
/components/schemas/EasyInputMessage/description,description,314,sha256-7db749d9fab7d3c4dd15a751889a98cc1cbb6cb601270b449e8a131b00b3a0ce
/components/schemas/EasyInputMessage/properties/content/description,description,118,sha256-2d9878df6b54e7d6d5f45ad3fd37ccab8c9b0c4a049f3c53e8d3812d8d00734e
/components/schemas/EasyInputMessage/properties/content/oneOf/0/description,description,27,sha256-df5bc3f5b3a380599e0f62d648ca0bc3d2ee421990559fb5cbb6dbd5eff7eff8
/components/schemas/EasyInputMessage/properties/role/description,description,85,sha256-d643460ec4ff7883bed43c1f9973213b3a88461fed1ad2351076f788df64e4dd
/components/schemas/EasyInputMessage/properties/type/description,description,49,sha256-61c119606a29a3dbb5370bd839cd311a84d1930f4e5108ed0fa8a54be7853753
/components/schemas/Embedding/description,description,63,sha256-07c65a1ff63765c906cf5b3c8a555654599bafee500ae39a4ea9a8d76bbe6740
/components/schemas/Embedding/properties/embedding/description,description,179,sha256-b2c86b056ae7ac74ec08d91b22dac6c70bea2e89c0c04a004b82de5a7add1496
/components/schemas/Embedding/properties/index/description,description,53,sha256-96c144181c5042750d0fed1f9de28aa8c16b93e778d8e1e79aeb7e167eda0edd
/components/schemas/Embedding/properties/object/description,description,45,sha256-3445567b1ee9e552b7af6b2778c65bd313a695cda979c75d9517c2a36f45dfcd
/components/schemas/Embedding/x-code-samples,x-code-samples,227,sha256-f4d62365e08b0427aab3103d09023fce005178089c656c037bdf77abddbcd59d
/components/schemas/EndsWithParameters/properties/not/description,description,37,sha256-c2cbdfe359335d7beec75e2a2b737343c52eb675fb68e74c6930844d8e6fbdc3
/components/schemas/EndsWithParameters/properties/suffix/description,description,19,sha256-60b08a6c95b8f89740141667c4185a1119d79d0919e13c7d853b8b02fd4320c6
/components/schemas/ErrorEvent/description,description,156,sha256-466492eeaeb177b6e3dd7f0441b7a183d5b9ad39a8c455f316c739881d4e1194
/components/schemas/ErrorEvent/x-code-samples,x-code-samples,104,sha256-4f82b8039e488aca47c69b81122376445686f25393164bd1515b6d9a6a0d16b6
/components/schemas/ExportTaskResponse/properties/message/description,description,50,sha256-568f5e0ff941f48448cc629d523a4b5b9f6c6c61dd12f5b8cc8b7f10d6f567f9
/components/schemas/ExportTaskResponse/properties/object/description,description,22,sha256-d7419e0f2cb441d556c98a18fec6488d71f222bd240d8e00b92c495f6905af4b
/components/schemas/FeedbackRequest/properties/metadata/description,description,37,sha256-ea4f542376dc679989ec6783c1109032f937e1b6c0b2c9b6f804639efcc5a13f
/components/schemas/FeedbackRequest/properties/trace_id/description,description,40,sha256-aa7c293c7332767af3e88a009cb73edcac028ced0d02bc64fe80c4fd304c53cf
/components/schemas/FeedbackRequest/properties/value/description,description,46,sha256-366897cab03ed23155d0ee1c4151d0f8eb7183e2701d61a64aaed3820c73b174
/components/schemas/FeedbackRequest/properties/weight/description,description,64,sha256-5f9bb41ad1a82d5aa9db1ca52828b1a59834ed55ace5cf55c339bb0cf2a00dbb
/components/schemas/FeedbackResponse/properties/feedback_ids/description,description,60,sha256-b7b162da05e8dd551540393bd867582d5a45ba07b7bd2199ae5123207ffce768
/components/schemas/FeedbackResponse/properties/message/description,description,63,sha256-870758381c53fc625ed9ecbc6856a1abdffb16c34e568a008251a04cc85999b6
/components/schemas/FeedbackResponse/properties/status/description,description,18,sha256-7b5e3fc1b42cad402e0e7e447f658b96f343f157eb6d2196ca37b43cef5c981b
/components/schemas/FeedbackUpdateRequest/properties/metadata/description,description,37,sha256-ea4f542376dc679989ec6783c1109032f937e1b6c0b2c9b6f804639efcc5a13f
/components/schemas/FeedbackUpdateRequest/properties/value/description,description,46,sha256-366897cab03ed23155d0ee1c4151d0f8eb7183e2701d61a64aaed3820c73b174
/components/schemas/FeedbackUpdateRequest/properties/weight/description,description,64,sha256-5f9bb41ad1a82d5aa9db1ca52828b1a59834ed55ace5cf55c339bb0cf2a00dbb
/components/schemas/FileCitation/description,description,22,sha256-184702f8bb0caeb511f28284fd51b52e71eca1e67660ab0b6d2fc0a7efc0f248
/components/schemas/FileCitation/properties/file_id/description,description,20,sha256-b938e8fb63fc0b7b9fd75bbfae8f830c974f1f88913b12f2ee469047e82323b0
/components/schemas/FileCitation/properties/index/description,description,44,sha256-fd2f9caadb17255660ff9cde27492df994ed6dbbb1647fe65b21e03f95643302
/components/schemas/FileCitation/properties/type/description,description,55,sha256-db8f0cca85b76727da2bf237a1ea283fe29d7a542bca611bab14dece99d0d438
/components/schemas/FilePath/description,description,18,sha256-43fb4384a37aa301d3eca2af96e7e5b970b2b3216b8224c820b7445ade9ebb86
/components/schemas/FilePath/properties/file_id/description,description,20,sha256-b938e8fb63fc0b7b9fd75bbfae8f830c974f1f88913b12f2ee469047e82323b0
/components/schemas/FilePath/properties/index/description,description,44,sha256-fd2f9caadb17255660ff9cde27492df994ed6dbbb1647fe65b21e03f95643302
/components/schemas/FilePath/properties/type/description,description,47,sha256-68031b215bde4b940a4c9edadcdd0deeae372471752f8f30dbbedfa2d160e206
/components/schemas/FileSearchTool/description,description,136,sha256-0008c8f80ec7f7df511c2c08bd900708f90e2b2c982d60955204f884d4863dd9
/components/schemas/FileSearchTool/properties/filters/description,description,43,sha256-280a9f2b7a08526eadc274b2c9c8712c3918bb6d3c1bca9f3e4c8068896c42c2
/components/schemas/FileSearchTool/properties/max_num_results/description,description,92,sha256-49da89107a9021268fc42bdc220f8bac1de5c85c82b3c6ab09785e2b3215e66f
/components/schemas/FileSearchTool/properties/ranking_options/description,description,27,sha256-cb27b115b2b79bfd35ec7eedb9af8dcf4385e3864b3c1a03047520e02262e66a
/components/schemas/FileSearchTool/properties/ranking_options/properties/ranker/description,description,38,sha256-da1f0db88bdb58b602dc69f4794e4d8b1a1acd74c71e185c8be61945b623fee5
/components/schemas/FileSearchTool/properties/ranking_options/properties/score_threshold/description,description,172,sha256-12af076d8dd8b4aa36a10c7e5681b0437a6333838572a95cd505dd5c881605f4
/components/schemas/FileSearchTool/properties/type/description,description,56,sha256-50c33f74159b34e106da6edaa0df8ca069609dfd70550e34ad4829a4a9ba3335
/components/schemas/FileSearchTool/properties/vector_store_ids/description,description,40,sha256-cd8ba55334a6863d9604f124989cb2b52b74ee38cee25304fac491afed6630bc
/components/schemas/FileSearchToolCall/description,description,123,sha256-bfb456c6d2fdf3665891f44f5fddad4dc80972c4cc18d0537e8299c91d3ee0db
/components/schemas/FileSearchToolCall/properties/id/description,description,44,sha256-c82f7934c7805868be92fd2836082bb9a06d06e9c9de4e3b98aa2969af484a11
/components/schemas/FileSearchToolCall/properties/queries/description,description,38,sha256-835960622c0eba38a44758ed5324377bd209dbe9e6e75a1ac99ab17a7b9170e1
/components/schemas/FileSearchToolCall/properties/results/description,description,42,sha256-3db73b84aaf2113254c3adb6d6c11bf39dca98045f73380b0383309f8624a865
/components/schemas/FileSearchToolCall/properties/results/items/properties/file_id/description,description,27,sha256-4c17f5c4ec52b6df08c01146e07934de5e902671b99f406a7dd766f42c58f72e
/components/schemas/FileSearchToolCall/properties/results/items/properties/filename/description,description,22,sha256-2172450427ef7fd68e7d1b99f53172d9489f9a240fac2468b55556f054147938
/components/schemas/FileSearchToolCall/properties/results/items/properties/score/description,description,59,sha256-f3fa221ade982530be80171aa8902617dc46e5d58ec7f6a29ed3a1613bccf225
/components/schemas/FileSearchToolCall/properties/results/items/properties/text/description,description,43,sha256-e3842e23d59255337322b71c2821af33f7c4cbb73fd7a7eb23fc7d3b4e5cb3f4
/components/schemas/FileSearchToolCall/properties/status/description,description,103,sha256-9b724f021a281fa044b8f5aeb68dad8aec24d8abe294003c6470a049a009b631
/components/schemas/FileSearchToolCall/properties/type/description,description,66,sha256-59ab7e3d043d78be3daf14178ff8194baa26a77b89f3083ceaddb40010a52ebe
/components/schemas/FineTuneChatCompletionRequestAssistantMessage/properties/content/description,description,85,sha256-2f618f4c4c78d40a4fda9c43a6c2741492c4ef1be828f39fac0dc29cc18580c0
/components/schemas/FineTuneChatCompletionRequestAssistantMessage/properties/function_call/description,description,86,sha256-18922c924600cb985cc7b468d959cdf419b24b7b735f4e41796e84304e9444fc
/components/schemas/FineTuneChatCompletionRequestAssistantMessage/properties/function_call/properties/arguments/description,description,273,sha256-8f0e3275940e6fd677223214bde1d4c0afe1e6a04418db6a468d6dd449751de3
/components/schemas/FineTuneChatCompletionRequestAssistantMessage/properties/function_call/properties/name/description,description,33,sha256-5071f76f1de6ec37b0a6a97231e43974714b6432e8a3558a2da29e265c2a6b20
/components/schemas/FineTuneChatCompletionRequestAssistantMessage/properties/name/description,description,124,sha256-f0d227d163aa29c7ed093d51f7c1b2eef68eb5f25d10ee6e8dc3abb3c855a4fb
/components/schemas/FineTuneChatCompletionRequestAssistantMessage/properties/role/description,description,58,sha256-02aab066b22c1489fcb6581dc5a768b73aa135a04ce8ae570bad0c4d9a857ab5
/components/schemas/FineTuneChatCompletionRequestAssistantMessage/properties/weight/description,description,66,sha256-4c99f163c362273861b930966c2fadd78829e4ab4138c32eb469d28435c2c171
/components/schemas/FineTuningIntegration/properties/type/description,description,65,sha256-a08db03d9657a8d77aae1eb0970b4d068e9e4f9a72d740f48cf8f87cedd0ce97
/components/schemas/FineTuningIntegration/properties/wandb/description,description,288,sha256-8ff066f709bebe1ab487c1505276e8170ee0a28243007e909e0a1b1a3a0f38a9
/components/schemas/FineTuningIntegration/properties/wandb/properties/entity/description,description,211,sha256-ab75d5eaf2f997d80f5f93132467010916f2d699ce1df8ead4f9682c62f8e4e8
/components/schemas/FineTuningIntegration/properties/wandb/properties/name/description,description,83,sha256-47b6eb209aaa33110d95ab1a20f15de07e51f6bd6fc0ecbf692b95c958b80145
/components/schemas/FineTuningIntegration/properties/wandb/properties/project/description,description,64,sha256-345523a0d98aa6b40b760976533f410684f5e3668301e3722b1a39d985f7a4f8
/components/schemas/FineTuningIntegration/properties/wandb/properties/project/example,example,16,sha256-cf3026a2d30d854821c35af12bb289ecb7ca063b61281bc350ae8aabde3d8a90
/components/schemas/FineTuningIntegration/properties/wandb/properties/tags/description,description,215,sha256-22d479ca4f3701ed3b6af02d211e2499f946a18a8c88efbc91ad793329591cce
/components/schemas/FineTuningIntegration/properties/wandb/properties/tags/items/example,example,10,sha256-96ff945ee4793d147e518035c60a874294b67b023c0fcbdd37f424ac5e1171ee
/components/schemas/FineTuningJob/description,description,97,sha256-761d59ff4ec7af55b04b019c5087a59349a606fa15f396604d046457c7a5871e
/components/schemas/FineTuningJob/properties/created_at/description,description,73,sha256-551bfcfa9ce92ec370421fa9ec8db0961223522c676b82e5262fb5a6ab599a66
/components/schemas/FineTuningJob/properties/error/description,description,104,sha256-afff8d6d787ca27013bb3f118435d141ef3f44125fd574a39d57f7350f502dd7
/components/schemas/FineTuningJob/properties/error/properties/code/description,description,30,sha256-464a2e5a217382713c35039164a773e0622ca26bd00e2d6e0cea271aac426df9
/components/schemas/FineTuningJob/properties/error/properties/message/description,description,31,sha256-81ef68204ba40b16839a78b6f5809dcff8194f76429111d3f63dae4fa36af999
/components/schemas/FineTuningJob/properties/error/properties/param/description,description,144,sha256-db789ca7bbe2688ebde6b4c0e0c269db4692f7d134338f07ce5fa6bde09f3943
/components/schemas/FineTuningJob/properties/estimated_finish/description,description,146,sha256-8cdc6f9c30801798ba5648dd01db44cca5fee6408fceb3f4cf0506a5987c5ccb
/components/schemas/FineTuningJob/properties/fine_tuned_model/description,description,119,sha256-f993d2cef420f51739a4b8ae7e10fa58c1642d0dc2d6f6b14e5524d139c9c301
/components/schemas/FineTuningJob/properties/finished_at/description,description,138,sha256-27c76d15700f26b4e27e565e14457c78e2c54d4de8f5c9fc82691e02fa8cbe8d
/components/schemas/FineTuningJob/properties/hyperparameters/description,description,148,sha256-50a4d7187694644a1a2bec3b8fd499832b56a3c52fac9fea2629e96d8c18cebf
/components/schemas/FineTuningJob/properties/hyperparameters/properties/n_epochs/description,description,265,sha256-e3bade06703798fb80f8e7eb447edc1d4dcf88b0eb634ed8199e0e10078ef333
/components/schemas/FineTuningJob/properties/id/description,description,68,sha256-c6ea88b9973d1229d140ef512684e24e43a01d279c1b5b0d5a625e84104c4da3
/components/schemas/FineTuningJob/properties/integrations/description,description,58,sha256-16b58db07a006dfb274d42650381c95546666c7d28d6846eb0547cc8975c10c3
/components/schemas/FineTuningJob/properties/model/description,description,40,sha256-fc581a076de8836c90af71ced252f572af322f565c9202e9eea0ae20ce0da8d1
/components/schemas/FineTuningJob/properties/object/description,description,51,sha256-b074744628473bb40c800911a01b422e9c75f92e1dc33f7b171ce0f3e6ce4088
/components/schemas/FineTuningJob/properties/organization_id/description,description,47,sha256-1cca51d8ff701794609e15e07bf263a31241b728d7faeb8bd7187e5d37a01893
/components/schemas/FineTuningJob/properties/result_files/description,description,179,sha256-3ffdc947fec3d79b6b9918e0b30925dc80b168d963b26a4511d3e7805c1a1b2e
/components/schemas/FineTuningJob/properties/result_files/items/example,example,11,sha256-f09b16f67bedec43fc0a43db996a408a723bbbf3a4aff4b60f795a863ff34fa2
/components/schemas/FineTuningJob/properties/seed/description,description,38,sha256-1cea3eebfedf2a30ade528da826dbcf75e06c6ed86a68d5b4865c9aa4ca085bc
/components/schemas/FineTuningJob/properties/status/description,description,142,sha256-fe14bac94d565bbe11f0325be79fc7992e42b458ab926323591a96ba09e63303
/components/schemas/FineTuningJob/properties/trained_tokens/description,description,134,sha256-0165d2afa2f7af86e2bc01e0c7a90b3b59d70772643ee39e7721ccd59851fe60
/components/schemas/FineTuningJob/properties/training_file/description,description,159,sha256-82fcce9e1cb43d1c0e38778a529618ee9525cc7f0cdce853f710e0c9b2b72767
/components/schemas/FineTuningJob/properties/validation_file/description,description,166,sha256-f2b72fe1e42603dcb89c9f33ae21ec93abd30b327cb9588382f5a12a33441c3f
/components/schemas/FineTuningJobCheckpoint/description,description,114,sha256-6d601a29dc32a9848e582d7b63042c3ab463ce57f5fae02868da958def2a2b2d
/components/schemas/FineTuningJobCheckpoint/properties/created_at/description,description,68,sha256-b4c8d33fa4137ca24bdc7e84e035e8999c2d705329f178ac6ebd621f4576e647
/components/schemas/FineTuningJobCheckpoint/properties/fine_tuned_model_checkpoint/description,description,60,sha256-3931e7fa5181a6bf2e63d27ddb13ecca01680bc5ba85c93da6ba426d129cd9dd
/components/schemas/FineTuningJobCheckpoint/properties/fine_tuning_job_id/description,description,70,sha256-3254feeb13595a4b32f0f3c683802ec329426a05e5d11f2c1b8b860a0e33532d
/components/schemas/FineTuningJobCheckpoint/properties/id/description,description,72,sha256-cda354fc83774ae713d5e34d0ec72603a81fe87699eb2d3e77ca25b32f74e4ae
/components/schemas/FineTuningJobCheckpoint/properties/metrics/description,description,54,sha256-cc43b482423aee2c3cfef375c1dc23c9e8712621fa9be334c81556ce9cad7ce2
/components/schemas/FineTuningJobCheckpoint/properties/object/description,description,62,sha256-36ec4f8b50023bbfccc68779715063c33bec0c874829f09e606572997a529a5f
/components/schemas/FineTuningJobCheckpoint/properties/step_number/description,description,51,sha256-fd8dcaad0fab37a6fac293ba3f4d6e496ebc7147305653a07a054c58c69ea20c
/components/schemas/FineTuningJobCheckpoint/x-code-samples,x-code-samples,672,sha256-0903d9c04dcaa0a83b77ed729f4d9e9c42327401831917a00b00b4f996324a80
/components/schemas/FineTuningJobEvent/description,description,28,sha256-a596c85effdfec79a7bcd15157194d53742d6c939f9962d826c5f46e03e53c05
/components/schemas/FineTuningJobEvent/x-code-samples,x-code-samples,237,sha256-1d7d4ba1809b2a38f1c93104b997bd103782b45024c661cc7850a91453f6987f
/components/schemas/FinetuneChatRequestInput/description,description,73,sha256-c97d91388a5902f943b7456044cb1a30c463ab45d7c5694cadd85c845065a684
/components/schemas/FinetuneChatRequestInput/properties/functions/description,description,59,sha256-cd63c676906d00939737f3229ae14b6f616efa03cc3bdc23debe78d3fb2d6889
/components/schemas/FinetuneChatRequestInput/x-code-samples,x-code-samples,599,sha256-4ae71684d86d22ec616c9232048bb327d6cc2395f3971b760eb8f780d3bd851b
/components/schemas/FinetuneCompletionRequestInput/description,description,80,sha256-744dffe8a5d404318e6f45bf73786e32ec3a6a51a51e04e050f3464d1e6b8be4
/components/schemas/FinetuneCompletionRequestInput/properties/completion/description,description,49,sha256-4dfb5de4b0c521ccfcfa68147ab3f14c25027da2d5ee28acf7058332dc2d0847
/components/schemas/FinetuneCompletionRequestInput/properties/prompt/description,description,43,sha256-4e5c6c7e0336b6f07e2efc1652208d124e315460255023d34076cd14a210d5de
/components/schemas/FinetuneCompletionRequestInput/x-code-samples,x-code-samples,119,sha256-fae1dfbec2cd356ad27f0c3c70ec01d8116f5d1cf7d380e2b95c7656a5138c3b
/components/schemas/FunctionObject/properties/description/description,description,103,sha256-f285b390ab4351ad82494db1325f9d5f7ccf7f4ff05caa6a2a0c8148a430fbcf
/components/schemas/FunctionObject/properties/name/description,description,125,sha256-d9563b6d387e152f7dadfb846165fb99eec3c785ac6356da53ada960000e3d2d
/components/schemas/FunctionObject/properties/strict/description,description,332,sha256-ddc5ea51b97ced9a357869a3a3ba494bbf9986594336b3acae7a560c17b59ede
/components/schemas/FunctionParameters/description,description,353,sha256-16fb2d26b9b8a3c87a9d42d875392dcd72a67a99cf23d0431d6193c4d0d444cd
/components/schemas/FunctionTool/description,description,134,sha256-e5972d3f3a0dbf888f81d658c3e5e0af00e92276b00d3115a02b7e2594e6c9db
/components/schemas/FunctionTool/properties/description/description,description,99,sha256-0d2b3f848d0c2fb632ab98f8902689e66f249404f8ceb0e9542b528522766150
/components/schemas/FunctionTool/properties/name/description,description,34,sha256-43e69bcc1225685b9c70fe5a017d69e41f1891ea6333b9f3ccba63f2fb8a285c
/components/schemas/FunctionTool/properties/parameters/description,description,64,sha256-f1a6868dbfd24cf80941e7ca801b2fe4f3b5e687d2ade427da72850c053f11e5
/components/schemas/FunctionTool/properties/strict/description,description,64,sha256-91cabc4178850175aec797de1a7a2ba8ded0634601ef45cf337feb8d7933a122
/components/schemas/FunctionTool/properties/type/description,description,50,sha256-ae5b20d9ccc23d80c1af3c7847dbaf84944dfde61fbf98a4b50b738050e17341
/components/schemas/FunctionToolCall/description,description,118,sha256-58507f9fb3352be6d71f053d645db41d028fa9698098a1ae10150fbe2d235d21
/components/schemas/FunctionToolCall/properties/arguments/description,description,56,sha256-2eb2cacc7163a640909f265ef2b2dc6d50fefdc892ca4e23c222415fbbab4b4d
/components/schemas/FunctionToolCall/properties/call_id/description,description,64,sha256-2042f931f25cd0de5fa3f27e1b8a3e70f5f7d94320a6a0aec43073d593ed69df
/components/schemas/FunctionToolCall/properties/id/description,description,41,sha256-b73764ab2fe0cd4f26e179673fdb792b0cd0573686ca48f5ec0551baf46ab8ba
/components/schemas/FunctionToolCall/properties/name/description,description,33,sha256-f6fc1363e2bc7d4078b1349491e82257af533b80ac7d488a9b2a033654f224b3
/components/schemas/FunctionToolCall/properties/status/description,description,119,sha256-d33718131f994aa5c1277ff4e650160459c868e1deab9087352ccda23a41778b
/components/schemas/FunctionToolCall/properties/type/description,description,60,sha256-4a5936ac01ca24ac2c432b0068a16e986524586969c8ff2255fbd16baeedb060
/components/schemas/FunctionToolCallOutput/description,description,36,sha256-68ae86348aef075cb9a87ae67e334f2f1f1c2bfbb893afe8e31ad98d87a75f2a
/components/schemas/FunctionToolCallOutput/properties/call_id/description,description,64,sha256-2042f931f25cd0de5fa3f27e1b8a3e70f5f7d94320a6a0aec43073d593ed69df
/components/schemas/FunctionToolCallOutput/properties/id/description,description,94,sha256-e0ca94875d06a8797a79180c15d396f6f07529f8ba25b4831d3956014608b9e8
/components/schemas/FunctionToolCallOutput/properties/output/description,description,55,sha256-7800c99c8dc2cd64eda3431d2391728b196f3a41cab6a87a776f3028ab9413ec
/components/schemas/FunctionToolCallOutput/properties/status/description,description,119,sha256-d33718131f994aa5c1277ff4e650160459c868e1deab9087352ccda23a41778b
/components/schemas/FunctionToolCallOutput/properties/type/description,description,74,sha256-df16d98f2064d80816197ff47ca22d286ea4b1435c68d3976b64da468606efb0
/components/schemas/FunctionToolCallOutputResource/allOf/1/properties/id/description,description,48,sha256-6b5617360b5eb9cb462e7e625a5c6e1cd20f8e5047e3669c7feae7ddb19a612f
/components/schemas/FunctionToolCallResource/allOf/1/properties/id/description,description,41,sha256-b73764ab2fe0cd4f26e179673fdb792b0cd0573686ca48f5ec0551baf46ab8ba
/components/schemas/GenerationsFilterSchema/properties/ai_org_model/example,example,44,sha256-2cfa066e110fb62b35774e6fdfa42162e26117728f17de863560b3d6a7821486
/components/schemas/GenerationsFilterSchema/properties/current_page/example,example,6,sha256-d1a64a1e0ab44cd7c752bedc59af8595c2ffdbce67bd98548dee867fe2e68a66
/components/schemas/GenerationsFilterSchema/properties/page_size/description,description,26,sha256-220d43b386ab5b34c1adac25fc5a70e97b8be1513f1f5dfa92f3bba03171a9c3
/components/schemas/GenerationsFilterSchema/properties/page_size/example,example,10,sha256-9f5711db396e9411d4eb7b95e13802092ca572bed8c9d367d8aa99a6337e5304
/components/schemas/GlobalWorkspaceAccess/properties/enabled/description,description,136,sha256-664ad3544c38e79b6c92db3c1c0409828a77c28392cddab8e963766a498b8b0e
/components/schemas/GroupBy/properties/key/description,description,675,sha256-5666344ebc65cb7a13e9aba127b4e0dc8ad3ef3070a7df191b77a88844c806c3
/components/schemas/GroupBy/properties/key/example,example,7,sha256-2e9bc6c94a4cbdfe2a31d2df79103a5eb3702eaf5d7018d47a774e9540a8ec29
/components/schemas/GuardrailActions/description,description,50,sha256-dd15136bd9cf1115bafa8c76d8544c5be8d5544683e73898c52d8955e6710f2d
/components/schemas/GuardrailActions/properties/async/description,description,62,sha256-24043c51853223b944d0baf3f91cfba8b636483bf27fe4a26e3abb43b69c5630
/components/schemas/GuardrailActions/properties/deny/description,description,54,sha256-a76cb1c0a7c9ef87c7864b7b754acd403c7ab94ea714684e6bb77fdec64a7d20
/components/schemas/GuardrailActions/properties/on_fail/description,description,42,sha256-911c1404090e2d0d12649f0b457650c1102074064b6128fd318eb21d1e54d4b9
/components/schemas/GuardrailActions/properties/on_fail/properties/feedback/description,description,40,sha256-3e455c1d4883f793e60b7cc8afd84f6f806d55c336d0fb3459b9e4ab4b15c3e0
/components/schemas/GuardrailActions/properties/on_fail/properties/feedback/properties/metadata/description,description,36,sha256-5ee2548e87550cd349d0774172731ebe292c9088711fd30b76f96ac69b81550e
/components/schemas/GuardrailActions/properties/on_fail/properties/feedback/properties/value/description,description,32,sha256-75afb1202f12fe5d9e8941748efab4bb84aa378c09629540ddae428da254d70c
/components/schemas/GuardrailActions/properties/on_fail/properties/feedback/properties/weight/description,description,22,sha256-7bafe5d63e1435f6c08d5185d091f5f7b4bf3fe976c9a24deecbd82c30091964
/components/schemas/GuardrailActions/properties/on_success/description,description,43,sha256-5c200c99195c6bbb8945e4c51c2f23e38bbc5deb63852a58f648d41418d88c3a
/components/schemas/GuardrailActions/properties/on_success/properties/feedback/description,description,44,sha256-18c24e29f9fe1551ee5c8b61cd95826286b4f08a64bc4bec4686d5c1ea563fca
/components/schemas/GuardrailActions/properties/on_success/properties/feedback/properties/metadata/description,description,36,sha256-5ee2548e87550cd349d0774172731ebe292c9088711fd30b76f96ac69b81550e
/components/schemas/GuardrailActions/properties/on_success/properties/feedback/properties/value/description,description,36,sha256-c29e1ab62ae5f4e5acad0c4c063708f362ffea514ce2e4a69f777fa5c35e993e
/components/schemas/GuardrailActions/properties/on_success/properties/feedback/properties/weight/description,description,22,sha256-7bafe5d63e1435f6c08d5185d091f5f7b4bf3fe976c9a24deecbd82c30091964
/components/schemas/GuardrailCheck/properties/id/description,description,38,sha256-1a93e5f3f74cce9a7546da22cc5566630c5410b56a7baace3d70ea5543f58702
/components/schemas/GuardrailCheck/properties/is_enabled/description,description,29,sha256-ef11ab0d0f92ca4d24bd4512ff90d9631086e6084c19e0f40625441e50f5c0c4
/components/schemas/GuardrailCheck/properties/name/description,description,44,sha256-695dea629fa852851828172682ce54e9dc53a843287c685a12b5685ebb03449e
/components/schemas/GuardrailCheck/properties/parameters/description,description,51,sha256-0d06b0eeffaee30edfb64c8bc47fa97d8cc5c5e5e7fad4586d7dc4d8d0c356a7
/components/schemas/GuardrailDetails/allOf/1/properties/checks/description,description,36,sha256-5b021426f7789374fd69eeb0053cd97bd441fa32899068d94e908750426b9150
/components/schemas/GuardrailDetails/allOf/1/properties/mcp_server_mappings/description,description,81,sha256-5be720967337185c2273f03ecab6057eea0d65f4224262f22a9a09fa95403779
/components/schemas/GuardrailSummary/properties/created_at/description,description,18,sha256-377d18336beb281b3035405022d8627874554ee1a7c098f9a6cb4f2cf7b79652
/components/schemas/GuardrailSummary/properties/id/description,description,34,sha256-8627959c9fd30e2e3ab9610e519cf31397d608749a89abcc5784c600ac7d5618
/components/schemas/GuardrailSummary/properties/last_updated_at/description,description,21,sha256-6bb8e3a0bc13ef6595087877eb49bfd00af7d0657f0e84a8f6d426ad32a44b13
/components/schemas/GuardrailSummary/properties/name/description,description,21,sha256-f2f80eda5c3e1c6985bbf0c109d56d4962417f4fc97f8b5bf4e8d02262463944
/components/schemas/GuardrailSummary/properties/organisation_id/description,description,17,sha256-275de5c375e857d751583dc7a9dbd1726c1fd3a7e68f429ddb6499bd9281788a
/components/schemas/GuardrailSummary/properties/owner_id/description,description,42,sha256-d75f5bc1845356c764687af2a62316a788cb86d2ef3822978d7db22bb571a106
/components/schemas/GuardrailSummary/properties/slug/description,description,17,sha256-4ca997d6782ef7b7be10427d9e7b397917e728f9aa1f3390b7a4079448b32d51
/components/schemas/GuardrailSummary/properties/status/description,description,31,sha256-350dcf8dbdee4d19c8b78f32ad5287d071545960d8285d4a49a0c7672dd4dd5a
/components/schemas/GuardrailSummary/properties/target/description,description,90,sha256-2f4e6b9c897dd60549ef05298dcd7e5f632c6fbde06dc6ec0ecbe0d4cd6a4878
/components/schemas/GuardrailSummary/properties/updated_by/description,description,47,sha256-7075ef254203ccdd4ff7bad03bba5b2b784bf9c5fdd1d898e2d8ec2dbe82b7c5
/components/schemas/GuardrailSummary/properties/workspace_id/description,description,55,sha256-174d85e43a1e1eaa2f61878b4843472c1954dd94832bf42babd7e7319ab6838e
/components/schemas/HuggingFaceConfiguration/properties/huggingface_base_url/description,description,28,sha256-693ed239613c951dee4e6311eb387d0f891dbdfa1465a77ea7889e3ad2d3a5ce
/components/schemas/Image/description,description,75,sha256-ea9330c68fc9ea39430c9ae9b4db0aea5e0e3e9e7c052111e7fa094c4a162b54
/components/schemas/Image/properties/b64_json/description,description,83,sha256-2c60abf1cad778af79085de79d756350f6c90ce3dad1c64f7bd724aa7cedd6e5
/components/schemas/Image/properties/revised_prompt/description,description,88,sha256-b69264e8c9ef3baa3ac4f200c50bcc931ddaa287b92b5406128173c3bf17e00c
/components/schemas/Image/properties/url/description,description,72,sha256-1593f77639a5788102f2e8bc5c965f351b169a19e927bcb26b80e856a030345f
/components/schemas/Image/x-code-samples,x-code-samples,93,sha256-0303d9e37b53a5c92e09f0bcbb9a14eca1d68bfa742e17187c331a9b0b66647d
/components/schemas/Includable/description,description,357,sha256-cd9a54ed90df4ff16ca61fc949d738a3c1621aa714ed027aaf10e0d61d404a0f
/components/schemas/InputAudio/description,description,29,sha256-370c4637078dd764bfefdece5e7ed9aa6609f0e7f132dd701afd455d093ce123
/components/schemas/InputAudio/properties/data/description,description,27,sha256-a9602d86beab9950aafce9fd269a3bd9714f5c0eb4c0ebc0e86ff6fded50971b
/components/schemas/InputAudio/properties/format/description,description,79,sha256-7d78ad1dac13691d288b39c0ae5d60d190fdc89f0859369498b446a8f8c0f53c
/components/schemas/InputAudio/properties/type/description,description,50,sha256-c8f4c7595743cccfa3f67f67185b0d10b5e3f8be5ef5e5d3b7b628268c47926d
/components/schemas/InputFile/description,description,27,sha256-c31b17c7269432e1453b8d2451912eab54c9f00f077927d9cb5eef3bf6cbbf74
/components/schemas/InputFile/properties/file_data/description,description,49,sha256-689eaa2fd13774ba2c227ae3fd3b62cc73ce61f36883b1fad30df6d2657ec606
/components/schemas/InputFile/properties/file_id/description,description,44,sha256-95fe1c1d8f286be013d52607af79137344eef2cecfc224130b54a42743a9ab64
/components/schemas/InputFile/properties/filename/description,description,46,sha256-bfecc06e338566f0b7d2eaa7b45759de85a5274122e4426fbe4b3368f6274e97
/components/schemas/InputFile/properties/type/description,description,49,sha256-f40e23e61676c86ba2c3142d94cd27f6208f74474861e3c7d6d4f824562f73ea
/components/schemas/InputImage/description,description,78,sha256-58363fef56192e9b25a6cfaa2a5bdcfd73c5f6b55b5e066268c9bfca8ed0c429
/components/schemas/InputImage/properties/detail/description,description,108,sha256-e713dabd1098602ab53d40e1ce88c934587d8cf8e78e842deb90d6374006a9ec
/components/schemas/InputImage/properties/file_id/description,description,44,sha256-95fe1c1d8f286be013d52607af79137344eef2cecfc224130b54a42743a9ab64
/components/schemas/InputImage/properties/image_url/description,description,107,sha256-5b815082597f5a37f0643f437f60af12c63f3993338b47c9ed4145c8fbb8c124
/components/schemas/InputImage/properties/type/description,description,50,sha256-2ba60316ef470b4b68254dd3037709d7a2fba6a85fa0be483f68331abf1f966a
/components/schemas/InputItem/oneOf/1/description,description,196,sha256-119854c9604ce2a1fb863c5bd5792184e2694c927dce81bec13b6407d6d3d305
/components/schemas/InputMessage/description,description,204,sha256-8a61813d9296da17611ecd0e064d4fb34ee8b4fd36bbd4a65b0b5cff4e5fd2cb
/components/schemas/InputMessage/properties/role/description,description,72,sha256-7c4a3ac802ed4d8c8c85eac6106346e583125e05ebecde3d3da0c302986fe8a0
/components/schemas/InputMessage/properties/status/description,description,115,sha256-5d51411a96abe2f8e7dd928e5ce5ffd53d119a824e74d827968dee904c4609be
/components/schemas/InputMessage/properties/type/description,description,56,sha256-8a0495d02b5a75a1dbecfe30a0e58e0e111303916f0aa336bfcbd10cbb346795
/components/schemas/InputMessageContentList/description,description,85,sha256-82813edf99d9c5acd5d0f334ed40b91478c50d2e28adb8b9b96273cdc70129b5
/components/schemas/InputMessageResource/allOf/1/properties/id/description,description,36,sha256-df682f3444d2eba3e70770467edee3627a367c7fd9db10f9d29f52b271a671cd
/components/schemas/InputText/description,description,27,sha256-df5bc3f5b3a380599e0f62d648ca0bc3d2ee421990559fb5cbb6dbd5eff7eff8
/components/schemas/InputText/properties/text/description,description,29,sha256-b4a2aed4549ea6c6f3ebf4e183194575404b37babc85addd1b491d1ff8010796
/components/schemas/InputText/properties/type/description,description,49,sha256-72f9dad98d76dde73d430420279b35c4f927ab5951bd1599e15a15ea2b43a5dc
/components/schemas/IntegrationDetailResponse/allOf/1/properties/allow_all_models/description,description,45,sha256-dbee0a3d4547ef57c4b70e70c682fe0b1bbbd21859830099297a2ee306c3e9f6
/components/schemas/IntegrationDetailResponse/allOf/1/properties/configurations/description,description,319,sha256-570528d3b32002daefc558e5745185f2e52f01f33b3c1dc77ee27ba9eddc8e74
/components/schemas/IntegrationDetailResponse/allOf/1/properties/global_workspace_access_settings/description,description,37,sha256-1aa76cf4004715558589888fa55ec80bf953de40e9e1d1d5950118c37c340691
/components/schemas/IntegrationDetailResponse/allOf/1/properties/masked_key/description,description,14,sha256-e0b860307b50db8b27de1f0e13171b1d699b8f62a2e79324f61e1dd5f3a875a8
/components/schemas/IntegrationDetailResponse/allOf/1/properties/secret_mappings/description,description,112,sha256-a913fd6d4e65ec6a689c074cd580bfbd8d5e1eee947649455937d59ec613b92f
/components/schemas/IntegrationDetailResponse/allOf/1/properties/workspace_count/description,description,52,sha256-85b1979c65bf3cf2fdaaba69541ce69e33809d6c791ac575e7a73f6105871d69
/components/schemas/IntegrationModel/properties/base_model_slug/description,description,37,sha256-0a9811105d0681d7330b3382cb72ad2b662b42c1893c6ed875b766b088a1752c
/components/schemas/IntegrationModel/properties/enabled/description,description,28,sha256-28b26ee0ccdd9af03dbed12855fcb56d44d1fb6fe628997e9e0319106dd60cef
/components/schemas/IntegrationModel/properties/is_custom/description,description,30,sha256-ae8c328cf57934fd4b0a34494e7df5f52d2d0950f73894b9edd001514b251efd
/components/schemas/IntegrationModel/properties/is_finetune/description,description,34,sha256-11d8f08ebe497324749223f52fd76d3fe40095bde3ded28cfca11330169f2c99
/components/schemas/IntegrationModel/properties/name/description,description,25,sha256-360284dcbc77e4582a1a8a89a58117a74b85f8089b555c017b2a9b2c31c95704
/components/schemas/IntegrationModel/properties/slug/description,description,21,sha256-bdcc9f5a983ed0d0d3d6712d2e6c161b038909aee215e94bfaaa842984370165
/components/schemas/IntegrationModelsResponse/properties/total/description,description,22,sha256-29e5493225adce1940cc4c2a42c50e638a8360f0fe2c769375d929374b7acaaf
/components/schemas/IntegrationWorkspace/properties/enabled/description,description,32,sha256-634d3ad873f2402944b963c0710279b63eef676703c89c9602ef51473fd87e23
/components/schemas/IntegrationWorkspace/properties/id/description,description,12,sha256-889d892993c3e5f02854f567e39a114f149162d9bedfc1f170415ef6235edb31
/components/schemas/IntegrationWorkspace/properties/id/example,example,15,sha256-6903189483ac8bc8a0b071fac3b3e530da2f8570c7807f9194d47f1ce97362e9
/components/schemas/IntegrationWorkspacesResponse/properties/total/description,description,26,sha256-2f64f8a306301870d8732bf3a2c8cf09184c29095f9d4e316e228ee8f1e005f2
/components/schemas/Invite/properties/object/example,example,6,sha256-5014f9af3a684fdd64a775c1c4c532ee66b1b96cb56b1d02170d2249b6764f75
/components/schemas/Item/description,description,42,sha256-75773418b13076da4ae61a9c509ed7c588729fe4d450f04923d9922d43942575
/components/schemas/ItemReference/description,description,49,sha256-c21848a22ecfd1d26443706672e71339640c2a4b637310f4459abed36cb6d082
/components/schemas/ItemReference/properties/id/description,description,33,sha256-3400a11b7345768081610d9b4cbaa0f0afdb0165c5bf1efcd3ff9e58487b4731
/components/schemas/ItemReference/properties/type/description,description,56,sha256-aaf44b5d9d83631fc8dafdb34568b94ee2d178eeaaeb69b800818e2ccceaa6b6
/components/schemas/ItemResource/description,description,42,sha256-75773418b13076da4ae61a9c509ed7c588729fe4d450f04923d9922d43942575
/components/schemas/JSONKeysParameters/properties/keys/description,description,25,sha256-4996c5f9555ac971659f1a0a663ed8914cadc7b19ccb3655993c35bd270cc2e4
/components/schemas/JSONKeysParameters/properties/operator/description,description,32,sha256-c27f1efdd7e3d3046aea30289677a3e87720b41db4f45d70c4480386f86fd60d
/components/schemas/JSONSchemaParameters/properties/not/description,description,37,sha256-c2cbdfe359335d7beec75e2a2b737343c52eb675fb68e74c6930844d8e6fbdc3
/components/schemas/JSONSchemaParameters/properties/schema/description,description,31,sha256-04b91bbf951af2476af7d209ec36d13a447da95e00b64361fddbda56f6b855c5
/components/schemas/JWTParameters/properties/algorithms/description,description,37,sha256-5fec1f4b89e4209ef712f6ebf754f6a378527fe4f5a40c0d716ac844d46b5698
/components/schemas/JWTParameters/properties/cacheMaxAge/description,description,24,sha256-a372e2a5f304ddc9a8d326abb76bbdc5345de11e5529c1fd8be2976df534418c
/components/schemas/JWTParameters/properties/clockTolerance/description,description,26,sha256-5d7879cb2a1c4da8f03634be41cbad1d1b128d75c8a2a7564cedb66f101b04aa
/components/schemas/JWTParameters/properties/headerKey/description,description,37,sha256-46404bcc053180dbfbdbae880118588738d01c2ec3c06e36f096b2d0aec1b6d5
/components/schemas/JWTParameters/properties/jwksUri/description,description,25,sha256-52200aaab1f559ac265bcd7af358039a6b63b659b937c435b57fe46965f235f8
/components/schemas/JWTParameters/properties/maxTokenAge/description,description,13,sha256-c6997aa3ede1422fa856955c3be6a46cffcf99de002e4803d17d55e476a1b083
/components/schemas/KeyPress/description,description,60,sha256-2a4d88011ccfd70689f9c63cb5b422b632174bfd662908371ca40b71dd111dc3
/components/schemas/KeyPress/properties/keys/description,description,117,sha256-822e23e4be681c7c3a241e4961e4b2f8ed671277e3ab2ef69166123568f2c8c4
/components/schemas/KeyPress/properties/keys/items/description,description,55,sha256-2b1f70e764fa1fdcc3fb2bc0586a1b7d0094965dd821c7e6ee73d71ab8bd3784
/components/schemas/KeyPress/properties/type/description,description,93,sha256-eb4871f12ba5f8207e0b7441702101a00388d4fb9929569667538e714408b080
/components/schemas/Label/properties/color_code/description,description,24,sha256-f9cf32d84fe14c3c39327ff17f5b079eebc12127a6d0c7ce39b288359b2d357d
/components/schemas/Label/properties/created_at/description,description,26,sha256-c841d2bc030fb4781057cd887e8aebe1c5931b47e6de93a62c60eb46d32f9e97
/components/schemas/Label/properties/description/description,description,24,sha256-aaf237f23924af7a27701ce28494fab56df91693204ecb1743b7e2edf26a0553
/components/schemas/Label/properties/id/description,description,31,sha256-a92a22129a7ff761d90b0ca0585b5ab19b8dc80deebf6b2c29ca04d285136332
/components/schemas/Label/properties/is_universal/description,description,30,sha256-cc2bdce756d370c8af207d771fc1622c7e2487804bfc0d856451af50e5e3ac67
/components/schemas/Label/properties/last_updated_at/description,description,31,sha256-955d82505d7d12817aa1523c0f6c672a009468438fc05ef115a024e3ac0e3c32
/components/schemas/Label/properties/name/description,description,17,sha256-e2b9d95361911c4fdbc41e5183173eaa7df4c5ba39e9b354b767dc11896c4cec
/components/schemas/Label/properties/organisation_id/description,description,43,sha256-d65a5e4ce0a53e53b0b6cf6d67a3eb7366c9ec8bb4cd4a1bd4089b6be8b01ea3
/components/schemas/Label/properties/status/description,description,19,sha256-ce54c99057450610a834a551b8893d583fb3adee2f18a2dcfbf09d06f90e0998
/components/schemas/Label/properties/workspace_id/description,description,40,sha256-9581c13f09a9214d8c870268b0b4ea20250f8fbb388e65734a90f5d28cec1034
/components/schemas/ListAssistantsResponse/properties/first_id/example,example,11,sha256-35f60bf58a3c55b6bb9e61de0c30f7b714851418fd29303c63894a3d975578ef
/components/schemas/ListAssistantsResponse/properties/has_more/example,example,10,sha256-b7b277441e695c442b2f5a4c24f73e1f7ed0b561ad375778b3bbb885b8d11afa
/components/schemas/ListAssistantsResponse/properties/last_id/example,example,11,sha256-bc0ca6289a6903e1c7919c732a04db02094804e3a90fcba2cdec17bd8b366470
/components/schemas/ListAssistantsResponse/properties/object/example,example,4,sha256-a330395cc0a53ad1207736546afff4735940937564bbf75ce1edad40780d9139
/components/schemas/ListAssistantsResponse/x-code-samples,x-code-samples,1640,sha256-bece33a171d244d89959b444ddca44ce47bc3a5ef2c4dc233f8229c7f35a0a94
/components/schemas/ListBatchesResponse/properties/first_id/example,example,12,sha256-c49deac8d8b731bae0ca11548dbd82da6db23c80b79fc9c99dc665666398cd69
/components/schemas/ListBatchesResponse/properties/last_id/example,example,12,sha256-2a5bfdfe2c18277cc2e113b50430a90d54929808f30d236bf1760b54b3fa195e
/components/schemas/ListGuardrailsResponse/properties/data/description,description,28,sha256-0534bb024cd406f66472ca2fa59012b61f7a5c47539ca056871f0839b2fc7ac6
/components/schemas/ListGuardrailsResponse/properties/total/description,description,36,sha256-ee69a384c6e4ac0f9dabb923404cd8eb62576f3c922ba8e14a02377fe826e753
/components/schemas/ListLabelsResponse/properties/total/description,description,22,sha256-1de12f4c3900fc7bdb14efefd4ec6a225efd3d8a7cf0220de49368695ae24162
/components/schemas/ListMessagesResponse/properties/first_id/example,example,10,sha256-fcde2fdcba6e954953d8b0ac660ea75269d24251fb954313d5d64f1c09696a2a
/components/schemas/ListMessagesResponse/properties/has_more/example,example,10,sha256-b7b277441e695c442b2f5a4c24f73e1f7ed0b561ad375778b3bbb885b8d11afa
/components/schemas/ListMessagesResponse/properties/last_id/example,example,10,sha256-fcde2fdcba6e954953d8b0ac660ea75269d24251fb954313d5d64f1c09696a2a
/components/schemas/ListMessagesResponse/properties/object/example,example,4,sha256-a330395cc0a53ad1207736546afff4735940937564bbf75ce1edad40780d9139
/components/schemas/ListRunStepsResponse/properties/first_id/example,example,11,sha256-b7ba04104fa7231d541a86b6962065f6d988a5d7bc89eccf4549d644edfb58d9
/components/schemas/ListRunStepsResponse/properties/has_more/example,example,10,sha256-b7b277441e695c442b2f5a4c24f73e1f7ed0b561ad375778b3bbb885b8d11afa
/components/schemas/ListRunStepsResponse/properties/last_id/example,example,11,sha256-53d5b6456309347a93cb98147388bee584b4d1227d1485bee64358c7a501b1c4
/components/schemas/ListRunStepsResponse/properties/object/example,example,4,sha256-a330395cc0a53ad1207736546afff4735940937564bbf75ce1edad40780d9139
/components/schemas/ListRunsResponse/properties/first_id/example,example,10,sha256-29b50a6c08dabfeaeb1696301f4fabe1141db0e17d060572980e5ece4799b5f3
/components/schemas/ListRunsResponse/properties/has_more/example,example,10,sha256-b7b277441e695c442b2f5a4c24f73e1f7ed0b561ad375778b3bbb885b8d11afa
/components/schemas/ListRunsResponse/properties/last_id/example,example,10,sha256-9c25d00bdf9c79388941f91f60cc97292ced61bca56f73a99cb71397e3fa1872
/components/schemas/ListRunsResponse/properties/object/example,example,4,sha256-a330395cc0a53ad1207736546afff4735940937564bbf75ce1edad40780d9139
/components/schemas/ListThreadsResponse/properties/first_id/example,example,11,sha256-35f60bf58a3c55b6bb9e61de0c30f7b714851418fd29303c63894a3d975578ef
/components/schemas/ListThreadsResponse/properties/has_more/example,example,10,sha256-b7b277441e695c442b2f5a4c24f73e1f7ed0b561ad375778b3bbb885b8d11afa
/components/schemas/ListThreadsResponse/properties/last_id/example,example,11,sha256-bc0ca6289a6903e1c7919c732a04db02094804e3a90fcba2cdec17bd8b366470
/components/schemas/ListThreadsResponse/properties/object/example,example,4,sha256-a330395cc0a53ad1207736546afff4735940937564bbf75ce1edad40780d9139
/components/schemas/ListVectorStoreFilesResponse/properties/first_id/example,example,11,sha256-f09b16f67bedec43fc0a43db996a408a723bbbf3a4aff4b60f795a863ff34fa2
/components/schemas/ListVectorStoreFilesResponse/properties/has_more/example,example,10,sha256-b7b277441e695c442b2f5a4c24f73e1f7ed0b561ad375778b3bbb885b8d11afa
/components/schemas/ListVectorStoreFilesResponse/properties/last_id/example,example,11,sha256-b62ddc0ffa7e2a7d5078c502ea5e07492e20fc45dba6208eb5d61b0b0f662409
/components/schemas/ListVectorStoreFilesResponse/properties/object/example,example,4,sha256-a330395cc0a53ad1207736546afff4735940937564bbf75ce1edad40780d9139
/components/schemas/ListVectorStoresResponse/properties/first_id/example,example,9,sha256-5b6d519241dd94f316e765c8bc5de9f9198df9668c15729e085abb1006181bf1
/components/schemas/ListVectorStoresResponse/properties/has_more/example,example,10,sha256-b7b277441e695c442b2f5a4c24f73e1f7ed0b561ad375778b3bbb885b8d11afa
/components/schemas/ListVectorStoresResponse/properties/last_id/example,example,9,sha256-7b4af9c32a2beb04190871405549f5603979966f957f796aae3df16fa19eb2be
/components/schemas/ListVectorStoresResponse/properties/object/example,example,4,sha256-a330395cc0a53ad1207736546afff4735940937564bbf75ce1edad40780d9139
/components/schemas/LogObject/properties/_id/description,description,35,sha256-581d135320dd0cbd890b6e99c68588fb6a0589fa40d88a26d8f9dcbd756fb01b
/components/schemas/LogObject/properties/_id/example,example,36,sha256-a3a9e1ed9732cab28868127be00f1ce921acaefdd5c3b23a6e9e0072bd9c1a34
/components/schemas/LogObject/properties/created_at/description,description,34,sha256-e418b9acd78b86103ab86bb30d55803ecdf201c7e46b437057933a3152dcc832
/components/schemas/LogObject/properties/created_at/example,example,24,sha256-9e37e7cbf2233b25b732d20817961fa1336b147d8e310a162c0c10f64872a111
/components/schemas/LogObject/properties/finalUntransformedRequest/description,description,92,sha256-ac096b91c2acabd0a4ccf703fcc9ea1b4db842f7ac3773e3292bfe8dc5acf961
/components/schemas/LogObject/properties/metrics/description,description,70,sha256-1545f0f651018b5de62bd9259f088201cccaf07931f126bad3ee17230882fd64
/components/schemas/LogObject/properties/organisation_id/description,description,23,sha256-d7f6cb5385e83aca26623cd8dda63a46d1ad8e46007ba69caed26bb52685c610
/components/schemas/LogObject/properties/organisation_id/example,example,7,sha256-83e582565905f7e5bc0074cd776abd13d7ca413991011906c51d96696b92c199
/components/schemas/LogObject/properties/originalResponse/description,description,102,sha256-bb0446c6b8400d730f18931403b54423e123db2d26734697b86533f775d5dbca
/components/schemas/LogObject/properties/transformedRequest/description,description,78,sha256-41eddbc7bdab0ad5820bb0372f4199dbb37e06180199fbfd1382e55729fbd6a5
/components/schemas/LogRequest/properties/body/description,description,57,sha256-8f1a4b9d527b28f15519f5132e88e107f190bf59e76f1bbf6812a29f90eb9942
/components/schemas/LogRequest/properties/headers/description,description,60,sha256-ba0fd932daf9494ed4048cb7099d8cab954485417d995d556812aa7098588993
/components/schemas/LogRequest/properties/headers/example,example,66,sha256-0413947dbae610a75e26012440b5702ad2cadabe5e66c7cf7e12d54ee49d1871
/components/schemas/LogRequest/properties/method/description,description,11,sha256-c00904931215fbb82bb449fcc55d2bdf8941e3f37a7ab5f319857247ff73bdc3
/components/schemas/LogRequest/properties/method/example,example,4,sha256-9aee6b1bcdf617d8e39bb1f2b624c68ea33deb9d48e0364aeaded836d3d00293
/components/schemas/LogRequest/properties/portkeyHeaders/description,description,24,sha256-1ca94d60b635cecd443b1e952118ca890ccf5b1693e1f140c72253717774f1ab
/components/schemas/LogRequest/properties/portkeyHeaders/example,example,96,sha256-5eeee46aa2388d727175169b4532e6afad5c1d3519fe853703b3d071128d6ee9
/components/schemas/LogRequest/properties/url/description,description,21,sha256-e91497d8b6b8f54737153c86bcf2b2697d28ce04b9db28b8df8452bfd0b34d49
/components/schemas/LogRequest/properties/url/example,example,42,sha256-82141e272189210ab931267ec91313de3460102092ac4f85b284b44db52b0caf
/components/schemas/LogResponse/properties/body/description,description,123,sha256-edf1a43963104f9d2727bbbbcc87a6d4a815f5f044f9c0471d5c59b47bee2131
/components/schemas/LogResponse/properties/body/example,example,61,sha256-1190e411322f367d52ed5b8fb411a6f2657e2fa0a7ce362a916b77d2f583f2c4
/components/schemas/LogResponse/properties/headers/description,description,79,sha256-9a53bff81198183b8b054a6ccb117f94d4ad9e0e4b5f31064b8ea6c36cacde29
/components/schemas/LogResponse/properties/headers/example,example,31,sha256-62cced661630ab129e14db108b0a031648196c3d3b1b00b880c3479bb95bdd0f
/components/schemas/LogResponse/properties/lastUsedOptionJsonPath/description,description,47,sha256-b2467bc97e96319f8182769e9904f2d800a8c4858818826ce2792dfdb4dc42fa
/components/schemas/LogResponse/properties/lastUsedOptionJsonPath/example,example,19,sha256-934f18584099c58d1af12f4d57b33c53399803ab6b94e5de299db08b7f1f0c78
/components/schemas/LogResponse/properties/responseTime/description,description,29,sha256-f27484f261309cc49f6486fe978aed82c0f029af0430bce4d9aadab86bbccee5
/components/schemas/LogResponse/properties/responseTime/example,example,9,sha256-1f4d1ab9fa67e1057ada6452d0e145f1125c5f5989b003f591de143cfef943c9
/components/schemas/LogResponse/properties/status/description,description,25,sha256-7af1be9354db58d2c769c1c38f8b6066a77af1e4b1706f8301eebd792fa8a861
/components/schemas/LogResponse/properties/status/example,example,8,sha256-22c4f12557ff6e837ccce24b5a68ac649bb66c975f2342fa898d1c236eb9d1bf
/components/schemas/McpIntegration/properties/secret_mappings/description,description,107,sha256-143af44d3a2aae1fae5ab91a2f1656226f35dad5f7dde179f0eee9f702a0813f
/components/schemas/McpIntegration/properties/workspace_id/description,description,44,sha256-f924f59f935f28c67e46b2b1c40621bfc556f9e11af482eff431f264f2d98750
/components/schemas/McpIntegrationCapabilitiesBulkUpdateResponse/properties/success/example,example,9,sha256-5078e85342382074fb0920497907c64e37c695c8eb6a5760228bc5d54248fe69
/components/schemas/McpIntegrationListItem/properties/secret_mappings/description,description,107,sha256-143af44d3a2aae1fae5ab91a2f1656226f35dad5f7dde179f0eee9f702a0813f
/components/schemas/McpIntegrationMetadata/properties/sync_status/example,example,7,sha256-62a2fed3d6e08c44835fce71f02210b1ddabfb066e39edf1e6c261988f824dd3
/components/schemas/McpIntegrationWorkspaceItem/properties/id/description,description,56,sha256-94fbec3bb3923afe8ef55b2abce115b104483e7000d1351035a9109edd9d863e
/components/schemas/McpServer/properties/mcp_integration_details/description,description,31,sha256-03ec76c26c548b7ac73f3af9c51b84b760f7183b12df61224d9c7ee5d852dba6
/components/schemas/McpServer/properties/mcp_integration_id/description,description,26,sha256-fbaea35c2060e692196bb3da945fe145207c6a8f44dbe70ac727ca5b8dcfb3ad
/components/schemas/McpServer/properties/workspace_id/description,description,31,sha256-03ec76c26c548b7ac73f3af9c51b84b760f7183b12df61224d9c7ee5d852dba6
/components/schemas/McpServerCapabilitiesBulkUpdateResponse/properties/success/example,example,9,sha256-5078e85342382074fb0920497907c64e37c695c8eb6a5760228bc5d54248fe69
/components/schemas/McpServerCapabilityItem/properties/integration_enabled/description,description,68,sha256-7f674dfdfc9a3d131610cd2e082df253128ec467663923f2abb519bc67571a5b
/components/schemas/McpServerConnectionDeleteResponse/properties/success/example,example,9,sha256-5078e85342382074fb0920497907c64e37c695c8eb6a5760228bc5d54248fe69
/components/schemas/McpServerListItem/properties/url/description,description,64,sha256-f2e8feb4a79a1297417f04b15b9a9a8057d94d7c1caa0528c6da95ffe4fd42ce
/components/schemas/McpServerMapping/description,description,59,sha256-3643806ebbcecd4614a01dbfcca7ad2906eac98b9376665857d8534916e29a30
/components/schemas/McpServerMapping/properties/capability_ids/description,description,143,sha256-4ee43b97305c08eadfcf19350a4c31bc9db6b0f0aae4c44abcb58c5cc8e51933
/components/schemas/McpServerMapping/properties/guardrail_id/description,description,21,sha256-42356da9b8c93f1f36d69e38a79c526ac174edf54120af1ad5dc75e206628bd9
/components/schemas/McpServerMapping/properties/id/description,description,32,sha256-77bb89aaa187e6b22a8f62c65e75a0c14f0759e8b4cacfdd210f239749e0e888
/components/schemas/McpServerMapping/properties/mcp_server_id/description,description,22,sha256-d85677755c22d4cfdcb15be2049a7b3ca2e9a32b9513cf43e53aa5350e684639
/components/schemas/McpServerMapping/properties/run_on/description,description,145,sha256-c96df90e5531d44e0ad568bdab5c73f55e6c033990f9158112de26a4cb7664be
/components/schemas/McpServerTestResponse/properties/error/description,description,35,sha256-022343c42a3ec61c67c050744b6bfe46cc28109a340b84797b9c5b968a9b7d70
/components/schemas/McpServerTestResponse/properties/status_code/description,description,40,sha256-b07b45a79d386b5e002e41eba8233dc397626b80e64b857f0a08f8da07577157
/components/schemas/McpServerUserAccessBulkUpdateResponse/properties/success/example,example,9,sha256-5078e85342382074fb0920497907c64e37c695c8eb6a5760228bc5d54248fe69
/components/schemas/McpServerUserAccessItem/properties/user_id/description,description,51,sha256-fb7dcdfc30e7aba30bdf0228fb6286d0e31a0c4b908cf63000d0de3a3d75be92
/components/schemas/MessageContentImageFileObject/description,description,109,sha256-afb7dc71aa0cce0e6cabd754ca432dd4dba8093114d93849d2569ef5e2b1ca5b
/components/schemas/MessageContentImageFileObject/properties/image_file/properties/detail/description,description,138,sha256-50a1e625bc33ba15b1c3c5fcaf76812fadf9170f0cfd0e80f6e9b1a225d5af85
/components/schemas/MessageContentImageFileObject/properties/image_file/properties/file_id/description,description,198,sha256-bb648e0343c5e70e528a5eab8412cc381aa5f4fcf8c5e567795b7f54b8e90cf5
/components/schemas/MessageContentImageFileObject/properties/type/description,description,20,sha256-6dd07b6087f648ca415d8c2696e1c9e9b45849e2a5ef5ce2f26467f66a7bc8c0
/components/schemas/MessageContentImageUrlObject/description,description,52,sha256-b42248178b6cf7000c33e6d8b282de7fb119de526247db7298937200d7bbcc54
/components/schemas/MessageContentImageUrlObject/properties/image_url/properties/detail/description,description,137,sha256-daed547edee4bd214ad16c5721c98635c73cd8217ff8141dc88171fdaa253980
/components/schemas/MessageContentImageUrlObject/properties/image_url/properties/url/description,description,90,sha256-a3089b000829a24a6fb9269c55fc2aaab9ceff6eb050cf15e201b9a35f6ae680
/components/schemas/MessageContentImageUrlObject/properties/type/description,description,29,sha256-60043ec0c8bf317c8a58324356fbd91132f17c65cc4fb036970e47a90a09dc30
/components/schemas/MessageContentTextAnnotationsFileCitationObject/description,description,202,sha256-8255bc1b94aeee5f15675eef7226fc57c0e7e4ebd1b71723e3eb2a2e709542fc
/components/schemas/MessageContentTextAnnotationsFileCitationObject/properties/file_citation/properties/file_id/description,description,49,sha256-9c5f144b34b1e6a31781f94a7ab33daeeb8a787f96046d3fb65337e863d538b8
/components/schemas/MessageContentTextAnnotationsFileCitationObject/properties/file_citation/properties/quote/description,description,31,sha256-d5918c6d16113bda5ca445ead55d7f8bbefd9f19b7bfc03c09128fcf56c3f47c
/components/schemas/MessageContentTextAnnotationsFileCitationObject/properties/text/description,description,58,sha256-078736023900f6b1436da08698df6e363c0e73c0ce2a9b6014657aa4b3b6e3bd
/components/schemas/MessageContentTextAnnotationsFileCitationObject/properties/type/description,description,23,sha256-bbc3e2dd1baafe45f3e4654bc5d14bac6338291c84aef14161a6e8fb25efa2f9
/components/schemas/MessageContentTextAnnotationsFilePathObject/description,description,107,sha256-2f376563ee3ec4c144fb0f5ebba10c1198232bb709790050fdf26f1e80572221
/components/schemas/MessageContentTextAnnotationsFilePathObject/properties/file_path/properties/file_id/description,description,38,sha256-27d0e6da320c7d7d9c777724b3caac50ae508f77392a05bc0f1ae5b97b71f6bc
/components/schemas/MessageContentTextAnnotationsFilePathObject/properties/text/description,description,58,sha256-078736023900f6b1436da08698df6e363c0e73c0ce2a9b6014657aa4b3b6e3bd
/components/schemas/MessageContentTextAnnotationsFilePathObject/properties/type/description,description,19,sha256-4022f04ef71aaeadba998b52527dc5e578535c31257818e0e81a23f5be6364bc
/components/schemas/MessageContentTextObject/description,description,43,sha256-fe11fc3f8665ca2c482382da6ad5b0ca1bfa66db45704d65256b003c43697e88
/components/schemas/MessageContentTextObject/properties/text/properties/value/description,description,32,sha256-441b75e514efd6d409d0e8514ae6edec24e7531892a6ddb48ca6cd0719da4015
/components/schemas/MessageContentTextObject/properties/type/description,description,14,sha256-f18ec89bf7c926b8b3ceb0cedb0a17ada4e007c2d61bbcb08675b8d7f61ee76a
/components/schemas/MessageDeltaContentImageFileObject/description,description,109,sha256-afb7dc71aa0cce0e6cabd754ca432dd4dba8093114d93849d2569ef5e2b1ca5b
/components/schemas/MessageDeltaContentImageFileObject/properties/image_file/properties/detail/description,description,138,sha256-50a1e625bc33ba15b1c3c5fcaf76812fadf9170f0cfd0e80f6e9b1a225d5af85
/components/schemas/MessageDeltaContentImageFileObject/properties/image_file/properties/file_id/description,description,198,sha256-bb648e0343c5e70e528a5eab8412cc381aa5f4fcf8c5e567795b7f54b8e90cf5
/components/schemas/MessageDeltaContentImageFileObject/properties/index/description,description,45,sha256-134195caeb0507116e9f95f67b27a3dfa163eaf35adcaf8fbe9b4f96ebc038f2
/components/schemas/MessageDeltaContentImageFileObject/properties/type/description,description,20,sha256-6dd07b6087f648ca415d8c2696e1c9e9b45849e2a5ef5ce2f26467f66a7bc8c0
/components/schemas/MessageDeltaContentImageUrlObject/description,description,52,sha256-b42248178b6cf7000c33e6d8b282de7fb119de526247db7298937200d7bbcc54
/components/schemas/MessageDeltaContentImageUrlObject/properties/image_url/properties/detail/description,description,113,sha256-70654dd0446e019afcdccfa7ba3a645223a93f1816b9db496cdcb393b46bbd23
/components/schemas/MessageDeltaContentImageUrlObject/properties/image_url/properties/url/description,description,81,sha256-8978e36910902296bc08b3a24fcdcd29d48d9d1798f4e31779d77df053fca4a5
/components/schemas/MessageDeltaContentImageUrlObject/properties/index/description,description,45,sha256-134195caeb0507116e9f95f67b27a3dfa163eaf35adcaf8fbe9b4f96ebc038f2
/components/schemas/MessageDeltaContentImageUrlObject/properties/type/description,description,19,sha256-4a0d6ae937adbb92f66457cea0fefa06cfaa3ec76bcc11aba4e1d4ec84e43cda
/components/schemas/MessageDeltaContentTextAnnotationsFileCitationObject/description,description,202,sha256-8255bc1b94aeee5f15675eef7226fc57c0e7e4ebd1b71723e3eb2a2e709542fc
/components/schemas/MessageDeltaContentTextAnnotationsFileCitationObject/properties/file_citation/properties/file_id/description,description,49,sha256-9c5f144b34b1e6a31781f94a7ab33daeeb8a787f96046d3fb65337e863d538b8
/components/schemas/MessageDeltaContentTextAnnotationsFileCitationObject/properties/file_citation/properties/quote/description,description,31,sha256-d5918c6d16113bda5ca445ead55d7f8bbefd9f19b7bfc03c09128fcf56c3f47c
/components/schemas/MessageDeltaContentTextAnnotationsFileCitationObject/properties/index/description,description,53,sha256-d21942152f34727fe4c528f90c7f1a8803d35c7fe361b4fff9f81c1f9abb2725
/components/schemas/MessageDeltaContentTextAnnotationsFileCitationObject/properties/text/description,description,58,sha256-078736023900f6b1436da08698df6e363c0e73c0ce2a9b6014657aa4b3b6e3bd
/components/schemas/MessageDeltaContentTextAnnotationsFileCitationObject/properties/type/description,description,23,sha256-bbc3e2dd1baafe45f3e4654bc5d14bac6338291c84aef14161a6e8fb25efa2f9
/components/schemas/MessageDeltaContentTextAnnotationsFilePathObject/description,description,107,sha256-2f376563ee3ec4c144fb0f5ebba10c1198232bb709790050fdf26f1e80572221
/components/schemas/MessageDeltaContentTextAnnotationsFilePathObject/properties/file_path/properties/file_id/description,description,38,sha256-27d0e6da320c7d7d9c777724b3caac50ae508f77392a05bc0f1ae5b97b71f6bc
/components/schemas/MessageDeltaContentTextAnnotationsFilePathObject/properties/index/description,description,53,sha256-d21942152f34727fe4c528f90c7f1a8803d35c7fe361b4fff9f81c1f9abb2725
/components/schemas/MessageDeltaContentTextAnnotationsFilePathObject/properties/text/description,description,58,sha256-078736023900f6b1436da08698df6e363c0e73c0ce2a9b6014657aa4b3b6e3bd
/components/schemas/MessageDeltaContentTextAnnotationsFilePathObject/properties/type/description,description,19,sha256-4022f04ef71aaeadba998b52527dc5e578535c31257818e0e81a23f5be6364bc
/components/schemas/MessageDeltaContentTextObject/description,description,43,sha256-fe11fc3f8665ca2c482382da6ad5b0ca1bfa66db45704d65256b003c43697e88
/components/schemas/MessageDeltaContentTextObject/properties/index/description,description,45,sha256-134195caeb0507116e9f95f67b27a3dfa163eaf35adcaf8fbe9b4f96ebc038f2
/components/schemas/MessageDeltaContentTextObject/properties/text/properties/value/description,description,32,sha256-441b75e514efd6d409d0e8514ae6edec24e7531892a6ddb48ca6cd0719da4015
/components/schemas/MessageDeltaContentTextObject/properties/type/description,description,14,sha256-f18ec89bf7c926b8b3ceb0cedb0a17ada4e007c2d61bbcb08675b8d7f61ee76a
/components/schemas/MessageDeltaObject/description,description,82,sha256-80bdcdb0933e7386d35064bab4fb67fd1f942a134c49532561778dcecd21fd8f
/components/schemas/MessageDeltaObject/properties/delta/description,description,65,sha256-5c44b3a79ac5cdc33d77261d39826d26d6b3dd6fa4b2a386b7c559f38042e395
/components/schemas/MessageDeltaObject/properties/delta/properties/content/description,description,58,sha256-c7a19f87b49ce157ac0ddeefe2ba2c2ceef5217c336cae2a979876abf5c495b3
/components/schemas/MessageDeltaObject/properties/delta/properties/role/description,description,67,sha256-e75eecbbdddcaca16967d4abe9004e5755b3b5461fc6da3989ef9a8f097aa7e3
/components/schemas/MessageDeltaObject/properties/id/description,description,72,sha256-311addda1d7b07ad3030a4d13941bb2c4d11648074f62f6612dd4206752e8a82
/components/schemas/MessageDeltaObject/properties/object/description,description,56,sha256-144a342f85c2dc18376f450d07b39c0d0fef8edae1cb44dcb04c74abaad14fa8
/components/schemas/MessageDeltaObject/x-code-samples,x-code-samples,321,sha256-51e8e8ea7f8936d599eba29141e87fc39ed9b4c499fb79966cab92de6dde66ff
/components/schemas/MessageObject/description,description,95,sha256-2104ce7b793c569484d492444fc9e3abfc4cae8bcd81ae6f8c2075b9d585adba
/components/schemas/MessageObject/properties/assistant_id/description,description,127,sha256-bcd832f85e42f58c3989a39fcd2f7137f47ef0005280f40c8816708c546c6e09
/components/schemas/MessageObject/properties/attachments/description,description,74,sha256-c5dab9afb784cc11175ca0b19afba7d0a318d7c1511b145f5743e54de3db6f81
/components/schemas/MessageObject/properties/attachments/items/properties/file_id/description,description,44,sha256-97c5050d63242c9ce836ee354b475098a6adc378e6d070875be038c043fec21e
/components/schemas/MessageObject/properties/attachments/items/properties/tools/description,description,30,sha256-77be182ea6863fb9528c0f6a1b0ad2b87359e078b1b4753e5f431f869da7d138
/components/schemas/MessageObject/properties/completed_at/description,description,67,sha256-5ec45f12275f060e40fe8d44f51f84eaa25320bfe1e72bc1300953169e51e5fe
/components/schemas/MessageObject/properties/content/description,description,58,sha256-c7a19f87b49ce157ac0ddeefe2ba2c2ceef5217c336cae2a979876abf5c495b3
/components/schemas/MessageObject/properties/created_at/description,description,65,sha256-d450daf8f5c124a1544e9767cda9fc4ab09fb0422acf728929e7384612dd5a82
/components/schemas/MessageObject/properties/id/description,description,57,sha256-9a3dc6c99f297e48af0c86dc1e7fdbf12483be912d6de9453e5f82e69c250826
/components/schemas/MessageObject/properties/incomplete_at/description,description,78,sha256-e0a6636d5b2b4a86a49828ed69b50b61b38503d1a195272bebdfba17424814c5
/components/schemas/MessageObject/properties/incomplete_details/description,description,70,sha256-92a4b9081d891bf1c907169cb58c44a10bdd77a7b4871f86eed3d889948fdef5
/components/schemas/MessageObject/properties/incomplete_details/properties/reason/description,description,37,sha256-6d2a7750b196f5e9c32b2986fca3565b580ef5a84fba9498403e57f22717432a
/components/schemas/MessageObject/properties/metadata/description,description,251,sha256-aadc6b3206c81bd0e8d27ed365f2f94d919dccadd091177eb85e60996bf76904
/components/schemas/MessageObject/properties/object/description,description,50,sha256-09eb20f7c09c9b770c5ec81dfc5b2aca49efa3975dee32cc207226c61a139e8a
/components/schemas/MessageObject/properties/role/description,description,67,sha256-e75eecbbdddcaca16967d4abe9004e5755b3b5461fc6da3989ef9a8f097aa7e3
/components/schemas/MessageObject/properties/run_id/description,description,222,sha256-89f77214e3e4e07e323f4dafef9cfd15163164e82ee858abd83922f1c2c25540
/components/schemas/MessageObject/properties/status/description,description,91,sha256-5608ac65b04e42671713d1c5095b5ae365d9fa5b5f5e9c715fb06a1efc1d0a7a
/components/schemas/MessageObject/properties/thread_id/description,description,101,sha256-3890efd716e2068d3619a8d500918089eb2a653cac555c65a29cae8a4fe4984b
/components/schemas/MessageObject/x-code-samples,x-code-samples,525,sha256-4e8edd0094d9f67591d6e27179e8c24900b44b0ed3750ac9390e783ff49da931
/components/schemas/MessageRequestContentTextObject/description,description,43,sha256-fe11fc3f8665ca2c482382da6ad5b0ca1bfa66db45704d65256b003c43697e88
/components/schemas/MessageRequestContentTextObject/properties/text/description,description,36,sha256-733916030ac444bd2ac957a3760d6a2adf8cc4717cf0f67d9961f9cb41255496
/components/schemas/MessageRequestContentTextObject/properties/type/description,description,14,sha256-f18ec89bf7c926b8b3ceb0cedb0a17ada4e007c2d61bbcb08675b8d7f61ee76a
/components/schemas/MessageStreamEvent/oneOf/0/description,description,99,sha256-3a41393deeeffc892adccd8af4c51948cbd13d3cda719839f8bc706f9bd6bfe9
/components/schemas/MessageStreamEvent/oneOf/0/x-code-samples,x-code-samples,105,sha256-a133c48903900e71f27a41242a9b1d6352bc3591a76aaaaf35ee25d91bfb7e30
/components/schemas/MessageStreamEvent/oneOf/1/description,description,120,sha256-182b1cef62ead2478856249b183d277b8c2d75031a08c2280d5790deede7934e
/components/schemas/MessageStreamEvent/oneOf/1/x-code-samples,x-code-samples,105,sha256-a133c48903900e71f27a41242a9b1d6352bc3591a76aaaaf35ee25d91bfb7e30
/components/schemas/MessageStreamEvent/oneOf/2/description,description,116,sha256-0075300940a0dcbc5723e4aa58649102ebe56bc4d521be6aa13b083f8530913e
/components/schemas/MessageStreamEvent/oneOf/2/x-code-samples,x-code-samples,137,sha256-9631924b4a9159d218708da1d2616ba6da2638d0ed4c59c4e5b46e053f77c1a6
/components/schemas/MessageStreamEvent/oneOf/3/description,description,101,sha256-44b65a389447c77fd039360c57acf5b8b9c87ccd09ced15f9c9a8601bbd4b900
/components/schemas/MessageStreamEvent/oneOf/3/x-code-samples,x-code-samples,105,sha256-a133c48903900e71f27a41242a9b1d6352bc3591a76aaaaf35ee25d91bfb7e30
/components/schemas/MessageStreamEvent/oneOf/4/description,description,116,sha256-ea3c9d6cea3263ce0572d74e32bc4046e0e9b29a68ac75736fe46a800b23c18b
/components/schemas/MessageStreamEvent/oneOf/4/x-code-samples,x-code-samples,105,sha256-a133c48903900e71f27a41242a9b1d6352bc3591a76aaaaf35ee25d91bfb7e30
/components/schemas/Metadata/description,description,326,sha256-39f0cf3edd2359771ca1d3ed33e68b8d3abc51fa1dd79ac544fa4559186eb18c
/components/schemas/MistralModerationParameters/properties/categories/description,description,37,sha256-503b6731c3de2a229b36691f084ea4ad67175f6490553d8c37b95182bd311c2f
/components/schemas/MistralModerationParameters/properties/timeout/description,description,23,sha256-b113d346932d0df037b46e0fd1c42634a043759fb73ad34188a129d4070fb120
/components/schemas/Model/description,description,65,sha256-6a7da5a140a62a783fe6b88ce6608d3e26f860d636e06eb645b2e53dad6127f0
/components/schemas/Model/properties/created/description,description,59,sha256-135db7cf5b375062f5f4b52be322015e5b87e17c84de933d5080bdeee9ee5be8
/components/schemas/Model/properties/id/description,description,67,sha256-8c9ea524c712bc9e4e4a122524bf7d5affc43c14d491f649684bebc6db7032cc
/components/schemas/Model/properties/object/description,description,41,sha256-189606feb0cd8eedb306f10a387d5399e76291ab71fbb0571b448497946a60b1
/components/schemas/Model/properties/owned_by/description,description,37,sha256-282686595ba14af21b9c6d2db452dc09a85c5862f35a161107c2bf861ca405aa
/components/schemas/ModelCalculateConfig/description,description,25,sha256-7a2c0ece8d2a2a972cb563ad80d9fc28eac2c08807d94f272603122d71bc7e7d
/components/schemas/ModelCalculateOperation/description,description,43,sha256-6235da80ce7664c1521469aae1f614dffc2f8e10f6f1840dec9afc4f341ac32f
/components/schemas/ModelCalculateOperation/properties/operands/description,description,26,sha256-1831221024720088b5c0c9f6ec85c262abff946504219e553c062e9c7db63989
/components/schemas/ModelCalculateOperation/properties/operation/description,description,14,sha256-6a04d86a7054e4416ce73b78b119702e76fb8204a9817bb4a9f356f3257a60e5
/components/schemas/ModelConfigurations/properties/custom_headers/description,description,29,sha256-365d3a3864072f151fb68c898f67777664802e707be61f687260c2ef45493b4d
/components/schemas/ModelConfigurations/properties/custom_headers/properties/key/description,description,10,sha256-a095369ea952f1c680db9350ef8776a3dd219bb97d93b18d282fde9fe533b1d7
/components/schemas/ModelConfigurations/properties/custom_headers/properties/value/description,description,12,sha256-f9a9058c0c22e511c58b7ca3f579036d24e2592ef72a0069df0736586ab46d8d
/components/schemas/ModelConfigurations/properties/custom_host/description,description,30,sha256-c5966b44bda41f5152d9d970e6b7af78c9b9b3bb1233c891c9df7a30e381ac65
/components/schemas/ModelFinetuneConfig/description,description,33,sha256-40fcbb8b663210f1e8b74ea49dc32a5009bc0725816af6cfbc3fa0c8ffad6590
/components/schemas/ModelIdsResponses/example,example,6,sha256-a2a69af70d1b9be70f1abf8218492c5e65aea34285462bd65757cd6f44a7c10e
/components/schemas/ModelImagePricing/description,description,44,sha256-9a9f6ca5683f329efd98439b6fbe95540df7b69a976701de550f79ebd35a8bc1
/components/schemas/ModelImagePricing/example,example,119,sha256-51038a4017fd24ea1bfe9fd043a4c4acb0cdb22606df50ccacc1fb2da5170a1c
/components/schemas/ModelPayAsYouGo/description,description,45,sha256-185c19c89a136efa190681b4f55e3bde81481fe4442b994073d085dd60e2c02d
/components/schemas/ModelPayAsYouGo/properties/additional_units/description,description,313,sha256-b036e4bb4381baead05b1de94c0cb3a284dafff0fb3366cbb69b25753b970b7f
/components/schemas/ModelPricingConfig/description,description,42,sha256-e8f31b7cd68c050a890fcce5b1454493b31bb67111ba0b1e957938dc8ba87f98
/components/schemas/ModelPricingConfig/properties/currency/description,description,26,sha256-ae1037ee5f87c4e6311d36025d11f733d576144eb2aa2d9d2026c28fe6f17ead
/components/schemas/ModelResponseProperties/properties/temperature/description,description,243,sha256-019d98e1c8d754419e50c98eb867f39bdd37b225aa9373855ebcf2873e79095d
/components/schemas/ModelResponseProperties/properties/temperature/example,example,6,sha256-0b6477aecfbf4beb7578413d2833a505e8f36d56a749ed3fcc43f85c537408d9
/components/schemas/ModelResponseProperties/properties/top_p/description,description,305,sha256-62e7512c811f09baa663da16879e984b06110a16ce66c780b0ee1525a37a37e0
/components/schemas/ModelResponseProperties/properties/top_p/example,example,6,sha256-0b6477aecfbf4beb7578413d2833a505e8f36d56a749ed3fcc43f85c537408d9
/components/schemas/ModelResponseProperties/properties/user/description,description,162,sha256-1b11d1d7c8179923f817bb4f12d022fac5680f62d6a5aa731796d4f41919a31d
/components/schemas/ModelResponseProperties/properties/user/example,example,9,sha256-c61a1c5012d6c65245f90fa22c6b97542be011998474fc9887ee6299ab93e3e1
/components/schemas/ModelTokenPrice/description,description,36,sha256-802aab998f2a32905f0b0ba5bfda591a068673384778e5c3045836e1e9a34284
/components/schemas/ModelTokenPrice/properties/price/description,description,95,sha256-d0f623bbb00283d0aa7f82f299ffe74c9b5e6f5b8357080809e4a0b7aea72887
/components/schemas/ModelUpdateRequest/properties/base_model_slug/description,description,37,sha256-0a9811105d0681d7330b3382cb72ad2b662b42c1893c6ed875b766b088a1752c
/components/schemas/ModelUpdateRequest/properties/enabled/description,description,27,sha256-6ca3ff4479d73556a299bff010983e93a8debdf4b595625c16e532b84b1ccb48
/components/schemas/ModelUpdateRequest/properties/is_custom/description,description,30,sha256-ae8c328cf57934fd4b0a34494e7df5f52d2d0950f73894b9edd001514b251efd
/components/schemas/ModelUpdateRequest/properties/is_finetune/description,description,34,sha256-11d8f08ebe497324749223f52fd76d3fe40095bde3ded28cfca11330169f2c99
/components/schemas/ModelUpdateRequest/properties/slug/description,description,21,sha256-bdcc9f5a983ed0d0d3d6712d2e6c161b038909aee215e94bfaaa842984370165
/components/schemas/ModelValueReference/properties/value/description,description,215,sha256-9ab69d1698c98907a72cd0945f9598a8522be44f2bc3ee79674c546f9203ac5c
/components/schemas/ModelWhitelistParameters/properties/models/description,description,22,sha256-c004eb01c0d6c7b93743426baf3c4d4cb9600a70ca52ae4029b6d4a7e92a7f58
/components/schemas/ModifyAssistantRequest/properties/description/description,description,72,sha256-8de7ba11af04038b22546b97888e3cace7054a386cc474d53e9dfef1031d54fb
/components/schemas/ModifyAssistantRequest/properties/instructions/description,description,91,sha256-a13cbf36c76dd70a81bbfdcdb58e5a11e01a2635e333602a2a7458fc8bc4d4c0
/components/schemas/ModifyAssistantRequest/properties/metadata/description,description,251,sha256-aadc6b3206c81bd0e8d27ed365f2f94d919dccadd091177eb85e60996bf76904
/components/schemas/ModifyAssistantRequest/properties/model/description,description,259,sha256-4dc5a6c9a7e421b736bdcd878b7f1688ffaa31fc2b69eded00ab8015bacb3cba
/components/schemas/ModifyAssistantRequest/properties/name/description,description,65,sha256-ef68e3c36d8bc403a1c97ffc44d22f998f1de2d7dbb63a648687aef862d3099e
/components/schemas/ModifyAssistantRequest/properties/temperature/description,description,181,sha256-8f1311d8a1bf5bb43b88292524d8485d33e83ee79c500dabb5e9b658ff00a53f
/components/schemas/ModifyAssistantRequest/properties/temperature/example,example,6,sha256-0b6477aecfbf4beb7578413d2833a505e8f36d56a749ed3fcc43f85c537408d9
/components/schemas/ModifyAssistantRequest/properties/tool_resources/description,description,243,sha256-672ec280aebedd784ba67dc3efaa032eb84e5706011681c9e6693dfc222863c8
/components/schemas/ModifyAssistantRequest/properties/tool_resources/properties/code_interpreter/properties/file_ids/description,description,195,sha256-0ae938e900153e53d4473d4f367fa30e540f13f2ed5c1e0cf83d157e5e2449f4
/components/schemas/ModifyAssistantRequest/properties/tool_resources/properties/file_search/properties/vector_store_ids/description,description,194,sha256-53a78f80a9345e1d12e998c8e058d92c5206a057ec34ab33b8a019eb0379ff1e
/components/schemas/ModifyAssistantRequest/properties/tools/description,description,164,sha256-72a419ed8b71be1adc7a33718f831a53cd67248f2a12f2c71b8d4e8013c39b70
/components/schemas/ModifyAssistantRequest/properties/top_p/description,description,303,sha256-a5c789734dc3e4742b839a23382c9771c4af9a0987dafa36b299dc79bbb073be
/components/schemas/ModifyAssistantRequest/properties/top_p/example,example,6,sha256-0b6477aecfbf4beb7578413d2833a505e8f36d56a749ed3fcc43f85c537408d9
/components/schemas/ModifyMessageRequest/properties/metadata/description,description,251,sha256-aadc6b3206c81bd0e8d27ed365f2f94d919dccadd091177eb85e60996bf76904
/components/schemas/ModifyRunRequest/properties/metadata/description,description,251,sha256-aadc6b3206c81bd0e8d27ed365f2f94d919dccadd091177eb85e60996bf76904
/components/schemas/ModifyThreadRequest/properties/metadata/description,description,251,sha256-aadc6b3206c81bd0e8d27ed365f2f94d919dccadd091177eb85e60996bf76904
/components/schemas/ModifyThreadRequest/properties/tool_resources/description,description,268,sha256-048d909c70c3e8bb748ebe0e8a4a708493dd03613b2d9dd1f015d875d01feb95
/components/schemas/ModifyThreadRequest/properties/tool_resources/properties/code_interpreter/properties/file_ids/description,description,183,sha256-40446928829e2546e0da55512cfe123a957f020a39d81e3e27564d4016e087d6
/components/schemas/ModifyThreadRequest/properties/tool_resources/properties/file_search/properties/vector_store_ids/description,description,178,sha256-7c353111bb86484a49dbe01eb3fa87b70d16d3468b73c51fb54478aab6b4cea6
/components/schemas/Move/description,description,21,sha256-d8992e9c13165a3be50d7255ab8d9b3137a51eb4c2e45d42fcac70a8907cf287
/components/schemas/Move/properties/type/description,description,85,sha256-226a60b899e1c6157acf0b63c5876fcfc03ef909c97bcd8cc06b99c016b6b6fa
/components/schemas/Move/properties/x/description,description,29,sha256-512a8a63b8d6cb250c504ed7d0624d7dfb7ee798d958d9513cecf3273b160dab
/components/schemas/Move/properties/y/description,description,29,sha256-aae954b2f375fe18df2288499b468a582df6511cc86a28548195ecebb4906cdb
/components/schemas/OcrPage/description,description,37,sha256-404b6e2a428043879a5d809b8c153a42ead5493e733e686607829fb3ed2c10bd
/components/schemas/OcrPage/properties/images/description,description,92,sha256-8794300c6f33a29e5c629ca7b255a600fbb6f068d9f70214181ddba73974ebfc
/components/schemas/OcrPage/properties/images/items/properties/id/description,description,32,sha256-380f1904b51a1088b23622bd3dd0f5674bb63a4fa78af8f0c374590819a1e09b
/components/schemas/OcrPage/properties/images/items/properties/image_base64/description,description,26,sha256-0ffac690ac9dc8e12617a002328f7d90ec7a97f2389a23872efac128d3a2e79e
/components/schemas/OcrPage/properties/index/description,description,22,sha256-b972010396fc63919a12b4c128a6713f04291ba8183a4f00a3ce70862c88cb1f
/components/schemas/OcrPage/properties/index/example,example,6,sha256-d1a64a1e0ab44cd7c752bedc59af8595c2ffdbce67bd98548dee867fe2e68a66
/components/schemas/OcrPage/properties/markdown/description,description,37,sha256-ee56ee396b022e385cf76a70ad0d012e2dc02de8ee7d3bac4b15a183d08587d8
/components/schemas/OcrPage/properties/markdown/example,example,55,sha256-7feb90de7f44149dee649cf7917cb779a6a9238b2538f165c9c621f76b464d07
/components/schemas/OpenAIBatchJob/description,description,68,sha256-60b1b3306fda0785e19f4da42f46749138f79aa8e039aa2fdb66ed3b60a69c92
/components/schemas/OpenAIBatchJob/properties/completion_window/description,description,97,sha256-564f9742e0256eaab83414f97dc7a356db383e9b3ef095a59a632653b740a7fb
/components/schemas/OpenAIBatchJob/properties/endpoint/description,description,18,sha256-ced77ef4ef9c52eec6a09187d86eb3cd80afa85f32b14695adee6fced234c685
/components/schemas/OpenAIBatchJob/properties/input_file_id/description,description,39,sha256-4ef2766f1dfe48676aab0d3f421bf9f21b1e90b659dd09b20b768456a4f528d8
/components/schemas/OpenAIBatchJob/properties/metadata/description,description,34,sha256-17b08c51c5636718fc7ddedec6c36f28db78af7f4ea3c721e59d5f2bec01f907
/components/schemas/OpenAIConfiguration/properties/openai_organization/description,description,22,sha256-532e8da5c1ad9185335fbad5290b399215607945ec4f227137e5d57f826ca435
/components/schemas/OpenAIConfiguration/properties/openai_project/description,description,17,sha256-7572a179fffb97ca1fb34474512baa92136312ca0ffe31546a6e062b3f9cade1
/components/schemas/OpenAIFile/description,description,73,sha256-a42d174dc0f8fe0a1a48fdc33c079fed988ffa8ed076a5afe3eb090b9ac5ffd7
/components/schemas/OpenAIFile/properties/bytes/description,description,31,sha256-3b73e53a13f45c02a84e24a3f329bee161819b112d4348e55e9d5b3e7592ed55
/components/schemas/OpenAIFile/properties/created_at/description,description,62,sha256-002b8c810e43277ffc9f227624a874c76cc0e561242bb8e9a1ab0882c4c36f45
/components/schemas/OpenAIFile/properties/filename/description,description,21,sha256-6b85945297217991f1aced2d1c9ed5eac0aa9a2b9bc59ffe38cbc48f63d2a5db
/components/schemas/OpenAIFile/properties/id/description,description,66,sha256-0aff487beb1f2572c57c253f4dbcf4c7ee9c2542ea40d95a2a55a3c3edd9624e
/components/schemas/OpenAIFile/properties/object/description,description,40,sha256-8ccec00c97d002c69341f9f076fa70c47ab11f63f4ead1e46f226c473ed4ac29
/components/schemas/OpenAIFile/properties/purpose/description,description,161,sha256-953536132c9243d2980a0704166c0a08700795fd1db8429496e59d3f7fb1375f
/components/schemas/OpenAIFile/properties/status/description,description,100,sha256-52384093c17873c46aa4bf48aa87d4d45d429aabcb87953cd60eba6223e1e4c8
/components/schemas/OpenAIFile/properties/status_details/description,description,121,sha256-bbc445bd97fccacd8ff9d3936f15d1cd415a6f901d0cd1711fbadb155c69e23d
/components/schemas/OpenAIFile/x-code-samples,x-code-samples,227,sha256-e6836d121681f9846ac860e29a497744c645e648f0b8213c936c861748c2247c
/components/schemas/OpenAIFinetuneJob/description,description,68,sha256-60b1b3306fda0785e19f4da42f46749138f79aa8e039aa2fdb66ed3b60a69c92
/components/schemas/OpenAIFinetuneJob/properties/method/description,description,36,sha256-bc28e5ba194f4fdceff653409b86e451339d14196990edd20361e217ef5c0437
/components/schemas/OpenAIFinetuneJob/properties/model/description,description,26,sha256-bd6eb47e7b0e23753a6f65c171d21efdd03c5e564e35b9f15e5dc309990a96d1
/components/schemas/OpenAIFinetuneJob/properties/suffix/description,description,49,sha256-f0d2dea438df0e61f86a1387832260ce8770e382bf6a8d35fabacba75c1acd4c
/components/schemas/OpenAIFinetuneJob/properties/training_file/description,description,45,sha256-6cd3b648e50c69ae197a3d7f55978d9f6643a264e85417e0d3213f82ebc9fe3c
/components/schemas/OpenAIFinetuneJob/properties/validation_file/description,description,47,sha256-63393fe07981c8a5a2e1b4a10818be88569025051f077f926198902d7b1dcd43
/components/schemas/OtherChunkingStrategyResponseParam/description,description,169,sha256-3baaa9360aa11f018d906d1075049455cb2a2cc3cdff20503c7b3f2468c1e386
/components/schemas/OtherChunkingStrategyResponseParam/properties/type/description,description,15,sha256-0c35528338ed0326e7d6f3df3b08992c263cadaf81643e3963ec5f495f525bdd
/components/schemas/OutputAudio/description,description,32,sha256-6a464730d48070ba01055e9e3e6ee8c575e1f41b7a4d93594c5faccb51d261fe
/components/schemas/OutputAudio/properties/data/description,description,42,sha256-007b71003e1b7dd72a2c58f964ca7b5e465da5a480d889bad0197ca29520c8b1
/components/schemas/OutputAudio/properties/transcript/description,description,49,sha256-6aad6b4e27c7181ca7d1abd86cb0135d87a935d6154b94cc27bd5c3830f80eb8
/components/schemas/OutputAudio/properties/type/description,description,53,sha256-5c0ed2e392ee82c263b4d011b090b66cf0c99e3dda6332a877906ecd2194e7a6
/components/schemas/OutputMessage/description,description,34,sha256-09ea24ba3d6ed8df19558d6459cf096e96fbcd1e36797cd28a45cd47be473e1b
/components/schemas/OutputMessage/properties/content/description,description,35,sha256-0d53e33d8c5c3bc488b54528e52005080313c0029e4e845b62024bcb721ab39e
/components/schemas/OutputMessage/properties/id/description,description,37,sha256-3705368951e4f4c9ae07e95b4cbe88ed0e0f51076b7ba366838f8e5269502e63
/components/schemas/OutputMessage/properties/role/description,description,52,sha256-3efa2ef8c351a232e69961258f227eb9a79bada96c43e37603f0a2ca4b634030
/components/schemas/OutputMessage/properties/status/description,description,134,sha256-f9f556e7d353afc1a27b8ab7df531535940eb8ed1dcce5a955e1d5ae73f02f50
/components/schemas/OutputMessage/properties/type/description,description,50,sha256-4d8f64ef106d2ad1dc0e73283003828039f9cf28251b1b424da0081503d7dbf2
/components/schemas/OutputText/description,description,30,sha256-f46a2c7c72505cd8f52816935d2b409a88dfd7900b2711e442b261d6d4ea41e9
/components/schemas/OutputText/properties/annotations/description,description,36,sha256-d399352b7fa21460ea4cf2c95ce5e1531809261c16e91d6da7871a4e95489f69
/components/schemas/OutputText/properties/text/description,description,32,sha256-9c74d4d9cd6e06db83ba6a120e3b1c179c3d965ff3c5faf46ef3d51d34d9132a
/components/schemas/OutputText/properties/type/description,description,51,sha256-abd2b761dd4e1fc19778b5f172bdc542f1408c031c80fab0502975bd314063a3
/components/schemas/PANWPrismaParameters/properties/ai_model/description,description,19,sha256-ce3e61fbe51a6d0272892d637bc1f2bcebbdd55dc75469d6e297bc3a6c7a04e7
/components/schemas/PANWPrismaParameters/properties/app_user/description,description,27,sha256-1e2968e20f90839914224c01384babefacdb3bfd5438dcd2080ca04773cef35c
/components/schemas/PANWPrismaParameters/properties/profile_name/description,description,19,sha256-ae888aa6a44a688afefd92a2a921e5f7a443a9edb082146f5c9781eeeea795a9
/components/schemas/ParallelToolCalls/description,description,146,sha256-539d647dab8a65c11df94e511db43fb3889ff25d9bca693006e49081334b4311
/components/schemas/PatronusCustomParameters/properties/profile/description,description,55,sha256-2b5c0eb620ea63cba110dd7481e04b2a18f81cd36399cceaf9c65ba84df1ea11
/components/schemas/PatronusCustomParameters/properties/timeout/description,description,23,sha256-b113d346932d0df037b46e0fd1c42634a043759fb73ad34188a129d4070fb120
/components/schemas/PatronusParameters/properties/redact/description,description,34,sha256-de1888c13afca8bd3cb0b9004fb9395902fcece648c515945f1a7760e589e679
/components/schemas/PatronusParameters/properties/timeout/description,description,23,sha256-b113d346932d0df037b46e0fd1c42634a043759fb73ad34188a129d4070fb120
/components/schemas/PillarScanParameters/properties/scanners/description,description,36,sha256-453ddd6fc8cbc6cdc5ef771b7a4e72af2f6126403c6d62014303f346e52fd061
/components/schemas/PillarScanParameters/properties/timeout/description,description,23,sha256-b113d346932d0df037b46e0fd1c42634a043759fb73ad34188a129d4070fb120
/components/schemas/PortkeyBatchJob/description,description,59,sha256-6b3952cf85d8463ba5ced53dd5e2352ee675de353f3ef9b9f6cbc4a98f3669f4
/components/schemas/PortkeyBatchJob/properties/job_name/description,description,26,sha256-16b3cb7ee23e6218296f15a7f5373fde31301ed5915df5e8dc1e177fb7c4a0cb
/components/schemas/PortkeyBatchJob/properties/model/description,description,29,sha256-4cb5b6076824ca756c71b39a397c91264f3f685d7d962b2e21db78859c9defd8
/components/schemas/PortkeyBatchJob/properties/output_data_config/description,description,97,sha256-3eb2e6f9cf8de5d226491cdbf30bbc6c17ecef291b8271a17de61f48c45524f5
/components/schemas/PortkeyBatchJob/properties/portkey_options/description,description,104,sha256-6392065c74d1f653d8bb694b79aa676bcb3a0f66f617f22a37ae0ffc1a25854b
/components/schemas/PortkeyBatchJob/properties/provider_options/anyOf/0/properties/job_name/description,description,26,sha256-16b3cb7ee23e6218296f15a7f5373fde31301ed5915df5e8dc1e177fb7c4a0cb
/components/schemas/PortkeyBatchJob/properties/provider_options/anyOf/0/properties/model/description,description,29,sha256-4cb5b6076824ca756c71b39a397c91264f3f685d7d962b2e21db78859c9defd8
/components/schemas/PortkeyBatchJob/properties/provider_options/anyOf/0/properties/output_data_config/description,description,97,sha256-3eb2e6f9cf8de5d226491cdbf30bbc6c17ecef291b8271a17de61f48c45524f5
/components/schemas/PortkeyBatchJob/properties/provider_options/anyOf/0/properties/role_arn/description,description,34,sha256-97dc924bae2675a1e2ca6a0328147391db63d44de52f404ed9dbc63b8b306e37
/components/schemas/PortkeyBatchJob/properties/provider_options/anyOf/1/properties/job_name/description,description,26,sha256-16b3cb7ee23e6218296f15a7f5373fde31301ed5915df5e8dc1e177fb7c4a0cb
/components/schemas/PortkeyBatchJob/properties/provider_options/anyOf/1/properties/model/description,description,29,sha256-4cb5b6076824ca756c71b39a397c91264f3f685d7d962b2e21db78859c9defd8
/components/schemas/PortkeyBatchJob/properties/provider_options/anyOf/1/properties/output_data_config/description,description,97,sha256-3eb2e6f9cf8de5d226491cdbf30bbc6c17ecef291b8271a17de61f48c45524f5
/components/schemas/PortkeyBatchJob/properties/provider_options/description,description,96,sha256-14138086fefe7346405cca2101b277cdfa580cda8e2fc8e2f180ba2178ebb7fe
/components/schemas/PortkeyBatchJob/properties/role_arn/description,description,34,sha256-97dc924bae2675a1e2ca6a0328147391db63d44de52f404ed9dbc63b8b306e37
/components/schemas/PortkeyBatchOptions/description,description,98,sha256-58ffa4cbc7bec04021de62fba533c296067c55417bccf57d22a8acf6e22bfef4
/components/schemas/PortkeyBatchOptions/example,example,179,sha256-a444b460bf508365e03fa7b74c636d92fd27c3849015cba5216605de4389e9f3
/components/schemas/PortkeyBatchOptions/properties/x-portkey-aws-s3-bucket/description,description,56,sha256-c6aefe1a9ea81ff4176dbcbebfbb456af477803c7ab9e1edde0120cc7db992de
/components/schemas/PortkeyBatchOptions/properties/x-portkey-provider-model/description,description,95,sha256-8f7184fa4e1455a01affe69e44ec8fb6d080496a2e5f76a8f8c7e6d88522ba1c
/components/schemas/PortkeyBatchOptions/properties/x-portkey-vertex-storage-bucket-name/description,description,60,sha256-7d1a1713340864e03b6e774ce21826fc11efea659192573b16cb16cfa7d2d8fa
/components/schemas/PortkeyBatchOptions/properties/x-portkey-virtual-key/description,description,48,sha256-9bf161d2d651fe8bfbbe243191ec3dd7f3999dfe16f7d9e2400d6437740b49fe
/components/schemas/PortkeyFinetuneJob/description,description,62,sha256-6c3daead9221dbfca19d1c7b138a815fe2eb629adb2428195b096d6db86f3da6
/components/schemas/PortkeyFinetuneJob/properties/job_name/description,description,37,sha256-4ffcfeb12a4b29f560e1c041154a707b875254c0621050db0e1e925b1bb611d6
/components/schemas/PortkeyFinetuneJob/properties/output_file/description,description,95,sha256-2a51b1cad2917c6ffef86b6531867b86b4b5f3a7f5e06d96737c698763780b8a
/components/schemas/PortkeyFinetuneJob/properties/portkey_options/description,description,104,sha256-6392065c74d1f653d8bb694b79aa676bcb3a0f66f617f22a37ae0ffc1a25854b
/components/schemas/PortkeyFinetuneJob/properties/provider_options/description,description,153,sha256-2f002ece106a34019d93574a799037ffbde7cccf0221a48897396700a371ab73
/components/schemas/PortkeyFinetuneJob/properties/role_arn/description,description,37,sha256-0e11da901fddb4d281e837b45f571d3f2a7ceb29d73449b8d3ce684607d5a865
/components/schemas/PortkeyLanguageParameters/properties/language/description,description,42,sha256-910d1191108dd32704f788cb8a5ce6cb3a65fcf527eef9a133acc75a6981dcb6
/components/schemas/PortkeyLanguageParameters/properties/not/description,description,37,sha256-c2cbdfe359335d7beec75e2a2b737343c52eb675fb68e74c6930844d8e6fbdc3
/components/schemas/PortkeyLanguageParameters/properties/timeout/description,description,23,sha256-b113d346932d0df037b46e0fd1c42634a043759fb73ad34188a129d4070fb120
/components/schemas/PortkeyModerationParameters/properties/categories/description,description,37,sha256-503b6731c3de2a229b36691f084ea4ad67175f6490553d8c37b95182bd311c2f
/components/schemas/PortkeyModerationParameters/properties/timeout/description,description,23,sha256-b113d346932d0df037b46e0fd1c42634a043759fb73ad34188a129d4070fb120
/components/schemas/PortkeyOptions/description,description,98,sha256-58ffa4cbc7bec04021de62fba533c296067c55417bccf57d22a8acf6e22bfef4
/components/schemas/PortkeyOptions/example,example,122,sha256-018e81687b3ec5cfa7abdf97c916a630e5782148093d21cf8739188be051f345
/components/schemas/PortkeyOptions/properties/x-portkey-aws-s3-bucket/description,description,56,sha256-c6aefe1a9ea81ff4176dbcbebfbb456af477803c7ab9e1edde0120cc7db992de
/components/schemas/PortkeyOptions/properties/x-portkey-vertex-storage-bucket-name/description,description,60,sha256-7d1a1713340864e03b6e774ce21826fc11efea659192573b16cb16cfa7d2d8fa
/components/schemas/PortkeyOptions/properties/x-portkey-virtual-key/description,description,48,sha256-9bf161d2d651fe8bfbbe243191ec3dd7f3999dfe16f7d9e2400d6437740b49fe
/components/schemas/PortkeyPIIParameters/properties/categories/description,description,39,sha256-351694369eac3bedda8147e479de271da411b30d780e883f3ff7f5dcd7a3a371
/components/schemas/PortkeyPIIParameters/properties/redact/description,description,30,sha256-7dbf1ab9ec82b56b2bc493e7ffe9b82099178027e1f5144fe4568eff1291eb78
/components/schemas/PortkeyPIIParameters/properties/timeout/description,description,23,sha256-b113d346932d0df037b46e0fd1c42634a043759fb73ad34188a129d4070fb120
/components/schemas/PricingAdjustments/description,description,229,sha256-3e0ab277edd85a450bfe1e3eeb80caeac44a75ef9e178f483f85dd917e74608c
/components/schemas/PricingAdjustments/example,example,88,sha256-d11bb3f381a5ba02805547c7b89fa3e337f217b197997bd8fe38f813bd632661
/components/schemas/PricingConfig/properties/type/description,description,12,sha256-5e1b131a15bb11fa222c1ae4fe174969128a86412b1153438b2b41e4bab59154
/components/schemas/PricingMultiplier/description,description,348,sha256-0bb4a9ad2291553ee7ae101fce0dcbeff034d18dfdb483d38b8010033ea54671
/components/schemas/PricingMultiplier/properties/additional_units/description,description,176,sha256-df433987aedd9e5a646d3281d861bf6563160f736ebf310e6e3c111edf49b87a
/components/schemas/PricingMultiplier/properties/cache_read_audio_input_token/description,description,49,sha256-dff36a0739555f63f2098240b5dd0e4b68408875ab97a8d3838a0afc2deefc6c
/components/schemas/PricingMultiplier/properties/cache_read_image_input_token/description,description,49,sha256-9891244074c11881f812dcde5ab64c0f9b8dde40e042946dd12f4d2a6f2f070f
/components/schemas/PricingMultiplier/properties/cache_read_input_token/description,description,43,sha256-e68184aa1985296253d5fd4282227b87fe6d362ed1d62cd66bbf88cd9169bace
/components/schemas/PricingMultiplier/properties/cache_read_text_input_token/description,description,48,sha256-ecc163d84c77c835df66f538861108dbf7ade325b3ce49034c2ce4a17a5afbed
/components/schemas/PricingMultiplier/properties/cache_write_image_input_token/description,description,50,sha256-f353aa9f0ebf472422efdf4a2a2063805756d3a2e0ace7e966758a3354acf320
/components/schemas/PricingMultiplier/properties/cache_write_input_token/description,description,44,sha256-8429b09e5bb12f6a1ec7da913648226c7a6bc7bfafc8b30076436b45ff4d88c5
/components/schemas/PricingMultiplier/properties/cache_write_text_input_token/description,description,49,sha256-cb43a3520fadc7696c6173d1e47cda07a834ab4302f99442c2e0fefc2b6297f4
/components/schemas/PricingMultiplier/properties/default/description,description,80,sha256-14027f5efca3c2409b9fff998a3da3d6a8ece98d24dc9b1d342c68b975fd9ea5
/components/schemas/PricingMultiplier/properties/image/description,description,37,sha256-2755b2164a493eb1e206d22f46c5c1308a2f3e0063a61a5ff06c6d2b70a67612
/components/schemas/PricingMultiplier/properties/image/properties/default/description,description,78,sha256-7bae1b8ee026d1dab9f05374ecc07b28711b5c6101f03c0718dded04c64b2d70
/components/schemas/PricingMultiplier/properties/prediction_accepted_token/description,description,52,sha256-c1d11aa73a583b3bbec97f5a6424a2cb583a899ce904201af61914120aaf5318
/components/schemas/PricingMultiplier/properties/prediction_rejected_token/description,description,52,sha256-b1613613dc7a77b129a228a072aa82734b9d30252664d05b5674be32b5d693a9
/components/schemas/PricingMultiplier/properties/reasoning_token/description,description,45,sha256-003a175c80dce05d0c80dc2969432ce3a1071e65e00b8e4ff6bd417db0018187
/components/schemas/PricingMultiplier/properties/request_audio_token/description,description,38,sha256-cdf190d8a3406b7c87860562a2cf77e82179eca3b7051a8d69e53339e2faa1f9
/components/schemas/PricingMultiplier/properties/request_image_token/description,description,47,sha256-84e897ff5fa3c2b003b3ee56f313667fec2546fabff037507b148583c7375fac
/components/schemas/PricingMultiplier/properties/request_text_token/description,description,46,sha256-e916e4ef7cf9f9cf1d45bd93b846b775eab601a6cb4b9da5c6c077d5575a65c3
/components/schemas/PricingMultiplier/properties/request_token/description,description,40,sha256-f10d7943e831d4b9d158b3fb6dc737022d58f6cd7afbc0d65831d3e4a86a44ae
/components/schemas/PricingMultiplier/properties/response_audio_token/description,description,39,sha256-3dbb8da276261b6b62779527b151076cf2e8be9469799cbd8c5f9ddf6811fe77
/components/schemas/PricingMultiplier/properties/response_image_token/description,description,48,sha256-0f85ef72856735a63c3df5120137da33fed439a870a51980295cf01cf40ad19d
/components/schemas/PricingMultiplier/properties/response_text_token/description,description,47,sha256-7787ae56443461122656f1b398eb9c1e902b6cb17ca608fe47e529807d8522f8
/components/schemas/PricingMultiplier/properties/response_token/description,description,42,sha256-8a8a0d873bc84c044e3355479796cc4a562ae3bb05c00900c5fb76ba3ba76c82
/components/schemas/PromptRenderResponse/properties/success/description,description,38,sha256-222d620b5abd942a78257604e308f62f455bbda5754e2beb9d00dee8bd389f49
/components/schemas/PromptfooParameters/properties/redact/description,description,34,sha256-de1888c13afca8bd3cb0b9004fb9395902fcece648c515945f1a7760e589e679
/components/schemas/PromptfooParameters/properties/timeout/description,description,23,sha256-b113d346932d0df037b46e0fd1c42634a043759fb73ad34188a129d4070fb120
/components/schemas/Providers/properties/name/example,example,17,sha256-0932b53a97f2e63fbc12511c88863a647065b63726c3a8ca2879b0603079a50f
/components/schemas/Providers/properties/note/example,example,10,sha256-1c26c5668e69e892e29576c7d33da04e36d8a234dd4401ca769660d3f62111b3
/components/schemas/Providers/properties/reset_usage/example,example,6,sha256-d1a64a1e0ab44cd7c752bedc59af8595c2ffdbce67bd98548dee867fe2e68a66
/components/schemas/RateLimitsPolicy/properties/conditions/description,description,19,sha256-ce0b9d502af0142a1f9a74fc0fa8c471486ca8ca7be0255a35c046dde77b1b4a
/components/schemas/RateLimitsPolicy/properties/created_at/description,description,18,sha256-377d18336beb281b3035405022d8627874554ee1a7c098f9a6cb4f2cf7b79652
/components/schemas/RateLimitsPolicy/properties/group_by/description,description,24,sha256-e03b121511dc95492cb5312bdf3cf0c5a1800396e23085ffae8dfb94f19029c7
/components/schemas/RateLimitsPolicy/properties/id/description,description,11,sha256-7a09949ccb524fefee67d4d7184801fa88aa85a8a61bc9df95d308e8f0d37fb9
/components/schemas/RateLimitsPolicy/properties/last_updated_at/description,description,21,sha256-6bb8e3a0bc13ef6595087877eb49bfd00af7d0657f0e84a8f6d426ad32a44b13
/components/schemas/RateLimitsPolicy/properties/name/description,description,11,sha256-001caacdfd66f0193360e0f9bb80df260c55a4b54513b334b90ef555b6bbb742
/components/schemas/RateLimitsPolicy/properties/organisation_id/description,description,17,sha256-106fc0765f59398e5050401862a4c2ae01a99db1768a1d75f43962e0f9bcab20
/components/schemas/RateLimitsPolicy/properties/status/description,description,13,sha256-f0c975f6769af1d0aeb07644dbdafa6a2d8b664cdc2520cf0b38a8109b657079
/components/schemas/RateLimitsPolicy/properties/target/description,description,143,sha256-e42b5d9ff1c300dd9900611f1a5fe3d8e09bee6e8aacbd62a0bb9418c4e8128e
/components/schemas/RateLimitsPolicy/properties/type/description,description,11,sha256-5e4623659cf48ffbba9857d9f2048693f1eb2c48db64a1518459dc4467349be6
/components/schemas/RateLimitsPolicy/properties/unit/description,description,9,sha256-d108b4c6deb08f160ce920ee519cee88d9230ce30a72f4647a9c9051b3de9191
/components/schemas/RateLimitsPolicy/properties/value/description,description,16,sha256-67ba8f08199fd9f424fa1bbcc2e58ca77b46be2f629b051fac14e7e2c73ba428
/components/schemas/RateLimitsPolicy/properties/workspace_id/description,description,14,sha256-a744170c9f8b31d751ed701d3a4496d5d852d58d936a1bf44568b667dece1f5c
/components/schemas/RateLimitsPolicyListResponse/properties/object/example,example,4,sha256-a330395cc0a53ad1207736546afff4735940937564bbf75ce1edad40780d9139
/components/schemas/RateLimitsPolicyListResponse/properties/total/description,description,24,sha256-6f613e02179e1cee7d35280266ad81c6f11ed6f3ea5f6c39325495b26a024eb8
/components/schemas/RateLimitsPolicyResponse/allOf/1/properties/object/example,example,18,sha256-4c885c195cc8947d95f1652196bab6631996e59e4e8eafa1aa2cc1f17cc4b2b2
/components/schemas/Reasoning/description,description,124,sha256-4005ec22372fc80a3a182fcf5ed93419e97687b22f3773c8b2508bafc0df79f9
/components/schemas/Reasoning/properties/generate_summary/description,description,196,sha256-582a81ba0a3cb4c956e1417922842ed1c1df8c8a88dbf7243f57ef73740697fe
/components/schemas/ReasoningEffort/description,description,301,sha256-082761dcde1a5557b6368465a0e02cad31864d595ca7e0e3a2fb77b88027f620
/components/schemas/ReasoningItem/description,description,93,sha256-c8af3943df55ae458da57b9902063f3f1c528e8b9884be61b85755c9822a82ce
/components/schemas/ReasoningItem/properties/id/description,description,48,sha256-27ca543d023a33b0a1e97e341caa6b9b2612ac063ffad29d55bd50fc13e974c4
/components/schemas/ReasoningItem/properties/status/description,description,119,sha256-d33718131f994aa5c1277ff4e650160459c868e1deab9087352ccda23a41778b
/components/schemas/ReasoningItem/properties/summary/description,description,25,sha256-4e902c9eecce9dcfe7174153a22bf995a0f9193af12124d61c422723fa39c665
/components/schemas/ReasoningItem/properties/summary/items/properties/text/description,description,81,sha256-c806fff639bb4e73a7078699334f376ca264d3ab2c66b5fb706b9d507dd2b922
/components/schemas/ReasoningItem/properties/summary/items/properties/type/description,description,47,sha256-2053fbfed3140324d3bae3d2787e0cd6d0bf3f1233e0ff2df59db7b3600ce1bf
/components/schemas/ReasoningItem/properties/type/description,description,44,sha256-69ffb6230e694cc42306e631a527f465d0966fb37ba78d0315c97ac78d9fdec7
/components/schemas/Refusal/description,description,26,sha256-ad0ebe31d567063cb28f775d8a4bf14be2ed7a83a3aca302d2d516f88110bb45
/components/schemas/Refusal/properties/refusal/description,description,39,sha256-89edf6943a2ec288ca05e46f87f05221048c2c900eb6aa6085f492fc9a9d0bb8
/components/schemas/Refusal/properties/type/description,description,43,sha256-60742e85559d6dd573584989885ddbccb37bb89df31de5cae9eeb6d6d9c1d2fc
/components/schemas/RegexMatchParameters/properties/not/description,description,59,sha256-379c26943b2772c0c7c148f65619ec84d73e5b57141f8aa7e44f95a0abaa3b26
/components/schemas/RegexMatchParameters/properties/rule/description,description,22,sha256-3ed21be35b1e9b46538be5876c25179197ef153c359488f6e7d474a32dc14a9e
/components/schemas/RequestResponseObject/properties/body/description,description,16,sha256-7007224aec6bae8410c105df4ecb3e41e58b8f6fd3143947a876008ceebd4571
/components/schemas/RequestResponseObject/properties/headers/description,description,18,sha256-de202b81c87c686b67d5f5a577054f353b2c0ef7abaf4aab6125fe586c90ac4f
/components/schemas/RequestResponseObject/properties/method/description,description,22,sha256-e20a6899eacf44aa6f14996c4b2f246cad73409d7df59e09de08763dfb093fbf
/components/schemas/RequestResponseObject/properties/url/description,description,14,sha256-a3b8cb9f54c6545c3695185901d577c6c121a19f0086cf5e81fe031e02bf0dae
/components/schemas/RequiredMetadataKeysParameters/properties/metadataKeys/description,description,26,sha256-308234b9032cd8778f309d7351a731cb71297b5a5eea01797d090f08ddce41af
/components/schemas/RequiredMetadataKeysParameters/properties/operator/description,description,32,sha256-c27f1efdd7e3d3046aea30289677a3e87720b41db4f45d70c4480386f86fd60d
/components/schemas/RerankDocument/description,description,104,sha256-c0306ff25fddf62c43348f508ebcba4f5e7d7eef78d6d4315fcf1390ee10a56b
/components/schemas/RerankDocument/oneOf/0/description,description,36,sha256-a2f091ce7e3700e3585691237770280fa2186619e4b804cedceae0da1dce7cf8
/components/schemas/RerankDocument/oneOf/0/example,example,31,sha256-557be7eca214f1889cdb6dfa348eb7c937648c9d6be72bfc1b8204adf7552a43
/components/schemas/RerankDocument/oneOf/1/description,description,61,sha256-9caa641af391d76c6e4a7c82fbcd546220c4deab45b2e8ebc4d72ff6623a828f
/components/schemas/RerankDocument/oneOf/1/properties/text/description,description,33,sha256-f2c13ba04af5a0cfa8a5b16c83dd45083cc89579bba31512d610afca027abc19
/components/schemas/RerankDocument/oneOf/1/properties/text/example,example,31,sha256-557be7eca214f1889cdb6dfa348eb7c937648c9d6be72bfc1b8204adf7552a43
/components/schemas/RerankResult/description,description,34,sha256-bc4bf1f017a4af240519261fdd6f39cb1bbbfec8cf55ab3b51b924488298f828
/components/schemas/RerankResult/properties/document/description,description,71,sha256-f4f076ea5df07eaf5c424348bd1074a01560fb4964290ebec5c54f9ca76c4774
/components/schemas/RerankResult/properties/document/properties/text/description,description,33,sha256-f2c13ba04af5a0cfa8a5b16c83dd45083cc89579bba31512d610afca027abc19
/components/schemas/RerankResult/properties/index/description,description,54,sha256-c3ab710f97ba96999d2169b9f5c8790d345dd7369eb909ce0f03c8ab5a622642
/components/schemas/RerankResult/properties/index/example,example,6,sha256-d1a64a1e0ab44cd7c752bedc59af8595c2ffdbce67bd98548dee867fe2e68a66
/components/schemas/RerankResult/properties/relevance_score/description,description,157,sha256-bf481f1b03d5411911f45e7cd8d0b15922df2e1d78207598e9bc523c52de770c
/components/schemas/RerankResult/properties/relevance_score/example,example,9,sha256-bb1274bb6b3c51e6bce764c21fdaaac783183a87ccb742715394a018108374fb
/components/schemas/RerankUsage/description,description,41,sha256-79ef0e22d801af7a6fe099e23abc0417146236b6a16c03290567bb9484157837
/components/schemas/RerankUsage/properties/search_units/description,description,80,sha256-785b12696c94b59de1e663c4aefae770064cffcbce2108baf3a0e8a87a159ef2
/components/schemas/Response/allOf/2/properties/created_at/description,description,63,sha256-9049d30a5b336a0b86d9a07f74f8cf12f37eb06ec44837e25c830dc64950e41c
/components/schemas/Response/allOf/2/properties/id/description,description,37,sha256-945856eb96e99a74365763588ae686235372badcf11c05a751b23830c2b55223
/components/schemas/Response/allOf/2/properties/incomplete_details/description,description,46,sha256-5d3d4e6ce3fb5fcd65d2663de8c6b5f81da0f8a4e0ea87ccccbb174772f37db7
/components/schemas/Response/allOf/2/properties/incomplete_details/properties/reason/description,description,42,sha256-e199589f5ab8be23b96bbd639c028c9a18611886d05283870376972e79bee2c6
/components/schemas/Response/allOf/2/properties/object/description,description,61,sha256-6fdd309d4e4fe0fc60834d73136a5e66aafbcac2b85c5faa33db4c021b89bb53
/components/schemas/Response/allOf/2/properties/output/description,description,372,sha256-6e57774312cfe453ed38bf895515acfa7e9c3e569c0c8215f5979ca5e80dfecd
/components/schemas/Response/allOf/2/properties/output_text/description,description,190,sha256-3edc0926911fa679b90d9a0f04b455c9f4ef603fd9011b55842958dbcce66df9
/components/schemas/Response/allOf/2/properties/parallel_tool_calls/description,description,58,sha256-9c6a880b523a4cc1b8cb8cabdca3619baf55b7bc79d4eeeff7d34ce7b3363bbb
/components/schemas/Response/allOf/2/properties/status/description,description,102,sha256-99b942efa721c2d637a38cefb911c2e691b3f6915766a597a4574cb34e12de6b
/components/schemas/ResponseAudioDeltaEvent/description,description,47,sha256-bb0fb73bbccd9418c9e9c816515ba07d7b2eaf904e547ef3d53f78f4e1304b34
/components/schemas/ResponseAudioDeltaEvent/properties/delta/description,description,48,sha256-238593ae135a9f45a8441a6d341fbfa9bd421659db535cf7233cbc8976fcc703
/components/schemas/ResponseAudioDeltaEvent/properties/type/description,description,54,sha256-2dd51cb85cb1ef514c1e60a8075a172601b61bf84c45ac0d8fac79b991b879b9
/components/schemas/ResponseAudioDoneEvent/description,description,44,sha256-d984fa05a3927dcd800c8d4d13daeb96f906721c0b76b256e9aa88be5fcef532
/components/schemas/ResponseAudioDoneEvent/properties/type/description,description,53,sha256-6213db3b0de5b935cad0ca3c220e1e7a149e5730f7ef1399851cbad8df73021e
/components/schemas/ResponseAudioTranscriptDeltaEvent/description,description,52,sha256-7e81857de7703232f997710bbbe3fe14891ef9efb433649da23a77503c94d371
/components/schemas/ResponseAudioTranscriptDeltaEvent/properties/delta/description,description,46,sha256-2944d6437edf68b11049e1301b6e91f73d417a929fa434f77a8ec01ca577ff75
/components/schemas/ResponseAudioTranscriptDeltaEvent/properties/type/description,description,65,sha256-40a08a2e142554574004b7b17d9002415a72da9c2ae9d70adc1d8baecf088cba
/components/schemas/ResponseAudioTranscriptDoneEvent/description,description,52,sha256-3942054fdff259b445022469c0266e40398a6f8e1cad5bb3d84d722a88e2a78e
/components/schemas/ResponseAudioTranscriptDoneEvent/properties/type/description,description,64,sha256-226395bb39e79cd128102d922db2e442afe0869880d5f4d1daa9e05a7d1aa179
/components/schemas/ResponseCodeInterpreterCallCodeDeltaEvent/description,description,69,sha256-b7ff5cfa26c40ccef7dc9082554fc0a3a8b285f8a50da828d3f07fcdbc3768b4
/components/schemas/ResponseCodeInterpreterCallCodeDeltaEvent/properties/delta/description,description,56,sha256-5cddf183f78c282fcc2c765c8751927c52ff0f5b732c756aad2ae2b1553d80af
/components/schemas/ResponseCodeInterpreterCallCodeDeltaEvent/properties/output_index/description,description,76,sha256-6ffd1625686edc94f71c54adc22523b7499e250bb2115fcccc17875ce8de946a
/components/schemas/ResponseCodeInterpreterCallCodeDeltaEvent/properties/type/description,description,75,sha256-1897f4471c3e288954ff4bd3523a25ba26f46fdd76f1927b5bc24d5d9439b828
/components/schemas/ResponseCodeInterpreterCallCodeDoneEvent/description,description,70,sha256-85c3496b7eb7325592b45316c54c9910e5abd270c7ab47a3a46c83ce3423f70c
/components/schemas/ResponseCodeInterpreterCallCodeDoneEvent/properties/code/description,description,55,sha256-75ec788e9d4cb0069cc7694a3d21ccb41ff2b3318d8e7422bfbcd5e6069bf58d
/components/schemas/ResponseCodeInterpreterCallCodeDoneEvent/properties/output_index/description,description,76,sha256-6ffd1625686edc94f71c54adc22523b7499e250bb2115fcccc17875ce8de946a
/components/schemas/ResponseCodeInterpreterCallCodeDoneEvent/properties/type/description,description,74,sha256-820ed24534723d7f46173c4d05e90d3dbff45a6295bbc6267709eb3203bab3da
/components/schemas/ResponseCodeInterpreterCallCompletedEvent/description,description,52,sha256-809db25110bc8ecdc720627be17355aa944ad924d02acd5229f5c0d3ecb29e26
/components/schemas/ResponseCodeInterpreterCallCompletedEvent/properties/output_index/description,description,76,sha256-6ffd1625686edc94f71c54adc22523b7499e250bb2115fcccc17875ce8de946a
/components/schemas/ResponseCodeInterpreterCallCompletedEvent/properties/type/description,description,74,sha256-e40e4347951e3632de2de2ee0b765a2779e03caff7d236c93e6719565730d959
/components/schemas/ResponseCodeInterpreterCallInProgressEvent/description,description,52,sha256-331a38d0e1ef933d86c288032648e15769a228f2dccee75befa8f61b93c807ac
/components/schemas/ResponseCodeInterpreterCallInProgressEvent/properties/output_index/description,description,76,sha256-6ffd1625686edc94f71c54adc22523b7499e250bb2115fcccc17875ce8de946a
/components/schemas/ResponseCodeInterpreterCallInProgressEvent/properties/type/description,description,76,sha256-35a84095e3c07f2c606cc1b065966ce11ece8935e98b8a1e9c38442ded6a536e
/components/schemas/ResponseCodeInterpreterCallInterpretingEvent/description,description,76,sha256-76705bc081db15def20ea8ed1db18cfb55fb0a9568968416951659e8929e5d45
/components/schemas/ResponseCodeInterpreterCallInterpretingEvent/properties/output_index/description,description,76,sha256-6ffd1625686edc94f71c54adc22523b7499e250bb2115fcccc17875ce8de946a
/components/schemas/ResponseCodeInterpreterCallInterpretingEvent/properties/type/description,description,77,sha256-ecac77834629926865d36b4f34709675c0ed961c91af059c8ddcc21a2018d9c6
/components/schemas/ResponseCompletedEvent/description,description,44,sha256-16f2182dc649a956d79c94989684da15c7a771f294f7c1b8687f2962e61319ab
/components/schemas/ResponseCompletedEvent/properties/response/description,description,38,sha256-7c398622afdfe073eeb07b51bcd795b527e99273c8837dbd9e5a23014af39f06
/components/schemas/ResponseCompletedEvent/properties/type/description,description,52,sha256-c9001b21764c6cd7a4d5b6f27961ce3753f7125dafbe86ba0e6d6d510bfb7bf6
/components/schemas/ResponseContentPartAddedEvent/description,description,41,sha256-8f3692d4bd73a14e3b760583e02bfc9c05980fd15911966caa38202e8a2181f1
/components/schemas/ResponseContentPartAddedEvent/properties/content_index/description,description,46,sha256-b64512828e393e79f70f5d88a12ffb3495bc2b4394b6d2902a355895dcfde4cb
/components/schemas/ResponseContentPartAddedEvent/properties/item_id/description,description,62,sha256-162c076d13a7c3c44d62a064b0ab3f891824f3dbd77a39ca90c4de042068337b
/components/schemas/ResponseContentPartAddedEvent/properties/output_index/description,description,65,sha256-9c6eb7f4bc1266c4acbe318d21318a925711bbf175ef531365d4f3f4a268fb63
/components/schemas/ResponseContentPartAddedEvent/properties/part/description,description,33,sha256-0ba1c7be9b38985ff251bb4febb577be976743c57dc48d602852841e01f4f6cf
/components/schemas/ResponseContentPartAddedEvent/properties/type/description,description,61,sha256-2ac9392995aa607b3cef681cb6552f018122e1b6f338be208835af15ec6068ae
/components/schemas/ResponseContentPartDoneEvent/description,description,36,sha256-637176349ae686e54a111ff69c15a0da5bca02c73f32f78a405728fbb63fd08a
/components/schemas/ResponseContentPartDoneEvent/properties/content_index/description,description,44,sha256-dc44cf9d225b18415733655d588b762e0f804b212d6063c93e4563035af56366
/components/schemas/ResponseContentPartDoneEvent/properties/item_id/description,description,62,sha256-162c076d13a7c3c44d62a064b0ab3f891824f3dbd77a39ca90c4de042068337b
/components/schemas/ResponseContentPartDoneEvent/properties/output_index/description,description,65,sha256-9c6eb7f4bc1266c4acbe318d21318a925711bbf175ef531365d4f3f4a268fb63
/components/schemas/ResponseContentPartDoneEvent/properties/part/description,description,31,sha256-a7a0498cb0b6cbc9fe788ada67d4c8a5e1574f6efdd7ecaaab8f543b6983c27e
/components/schemas/ResponseContentPartDoneEvent/properties/type/description,description,60,sha256-8d8269d144d77a4217baafc9298fa566fae4ca9818ea075025d923e4236d388a
/components/schemas/ResponseCreatedEvent/description,description,53,sha256-d2a6c345bbd4c35afd4b7e64658f58d3c1adb93b4baca9edd192105b1327ba78
/components/schemas/ResponseCreatedEvent/properties/response/description,description,31,sha256-74d263579327cf90e914734c637a360a7d997df193fd04fcedaa33e6a79bbe75
/components/schemas/ResponseCreatedEvent/properties/type/description,description,50,sha256-6688c9fdcb09965ec4ffd669fa58c24db56e1445403ed973327a7fe62a52aa92
/components/schemas/ResponseError/description,description,70,sha256-74089ea2be42801a60e84922ee94a3b9e136588457fb91805f9c11404018960b
/components/schemas/ResponseError/properties/message/description,description,43,sha256-74e45e5ef8de9d6cf7d7b97f5a5fbd96b3cd13204b19405356e3e160d6e06a33
/components/schemas/ResponseErrorCode/description,description,33,sha256-d91adfb6d75dbbec54fe4ad1c555c0bfa50cc0478737ca4881a8eb011f7a2b77
/components/schemas/ResponseErrorEvent/description,description,29,sha256-76269e103504219f4107c74aec9aa64e3d397cd7f9d2b83cd758ed7186b0e634
/components/schemas/ResponseErrorEvent/properties/code/description,description,16,sha256-4db46728439c3f07d08186f04c4592dcade7c48fb46aa54904e8e80753807c30
/components/schemas/ResponseErrorEvent/properties/message/description,description,19,sha256-4348690ef9cc989d72c1d13e9077e6153aaa77bbf7571a6ca644fc0cf87652e8
/components/schemas/ResponseErrorEvent/properties/param/description,description,21,sha256-dccfe3e5c70e18b923cd11988ff9d1e5a5644318cd73270df61fefee0a97ae7d
/components/schemas/ResponseErrorEvent/properties/type/description,description,39,sha256-cdb13a903cd601673ece6f83a9650272e08ca59f78cafd29de1309f311d2ee07
/components/schemas/ResponseFailedEvent/description,description,48,sha256-a3a9cfcfa17da4a609dcfa9c4316572ffd8d58f6035befd090094e0aeeb8c30b
/components/schemas/ResponseFailedEvent/properties/response/description,description,26,sha256-f29c47d5c550b8500f4848adee3caaa6c192b69ea0e63039b3e2e1728bbcff01
/components/schemas/ResponseFailedEvent/properties/type/description,description,49,sha256-895bb2f983b3f1b480d41350a23d29d56f672942e36318dea05b382c1cc9a1c3
/components/schemas/ResponseFileSearchCallCompletedEvent/description,description,61,sha256-e082b5a8a24bf8bbb048f6285658c1632b2b60455117ce1703fc603b63da22a1
/components/schemas/ResponseFileSearchCallCompletedEvent/properties/item_id/description,description,66,sha256-d99d95e9c36fee7af6bdb1b3dfd44c0efaea3848fbcb8a4bba9a512bd0adb45e
/components/schemas/ResponseFileSearchCallCompletedEvent/properties/output_index/description,description,69,sha256-de0095940462d1a36e4ed563ee747a431250eff1438cc60d319836838991930a
/components/schemas/ResponseFileSearchCallCompletedEvent/properties/type/description,description,69,sha256-200e1657ad99f72b59ffeb93024f5fbcab14a45bd580d33ff005f21bd3ebc907
/components/schemas/ResponseFileSearchCallInProgressEvent/description,description,45,sha256-ea855edd61a7ce86f7617db4f513e34255a430c483b143017f291f8ad70bab97
/components/schemas/ResponseFileSearchCallInProgressEvent/properties/item_id/description,description,66,sha256-d99d95e9c36fee7af6bdb1b3dfd44c0efaea3848fbcb8a4bba9a512bd0adb45e
/components/schemas/ResponseFileSearchCallInProgressEvent/properties/output_index/description,description,69,sha256-de0095940462d1a36e4ed563ee747a431250eff1438cc60d319836838991930a
/components/schemas/ResponseFileSearchCallInProgressEvent/properties/type/description,description,71,sha256-ef31e859dd893442dfb34ae0562fc4d0e830568952f26e43d8b0a540e15c206e
/components/schemas/ResponseFileSearchCallSearchingEvent/description,description,50,sha256-c29e357f0d9cc53bd7f51063109710564d7496dc5ea89b0506a9562bf4186eb4
/components/schemas/ResponseFileSearchCallSearchingEvent/properties/item_id/description,description,66,sha256-d99d95e9c36fee7af6bdb1b3dfd44c0efaea3848fbcb8a4bba9a512bd0adb45e
/components/schemas/ResponseFileSearchCallSearchingEvent/properties/output_index/description,description,69,sha256-cc5eebf07e5acf5749dbbcf68b565ae16e65054b22e83718d239ea9239fc8f29
/components/schemas/ResponseFileSearchCallSearchingEvent/properties/type/description,description,69,sha256-624ad76a51651a6713f81791944829d0abc93e886c7401ada4da6cb27890acbc
/components/schemas/ResponseFormatJsonObject/description,description,239,sha256-7b3a0c32d6b941875014319b0a831068d9cf448d7ab8586220f4cf8ef7dfdbdb
/components/schemas/ResponseFormatJsonObject/properties/type/description,description,64,sha256-bee28d3261dcc49c38de663a4c84263e5cb1a69f18c16f253ed1c181b216dfe1
/components/schemas/ResponseFormatJsonSchema/description,description,145,sha256-3fd72045bf4b9ed1f8b50d962654132b9540b8f823e720c80c1f222df4b86f84
/components/schemas/ResponseFormatJsonSchema/properties/json_schema/description,description,67,sha256-3e5c876690a8892dec88b7689da19dead8ded1881afb21bd93d55cc18eaa9e84
/components/schemas/ResponseFormatJsonSchema/properties/json_schema/properties/description/description,description,111,sha256-dbaeddc3da44f4dce831136b070f0881ef53d034d880bf5470872dd06174dd6e
/components/schemas/ResponseFormatJsonSchema/properties/json_schema/properties/name/description,description,120,sha256-c7f7e7e4f2d5e0debeb8a69ef2c079bc41edcb64ee68d639123eca710d7f540a
/components/schemas/ResponseFormatJsonSchema/properties/json_schema/properties/strict/description,description,315,sha256-d71a08d10e3363167b587bd7f752ac6fbd86ac8137b4b3553acfaf4c9c773ffc
/components/schemas/ResponseFormatJsonSchema/properties/type/description,description,64,sha256-a481f850e620e8c3080e742829afa68c1fc7871104ec51e5d4633485f9ff9683
/components/schemas/ResponseFormatJsonSchemaSchema/description,description,137,sha256-87f07d44a9b5f24128b41bd8282a90fe2646df402c6d7a89a0ac77d18bbf6d66
/components/schemas/ResponseFormatText/description,description,58,sha256-af866342f0e69370ac8bb05ea1f56279448ab7efea2f5a370a04bf038b3bf05a
/components/schemas/ResponseFormatText/properties/type/description,description,57,sha256-a437f9c17b35f0726f34098121f0a411719ec8e002078d3cbaba8635f8f07df2
/components/schemas/ResponseFunctionCallArgumentsDeltaEvent/description,description,62,sha256-4672b38be20f8f58991ad97959c14ecc308e95a337442a7486c18714ad05f24a
/components/schemas/ResponseFunctionCallArgumentsDeltaEvent/properties/delta/description,description,49,sha256-d050ae0f6747d86f2eb36706275ea8b235cd7f19db9e331026483cd5fa132856
/components/schemas/ResponseFunctionCallArgumentsDeltaEvent/properties/item_id/description,description,78,sha256-6df1edb0262e209467d71938e8213717151eb1aed546ba678130f0fe6130fbbc
/components/schemas/ResponseFunctionCallArgumentsDeltaEvent/properties/output_index/description,description,81,sha256-ad15b8f43b86e97958f2859e188a669f5566706121bd01e408cfb18ae9bbfd79
/components/schemas/ResponseFunctionCallArgumentsDeltaEvent/properties/type/description,description,72,sha256-7a2b3d68c4ef497bf4909fb304c1bc3c6723c7fe6d5650d9c7cb16a98985cb11
/components/schemas/ResponseFunctionCallArgumentsDoneEvent/description,description,51,sha256-8a9e145fb0d75b2cbe77aee285a5356c3bd99eedc780c16152e06e2d0b835bcb
/components/schemas/ResponseFunctionCallArgumentsDoneEvent/properties/arguments/description,description,28,sha256-77d746599b2f43f052d9088d2b804fb732bfa4497a220468364dd39ca5d8941c
/components/schemas/ResponseFunctionCallArgumentsDoneEvent/properties/item_id/description,description,19,sha256-672e06027f56f1c2b24532a8f37b7c13f9725e3e2482bdaa2f07d35cec190ea9
/components/schemas/ResponseFunctionCallArgumentsDoneEvent/properties/output_index/description,description,29,sha256-673a67832d0dd28fc0e4bd229ee26e11f8643b23e85b52f54a0ab0d5f9957c8b
/components/schemas/ResponseInProgressEvent/description,description,41,sha256-06621d599bcbab16bf1ac3b83bd2277956107fc8b08608424aedf56b71b80a91
/components/schemas/ResponseInProgressEvent/properties/response/description,description,34,sha256-b1712de273da592b75fc37a5821c82871e54061348bd48ea569cd3e252aaabaa
/components/schemas/ResponseInProgressEvent/properties/type/description,description,54,sha256-6fffdd613d728b3e86705aff1e98c5cfbcad9017c0bf357113f0e8a49c04810a
/components/schemas/ResponseIncompleteEvent/description,description,65,sha256-63dc3613b794da43f76e7bb92a8a8affbab10c11cb30b0fc534a2c8a2c2be616
/components/schemas/ResponseIncompleteEvent/properties/response/description,description,34,sha256-f24ade2fe598e602f292923c5e055b93d9ef41e4e016e0d9f86465587686cdbc
/components/schemas/ResponseIncompleteEvent/properties/type/description,description,53,sha256-981e07ffcf8738933f58a52c8e4a65c71d072ed4ae13eaf6bb41fff23da21d22
/components/schemas/ResponseItemList/description,description,25,sha256-9425208354dbb0efc0a21eac18038bf2c6918e049c7602209b2e1bc0a08021e7
/components/schemas/ResponseItemList/properties/data/description,description,47,sha256-d10187025b126f42579e9e3e9c0e893ddba73a3100b4b857e3ed56d7a557bdee
/components/schemas/ResponseItemList/properties/first_id/description,description,37,sha256-70bb5afb94d0d31d90f2b29205e34ba53a46ea20d46b753b70ac781ef3fdd081
/components/schemas/ResponseItemList/properties/has_more/description,description,39,sha256-7560e06bb08360eb1d51b383fa6daa0218f77d9df3556a575c2ea547e019ad66
/components/schemas/ResponseItemList/properties/last_id/description,description,36,sha256-19256e3d199aa1aebd78ae8bb38d462de853cb29fa8616b6545647059e89c99d
/components/schemas/ResponseItemList/properties/object/description,description,44,sha256-3ed9b1a275d6a58d8418b7eec8bcdbe7703260d756deaad7c1b16761d6e0438e
/components/schemas/ResponseModalities/description,description,329,sha256-cd4badda91d4899588e65a330a1db0c5014605bbff83f8abd8fc147540c192eb
/components/schemas/ResponseModalitiesTextOnly/description,description,215,sha256-f6526a37279f32071fac803bf922ab41da6e8719f269e13a39ec3a29dadaf3cf
/components/schemas/ResponseOutputItemAddedEvent/description,description,40,sha256-4133cbbccebdfdf3071193b0d37db3f27459bef11ffc3f4de850df84ea178b24
/components/schemas/ResponseOutputItemAddedEvent/properties/item/description,description,32,sha256-61339c11c9ac218389efcdbe6b341aa4e8b037acfbb81ffd681c3a1666b3103c
/components/schemas/ResponseOutputItemAddedEvent/properties/output_index/description,description,45,sha256-36ee953231cd4e90d975cb94b975b7b03b095c1488eed2ed9c9271f50ab524b5
/components/schemas/ResponseOutputItemAddedEvent/properties/type/description,description,60,sha256-3f755ddeaa2f49776d409b58d915e8726c3ea1d58f7a63abca4802f627aafbd0
/components/schemas/ResponseOutputItemDoneEvent/description,description,43,sha256-eb9fdf3b9524a37386a72fa9e63f95075c4f6424792044932a8be02d92e5467a
/components/schemas/ResponseOutputItemDoneEvent/properties/item/description,description,38,sha256-293691f797251a848d45689be5e9121f07062875f563eb4e47ea40e6cfb13e6e
/components/schemas/ResponseOutputItemDoneEvent/properties/output_index/description,description,51,sha256-40457626053cd47110b5af9842070ae61c89e6ccc7ca934ff8f96031ac7be7d2
/components/schemas/ResponseOutputItemDoneEvent/properties/type/description,description,59,sha256-80b045425249883f102a5027a1751e091cbd759b57c6108e425f1264e2de8424
/components/schemas/ResponseProperties/properties/instructions/description,description,303,sha256-0e128f5b09262cd47049f19c1fcdfb8b839e1e7d928f939ec0a1618471a8e447
/components/schemas/ResponseProperties/properties/max_output_tokens/description,description,158,sha256-df0fb0b4ab7815866996517d4d43a6d5665ae23e122288672890e61f65e837e6
/components/schemas/ResponseProperties/properties/model/description,description,257,sha256-f4a4706534b072a549092bbbc7167d0a6309243afef199ac5fbf9f68f1b451df
/components/schemas/ResponseProperties/properties/previous_response_id/description,description,171,sha256-51c859ed9e011992a3dc8ab1892d0b43a329cb8f452ebfcbf842dedcc2e041d4
/components/schemas/ResponseProperties/properties/text/description,description,216,sha256-90f229ffeb68eaf619f2f2d8bd11e52974e75e6e088ae6bd09f0ac630c12b6cb
/components/schemas/ResponseProperties/properties/tool_choice/description,description,165,sha256-3b35d9fbee171475c05134bc6bb2f6126e80e4df5af71b9bf51f5035341adfa0
/components/schemas/ResponseProperties/properties/tools/description,description,642,sha256-fee5ef6df71cb9e1888cf137c9a391511ba346885243abb6a1be70c42d91e1b5
/components/schemas/ResponseProperties/properties/truncation/description,description,422,sha256-fb7832ac6df3b014d81bf8587fd03e36e529f03ccd60d101b89718401b00e474
/components/schemas/ResponseRefusalDeltaEvent/description,description,45,sha256-015a015500c235b5cd7dd4160e63c73d49783e290775b870ad3de901a5b6d37e
/components/schemas/ResponseRefusalDeltaEvent/properties/content_index/description,description,65,sha256-c503942b5bc9b856cb0da9b71a75b233aba55b8d8dd79f726d6a0e9c1aab8aff
/components/schemas/ResponseRefusalDeltaEvent/properties/delta/description,description,32,sha256-e42b4f18e9157be842a48a6aade4d25ac7a3b78a42e90be028024ad8f790174d
/components/schemas/ResponseRefusalDeltaEvent/properties/item_id/description,description,61,sha256-f68ad11e5fd41af2668d328df9a6e544ec2e5ceb8b1c541b28664f34b3c4d00f
/components/schemas/ResponseRefusalDeltaEvent/properties/output_index/description,description,64,sha256-59909281a753875a305e341d4f96a0910fb00efbdfc1d58f3981d72feb8676fe
/components/schemas/ResponseRefusalDeltaEvent/properties/type/description,description,56,sha256-efdcc3827dd31aab4c128153b9edfc2223c60cb52e6edd100d8b9a9dbe62c0ef
/components/schemas/ResponseRefusalDoneEvent/description,description,39,sha256-75f23fbd1ecf1e6f01a191e581fe9d73c124031fa98d6cdae34f21cf20a0fd67
/components/schemas/ResponseRefusalDoneEvent/properties/content_index/description,description,66,sha256-f542b2d0a58243106a200c4b6801e28454dc130abfda849bec1b8772b82de79b
/components/schemas/ResponseRefusalDoneEvent/properties/item_id/description,description,62,sha256-3e7e75a6bf3ab683fb3d7a31231d8a418473871f3b4cba009efe2678e7d6726f
/components/schemas/ResponseRefusalDoneEvent/properties/output_index/description,description,65,sha256-5fab06d6c3fdb7e32f19e94675260a21c1e0d361799952de545c3f5e5ad8ed5a
/components/schemas/ResponseRefusalDoneEvent/properties/refusal/description,description,36,sha256-c7eb2df79ab370b3192c5bfdcc3d5f98c8cca7242261a7cc384a3ef1b7a9f75b
/components/schemas/ResponseRefusalDoneEvent/properties/type/description,description,55,sha256-9344337fde139c3fa0862e37d77999eb34c499c49916fb70362682f2ddc06302
/components/schemas/ResponseTextAnnotationDeltaEvent/description,description,40,sha256-a5deb93759b068f98636788f10d007a8a2e415d8b099a1004581dae00b08243c
/components/schemas/ResponseTextAnnotationDeltaEvent/properties/annotation_index/description,description,44,sha256-4b7d253bfb0e2e6cbed32b1c96c940eae71d937b8dd699191449333dd485c0aa
/components/schemas/ResponseTextAnnotationDeltaEvent/properties/content_index/description,description,69,sha256-031dc60cd5d0a0ed27617fe53a71aee8b5665e86737a7dd0989ab81bcff4f60e
/components/schemas/ResponseTextAnnotationDeltaEvent/properties/item_id/description,description,65,sha256-019513a428469ee475e6e1ce8a1de379f196caac5cd99b6727a96099376d603e
/components/schemas/ResponseTextAnnotationDeltaEvent/properties/output_index/description,description,68,sha256-ef4eb9d648b4e838a73c501744bd3ab4d7a858935129c69d0a733854b9849084
/components/schemas/ResponseTextAnnotationDeltaEvent/properties/type/description,description,71,sha256-470c7c7977611017b053dda9646e9cb421b7aa1a8b4f74f351de600ef25e769e
/components/schemas/ResponseTextDeltaEvent/description,description,47,sha256-4f319caf22a32c8d7a19e07f321f7e9ff21d97ceae13702f1cd122ea33e919f3
/components/schemas/ResponseTextDeltaEvent/properties/content_index/description,description,64,sha256-693890381b73668003bb7e1c2edc5f31bb7659454216222c0e2c4f83979121a0
/components/schemas/ResponseTextDeltaEvent/properties/delta/description,description,31,sha256-6b18356708c17211f4db232e00d35b51f6ebaa49929b24c95fac72d0b0e74cb1
/components/schemas/ResponseTextDeltaEvent/properties/item_id/description,description,60,sha256-0f4519043e15f8a2f696920a049d4a6886bb3b56456247d5ff94a9910408c6f4
/components/schemas/ResponseTextDeltaEvent/properties/output_index/description,description,63,sha256-6b6807bf82c44dc295e3a89aa29489a538ba8abdd7cd490e103167483660cdfd
/components/schemas/ResponseTextDeltaEvent/properties/type/description,description,60,sha256-534307917b7a6a92eba3f379563e2752426d3a111ea4da6bea531fafeb545ad5
/components/schemas/ResponseTextDoneEvent/description,description,39,sha256-b040b8ab5a4c3bb2ad05fd2aae4bd17fbc5792782467745378db147942e6f964
/components/schemas/ResponseTextDoneEvent/properties/content_index/description,description,66,sha256-0cedf223c7a83aad9e6a96887f80c1bc818d784772e9600bfefbebfec524307d
/components/schemas/ResponseTextDoneEvent/properties/item_id/description,description,62,sha256-870948ad811727fa93690decbe15b9c461f01de18d8e6aa2727a8e49c9d8ed5e
/components/schemas/ResponseTextDoneEvent/properties/output_index/description,description,65,sha256-b24582ca3b3e0db7dbb6f2cdfcfd0748c20eb08ce8ba31be54edaae02b2cadc9
/components/schemas/ResponseTextDoneEvent/properties/text/description,description,36,sha256-29ec6a914441ec3b37e9b9af56a81b1ed4bab53604b723d9fd1e16a5e705141b
/components/schemas/ResponseTextDoneEvent/properties/type/description,description,59,sha256-53527b50705a505a57b147fd24d6d6c06ada0b03c8e05c3ed0122aa5dfb5949b
/components/schemas/ResponseUsage/description,description,127,sha256-4dea91ac99b193a3ba4d2325d95c8b0a4a07c1debf27561feeef2812ad9d15d4
/components/schemas/ResponseUsage/properties/input_tokens/description,description,27,sha256-1a2231721253c9e0aaf33424047faa9e533d723d5d9a4b6717c2d75638a2f02f
/components/schemas/ResponseUsage/properties/input_tokens_details/description,description,41,sha256-b20c9c1cc1c311ec9a4872f3647e320e269459dd9bd9e7cc9bb2914917dfb367
/components/schemas/ResponseUsage/properties/input_tokens_details/properties/cached_tokens/description,description,113,sha256-bd17e4473d9e4a6af47ed3d30281123248a9e4abcff9a94b512fe6c3216223fe
/components/schemas/ResponseUsage/properties/output_tokens/description,description,28,sha256-1732244758c9a79b997c15f4a19218e1b8c1a1cd571b9e19a80b678814f18814
/components/schemas/ResponseUsage/properties/output_tokens_details/description,description,42,sha256-4cd70899e99fff5883a9f111fb1108cd37cb25f6120aafeeede3ace38e0e0097
/components/schemas/ResponseUsage/properties/output_tokens_details/properties/reasoning_tokens/description,description,31,sha256-8f887b08be85aff342ef7544d9eb875e24839b1507ea4d2c9bf1d0c6123c2e26
/components/schemas/ResponseUsage/properties/total_tokens/description,description,32,sha256-6f2f28a3d3e71f9293237cea31c6a5872c97f9bcd7e246d28ad5578c0de303b1
/components/schemas/ResponseWebSearchCallCompletedEvent/description,description,44,sha256-2f1214facb8bec2d2639cb418962b75b42e6c5f5dd19eed94cf2d7a7c7695f4d
/components/schemas/ResponseWebSearchCallCompletedEvent/properties/item_id/description,description,67,sha256-6e9e229339b8041dd37629d26e5e5a618a257d9bbc0b8a6455b84917fa14f493
/components/schemas/ResponseWebSearchCallCompletedEvent/properties/output_index/description,description,74,sha256-7491a1dc859299a9ca24d5c0433b7fa5f78a1c2a8ab4d65e7c6851d59ba984f8
/components/schemas/ResponseWebSearchCallCompletedEvent/properties/type/description,description,68,sha256-9171c062e1bd63f9716592b1210b6ca7707bdf4bed1c84962a9947c4b4924ee9
/components/schemas/ResponseWebSearchCallInProgressEvent/description,description,44,sha256-a7120afc238e3992bb1e5941ab08e76d61469d17394454cdda901d37ac6ffc4c
/components/schemas/ResponseWebSearchCallInProgressEvent/properties/item_id/description,description,67,sha256-6e9e229339b8041dd37629d26e5e5a618a257d9bbc0b8a6455b84917fa14f493
/components/schemas/ResponseWebSearchCallInProgressEvent/properties/output_index/description,description,74,sha256-7491a1dc859299a9ca24d5c0433b7fa5f78a1c2a8ab4d65e7c6851d59ba984f8
/components/schemas/ResponseWebSearchCallInProgressEvent/properties/type/description,description,70,sha256-2f546a01bec8423a3a74650bab8014fea54c8569fa973a3c2c3db9e7bde5edc7
/components/schemas/ResponseWebSearchCallSearchingEvent/description,description,44,sha256-d36cf5228d0c8157655031219c69f8968adde0765f13774f18deb4777ec3a960
/components/schemas/ResponseWebSearchCallSearchingEvent/properties/item_id/description,description,67,sha256-6e9e229339b8041dd37629d26e5e5a618a257d9bbc0b8a6455b84917fa14f493
/components/schemas/ResponseWebSearchCallSearchingEvent/properties/output_index/description,description,74,sha256-7491a1dc859299a9ca24d5c0433b7fa5f78a1c2a8ab4d65e7c6851d59ba984f8
/components/schemas/ResponseWebSearchCallSearchingEvent/properties/type/description,description,68,sha256-d2edc1c8e023e0bcee782a12cc78c693b49d882724eb5c8c2f92b226f88392f0
/components/schemas/RotateApiKeyRequest/properties/key_transition_period_ms/description,description,87,sha256-c55ad927b755d9c492a0170990248f44374ca0df9329695976c3826e8be6acf2
/components/schemas/RotateApiKeyRequest/properties/key_transition_period_ms/example,example,12,sha256-7e1079f287d251758626e14a7ef7d61db50479f0484ec0602875a481408f1a05
/components/schemas/RotateApiKeyResponse/properties/id/example,example,36,sha256-a3a9e1ed9732cab28868127be00f1ce921acaefdd5c3b23a6e9e0072bd9c1a34
/components/schemas/RotateApiKeyResponse/properties/key/description,description,28,sha256-63f4822c7bc8362e356e9b8c82c3ba7b179dba5c18205d8597a6ec6de5d6fc3c
/components/schemas/RotateApiKeyResponse/properties/key/example,example,29,sha256-aac3d84420c8719f3e17ae813ca28b83002f001ccd6a6ddbf4ff2a0ae5e633b1
/components/schemas/RotateApiKeyResponse/properties/key_transition_expires_at/description,description,61,sha256-e5892d10ced21b9adcaefd67782d36330dc69a964e129f7780d5a54c4c194555
/components/schemas/RotateApiKeyResponse/properties/key_transition_expires_at/example,example,24,sha256-359815d934f40aa59efecef354b1824808de78aa32b316c4dc1565f96f07bf03
/components/schemas/RunCompletionUsage/description,description,138,sha256-3a1a96b221412d258a2eb7b0781109838f3c7aab1d41fb1f6e77bbcc33a0747d
/components/schemas/RunCompletionUsage/properties/completion_tokens/description,description,60,sha256-0e3ef1285ba0e974196853324e8d00f3bf19bc781986b21ffb2270a8aa5b0fbe
/components/schemas/RunCompletionUsage/properties/prompt_tokens/description,description,56,sha256-b2c0bc7ff72d4fce39562b5e5bc19adb6980b72eeeafb8ddcf5d71b83d627ce8
/components/schemas/RunCompletionUsage/properties/total_tokens/description,description,50,sha256-70f23c0c91f8d9a8dd7ff8d08b9cd5a89fd67a1df76e7a2f02ae64c6770b1fb4
/components/schemas/RunObject/description,description,98,sha256-70c9943adb8d95145ece9704037bc42fe97323d03e0077d06e1fa019d349d2b1
/components/schemas/RunObject/properties/assistant_id/description,description,116,sha256-f0c5237e6d0d30de70070c0944f6f6b12820e45abd507722840026ad06614f31
/components/schemas/RunObject/properties/cancelled_at/description,description,63,sha256-7ba2da0ed9026c7a4fdd5b7cb8764872d7c1d4472e730d06401cc3ff44a85507
/components/schemas/RunObject/properties/completed_at/description,description,63,sha256-bae91ceff110b5aaf5a4517bf63fbccf0e431f44b3b21a79505e254f1a6551d1
/components/schemas/RunObject/properties/created_at/description,description,61,sha256-8ceafbfd0ed9e3bfdb7f911d41ef7642cf6ad95891ac8792cdbf302edc0e31f2
/components/schemas/RunObject/properties/expires_at/description,description,61,sha256-15a41eac61e3ed2bf42242fa50c0aa6fe4d3b463eed2ea6f02b163f632480a82
/components/schemas/RunObject/properties/failed_at/description,description,56,sha256-ae7ca7a518f35833825dbf8cdb3399f1e5d69f8465224df7e30f799932a0f721
/components/schemas/RunObject/properties/id/description,description,57,sha256-9a3dc6c99f297e48af0c86dc1e7fdbf12483be912d6de9453e5f82e69c250826
/components/schemas/RunObject/properties/incomplete_details/description,description,82,sha256-39ad16e0dff3e2adb7af15b12e5a540dfdf28f4aeebe44d126527937860a0d18
/components/schemas/RunObject/properties/incomplete_details/properties/reason/description,description,123,sha256-b95c6604cf008ac69bc3318390654926fbfea52a6c015f0d3398eedd7d174d9a
/components/schemas/RunObject/properties/instructions/description,description,115,sha256-2437ab60f01ef00a87bea368a52c87af939d378376479977d868b1390f9f43d1
/components/schemas/RunObject/properties/last_error/description,description,79,sha256-6de4be00d952bd399e50cf4ff0d99fae5892697de00e1f227b41799167057cf1
/components/schemas/RunObject/properties/last_error/properties/code/description,description,66,sha256-13e953e92134753bfaf8d18f96f4d44f8f106e111342a0122ad8427579c4d8b8
/components/schemas/RunObject/properties/last_error/properties/message/description,description,42,sha256-bb566ccdc236b1381a09ca1244754e93c0249cd034687c7fb1d7f7ac2c1b4db2
/components/schemas/RunObject/properties/max_completion_tokens/description,description,96,sha256-2d1d85dffbb7255fc04530cccbc765c96a20dfcc49992207957b02fa8ded82b7
/components/schemas/RunObject/properties/max_prompt_tokens/description,description,92,sha256-320dc4af81310d6bc6f510a876df4f5e71d93eda342263418ef454c6e693e81d
/components/schemas/RunObject/properties/metadata/description,description,251,sha256-aadc6b3206c81bd0e8d27ed365f2f94d919dccadd091177eb85e60996bf76904
/components/schemas/RunObject/properties/model/description,description,108,sha256-7dc1c0c4556eb49fac18113cd190c7b1c85930f1c6744607b049921994bf42c7
/components/schemas/RunObject/properties/object/description,description,46,sha256-825f8b5b5ce86cda9b2a2a4db5faa5aab6e1a3b2b2fbbe144983478d041edce1
/components/schemas/RunObject/properties/required_action/description,description,92,sha256-9721c6b908d0d425a3fbe44010fc1b1b31967de02fb93aaa90d895be2418ee36
/components/schemas/RunObject/properties/required_action/properties/submit_tool_outputs/description,description,60,sha256-59865ffe267efc8e0f38eabef9d7170a5f2e892a20c27952c686ac4b89733479
/components/schemas/RunObject/properties/required_action/properties/submit_tool_outputs/properties/tool_calls/description,description,34,sha256-3faefd9a931ccecfede0b2c5c21cd8bb2c8744cfe7a0e329e001f42bf09c82cd
/components/schemas/RunObject/properties/required_action/properties/type/description,description,46,sha256-26a50405f07513d0121e375905a0970ef437312b0fd4ed7698038463985643e2
/components/schemas/RunObject/properties/started_at/description,description,61,sha256-e89bd1ab6e7848a2a3ad71af27fcb4faf78b992827b348b5933adfa360be1c36
/components/schemas/RunObject/properties/status/description,description,164,sha256-c429c5e2c00f1bd0be07033f9bd109191a3f587b7a7c3a1e0dd4ecd3d52d73f8
/components/schemas/RunObject/properties/temperature/description,description,70,sha256-f92dafd8b088d9cf2a5210e9df0f890021bed6c4a9d978d6fbec5f5c3b0303d6
/components/schemas/RunObject/properties/thread_id/description,description,122,sha256-a7a0a2fd7ba5cb4d462ed271cf4a64bb576cc2fceed7d8831f7e35f621f1daef
/components/schemas/RunObject/properties/tools/description,description,116,sha256-24dae8ff46982240e7606565b56f60cc883bd7ea53d4d5b91c75225d60c339e7
/components/schemas/RunObject/properties/top_p/description,description,72,sha256-01bf52d18e233e37c6dee8736ac725db93127cd778f2dddd4988559b383640b6
/components/schemas/RunObject/x-code-samples,x-code-samples,1057,sha256-184e447efed0509b39f0d296594df3e8332247ecbf734f1e4135d84f44fcfddc
/components/schemas/RunStepCompletionUsage/description,description,113,sha256-3d868f3ae586dad65f181338b77afbffe85a3efc25534c280ae166f7232d14ae
/components/schemas/RunStepCompletionUsage/properties/completion_tokens/description,description,65,sha256-b2952c0ede20d9e4a8109230910220c70784f55702b50718678e9064b593b63f
/components/schemas/RunStepCompletionUsage/properties/prompt_tokens/description,description,61,sha256-2716a4e1ee1d19e1ad0c94a0c4b36e45367a70e5594dcd9721bbfa02f6fda14a
/components/schemas/RunStepCompletionUsage/properties/total_tokens/description,description,50,sha256-70f23c0c91f8d9a8dd7ff8d08b9cd5a89fd67a1df76e7a2f02ae64c6770b1fb4
/components/schemas/RunStepDeltaObject/description,description,84,sha256-d1c0ad0bed9114f5d08079278d41a52b5e95be7f45cd1973cba59281bc6f59d5
/components/schemas/RunStepDeltaObject/properties/delta/description,description,66,sha256-6d40facb644ad9902a8574e4600fd7162c77ea393ad46d163885aab0fa473078
/components/schemas/RunStepDeltaObject/properties/delta/properties/step_details/description,description,28,sha256-6ec5c6ba29db95702d23a76c75d412e02bf0669e37800d3f933b7c333e436c03
/components/schemas/RunStepDeltaObject/properties/id/description,description,73,sha256-db35f96f62a4a357a57af75f77c4149664fd40f8b864997619c30de984fac1e5
/components/schemas/RunStepDeltaObject/properties/object/description,description,57,sha256-a23f407afe590144a144f7027a5326c5bec31a1cce30770bd32064ec26298018
/components/schemas/RunStepDeltaObject/x-code-samples,x-code-samples,460,sha256-2297a46370a44d89e4c9c71a0f648f3988d70400dcb01b49e3e5c97c0a19e0ef
/components/schemas/RunStepDeltaStepDetailsMessageCreationObject/description,description,48,sha256-58f46049e468cf15b0b6bbf6aac674d020c21f03709fc6ce1e20b60bccea6ebd
/components/schemas/RunStepDeltaStepDetailsMessageCreationObject/properties/message_creation/properties/message_id/description,description,56,sha256-200da659a739988c20d38df35f81910ef4a9271c818f9ce69dcc7128818543f1
/components/schemas/RunStepDeltaStepDetailsMessageCreationObject/properties/type/description,description,26,sha256-4a725cf3be10fabb6f455025e0e8e938e4f3b48d04f2f1af7362edb2f0b88617
/components/schemas/RunStepDeltaStepDetailsToolCallsCodeObject/description,description,71,sha256-a14eadc107e061db0ba2bfc0b462766295cf16911b0c0317ac83c40b01812b73
/components/schemas/RunStepDeltaStepDetailsToolCallsCodeObject/properties/code_interpreter/description,description,42,sha256-53415a934a64e93eacc3919a3397f204252f206c4c40b38bc49796d05e97d416
/components/schemas/RunStepDeltaStepDetailsToolCallsCodeObject/properties/code_interpreter/properties/input/description,description,44,sha256-b8da5d580e4b2aa2c65521257c0bea075c59ab39e52abf2c8f49e7a359b9d590
/components/schemas/RunStepDeltaStepDetailsToolCallsCodeObject/properties/code_interpreter/properties/outputs/description,description,198,sha256-d501846f1a1d22c11e862330ca3543bf123de9162c320730d542a4c86c876ac9
/components/schemas/RunStepDeltaStepDetailsToolCallsCodeObject/properties/id/description,description,24,sha256-cde5552a13209900a43c5c5b4776857aa75ff63672ed1b91242836f35b03e646
/components/schemas/RunStepDeltaStepDetailsToolCallsCodeObject/properties/index/description,description,51,sha256-a2bdb10e9260834aba9bc63973a7d364f71d1285285d0ad7edf3873a3215d078
/components/schemas/RunStepDeltaStepDetailsToolCallsCodeObject/properties/type/description,description,96,sha256-68ec2fee7cdcbf212351c6bb49d307ba57f31dfaceea80af0542dbefdab2cdfa
/components/schemas/RunStepDeltaStepDetailsToolCallsCodeOutputImageObject/properties/image/properties/file_id/description,description,81,sha256-181287ff1aad1c43c654ee54ae75c10af28d7ff627eb07f14cf3f912542878b5
/components/schemas/RunStepDeltaStepDetailsToolCallsCodeOutputImageObject/properties/index/description,description,45,sha256-28c7680826e6d9c46d35f3a0bff8364eded296e09930c8e2cd963df8436b82fe
/components/schemas/RunStepDeltaStepDetailsToolCallsCodeOutputImageObject/properties/type/description,description,15,sha256-05fe47e9640f4c5e166191a731e6ee5e7f3b38d9c0b83afa8aff4708015aec64
/components/schemas/RunStepDeltaStepDetailsToolCallsCodeOutputLogsObject/description,description,70,sha256-62b2bf648c35da472fe77c8a7825518ede803df48d0a28c9495eb655468378a5
/components/schemas/RunStepDeltaStepDetailsToolCallsCodeOutputLogsObject/properties/index/description,description,45,sha256-28c7680826e6d9c46d35f3a0bff8364eded296e09930c8e2cd963df8436b82fe
/components/schemas/RunStepDeltaStepDetailsToolCallsCodeOutputLogsObject/properties/logs/description,description,52,sha256-6d073c005506d68151da42705f4b984e7d2e7c7a38bde0f7aed28022d4a25fd6
/components/schemas/RunStepDeltaStepDetailsToolCallsCodeOutputLogsObject/properties/type/description,description,14,sha256-2fee64b7a804ffe63685af5775d00ec26790e2ccf54afe696d286fa9a3fcb0ce
/components/schemas/RunStepDeltaStepDetailsToolCallsFileSearchObject/properties/file_search/description,description,52,sha256-c66b05df5bf82634f528234d193f7f2c8e0702306732125ff8094fd9dcd863a1
/components/schemas/RunStepDeltaStepDetailsToolCallsFileSearchObject/properties/id/description,description,31,sha256-1d8fdf76f44bfac633ffc0cae740a8c2638e94a7193768e43207a637baaccb63
/components/schemas/RunStepDeltaStepDetailsToolCallsFileSearchObject/properties/index/description,description,51,sha256-a2bdb10e9260834aba9bc63973a7d364f71d1285285d0ad7edf3873a3215d078
/components/schemas/RunStepDeltaStepDetailsToolCallsFileSearchObject/properties/type/description,description,91,sha256-7c762eed0ca5338ead316902bdde4726b343e1d42f98159f8f4884473a45933f
/components/schemas/RunStepDeltaStepDetailsToolCallsFunctionObject/properties/function/description,description,47,sha256-8e3bfd9b9748e63a6d81fb62fa73b6a3656015d237302d985384a477f0c87a7d
/components/schemas/RunStepDeltaStepDetailsToolCallsFunctionObject/properties/function/properties/arguments/description,description,37,sha256-f019ada1dfabcd1312846910d02b323d40c191a45ee7cb08c63a3f090d6f281d
/components/schemas/RunStepDeltaStepDetailsToolCallsFunctionObject/properties/function/properties/name/description,description,25,sha256-01c3b9dfd65649fafd25eb388ab77e199b51c6333d40594d624cf6e61584f59d
/components/schemas/RunStepDeltaStepDetailsToolCallsFunctionObject/properties/function/properties/output/description,description,164,sha256-3f3f1ce8263eec572e7c0cd4a5228a24d508da6abd099003b856ef815f64b021
/components/schemas/RunStepDeltaStepDetailsToolCallsFunctionObject/properties/id/description,description,31,sha256-1d8fdf76f44bfac633ffc0cae740a8c2638e94a7193768e43207a637baaccb63
/components/schemas/RunStepDeltaStepDetailsToolCallsFunctionObject/properties/index/description,description,51,sha256-a2bdb10e9260834aba9bc63973a7d364f71d1285285d0ad7edf3873a3215d078
/components/schemas/RunStepDeltaStepDetailsToolCallsFunctionObject/properties/type/description,description,88,sha256-a315256b72e95a54e2e2aae1e0df3b677faf00408dc9234581dd16898210ac56
/components/schemas/RunStepDeltaStepDetailsToolCallsObject/description,description,25,sha256-5129cec3b871eef4a762efbf9e15da2be4a3ea5b4a25a3ea1497d19f1a6e742a
/components/schemas/RunStepDeltaStepDetailsToolCallsObject/properties/tool_calls/description,description,161,sha256-42f1b3a642e375419c054c1c6054a45e1972fa2c9b57c8691dfebedcb6352079
/components/schemas/RunStepDeltaStepDetailsToolCallsObject/properties/type/description,description,20,sha256-fcb121a074f6679336d7f31dd2fda19680aa886d9878c2b6356fec01c2a247af
/components/schemas/RunStepDetailsMessageCreationObject/description,description,48,sha256-58f46049e468cf15b0b6bbf6aac674d020c21f03709fc6ce1e20b60bccea6ebd
/components/schemas/RunStepDetailsMessageCreationObject/properties/message_creation/properties/message_id/description,description,56,sha256-200da659a739988c20d38df35f81910ef4a9271c818f9ce69dcc7128818543f1
/components/schemas/RunStepDetailsMessageCreationObject/properties/type/description,description,26,sha256-4a725cf3be10fabb6f455025e0e8e938e4f3b48d04f2f1af7362edb2f0b88617
/components/schemas/RunStepDetailsToolCallsCodeObject/description,description,71,sha256-a14eadc107e061db0ba2bfc0b462766295cf16911b0c0317ac83c40b01812b73
/components/schemas/RunStepDetailsToolCallsCodeObject/properties/code_interpreter/description,description,42,sha256-53415a934a64e93eacc3919a3397f204252f206c4c40b38bc49796d05e97d416
/components/schemas/RunStepDetailsToolCallsCodeObject/properties/code_interpreter/properties/input/description,description,44,sha256-b8da5d580e4b2aa2c65521257c0bea075c59ab39e52abf2c8f49e7a359b9d590
/components/schemas/RunStepDetailsToolCallsCodeObject/properties/code_interpreter/properties/outputs/description,description,198,sha256-d501846f1a1d22c11e862330ca3543bf123de9162c320730d542a4c86c876ac9
/components/schemas/RunStepDetailsToolCallsCodeObject/properties/id/description,description,24,sha256-cde5552a13209900a43c5c5b4776857aa75ff63672ed1b91242836f35b03e646
/components/schemas/RunStepDetailsToolCallsCodeObject/properties/type/description,description,96,sha256-68ec2fee7cdcbf212351c6bb49d307ba57f31dfaceea80af0542dbefdab2cdfa
/components/schemas/RunStepDetailsToolCallsCodeOutputImageObject/properties/image/properties/file_id/description,description,81,sha256-181287ff1aad1c43c654ee54ae75c10af28d7ff627eb07f14cf3f912542878b5
/components/schemas/RunStepDetailsToolCallsCodeOutputImageObject/properties/type/description,description,15,sha256-05fe47e9640f4c5e166191a731e6ee5e7f3b38d9c0b83afa8aff4708015aec64
/components/schemas/RunStepDetailsToolCallsCodeOutputLogsObject/description,description,70,sha256-62b2bf648c35da472fe77c8a7825518ede803df48d0a28c9495eb655468378a5
/components/schemas/RunStepDetailsToolCallsCodeOutputLogsObject/properties/logs/description,description,52,sha256-6d073c005506d68151da42705f4b984e7d2e7c7a38bde0f7aed28022d4a25fd6
/components/schemas/RunStepDetailsToolCallsCodeOutputLogsObject/properties/type/description,description,14,sha256-2fee64b7a804ffe63685af5775d00ec26790e2ccf54afe696d286fa9a3fcb0ce
/components/schemas/RunStepDetailsToolCallsFileSearchObject/properties/file_search/description,description,52,sha256-c66b05df5bf82634f528234d193f7f2c8e0702306732125ff8094fd9dcd863a1
/components/schemas/RunStepDetailsToolCallsFileSearchObject/properties/id/description,description,31,sha256-1d8fdf76f44bfac633ffc0cae740a8c2638e94a7193768e43207a637baaccb63
/components/schemas/RunStepDetailsToolCallsFileSearchObject/properties/type/description,description,91,sha256-7c762eed0ca5338ead316902bdde4726b343e1d42f98159f8f4884473a45933f
/components/schemas/RunStepDetailsToolCallsFunctionObject/properties/function/description,description,47,sha256-8e3bfd9b9748e63a6d81fb62fa73b6a3656015d237302d985384a477f0c87a7d
/components/schemas/RunStepDetailsToolCallsFunctionObject/properties/function/properties/arguments/description,description,37,sha256-f019ada1dfabcd1312846910d02b323d40c191a45ee7cb08c63a3f090d6f281d
/components/schemas/RunStepDetailsToolCallsFunctionObject/properties/function/properties/name/description,description,25,sha256-01c3b9dfd65649fafd25eb388ab77e199b51c6333d40594d624cf6e61584f59d
/components/schemas/RunStepDetailsToolCallsFunctionObject/properties/function/properties/output/description,description,164,sha256-3f3f1ce8263eec572e7c0cd4a5228a24d508da6abd099003b856ef815f64b021
/components/schemas/RunStepDetailsToolCallsFunctionObject/properties/id/description,description,31,sha256-1d8fdf76f44bfac633ffc0cae740a8c2638e94a7193768e43207a637baaccb63
/components/schemas/RunStepDetailsToolCallsFunctionObject/properties/type/description,description,88,sha256-a315256b72e95a54e2e2aae1e0df3b677faf00408dc9234581dd16898210ac56
/components/schemas/RunStepDetailsToolCallsObject/description,description,25,sha256-5129cec3b871eef4a762efbf9e15da2be4a3ea5b4a25a3ea1497d19f1a6e742a
/components/schemas/RunStepDetailsToolCallsObject/properties/tool_calls/description,description,161,sha256-42f1b3a642e375419c054c1c6054a45e1972fa2c9b57c8691dfebedcb6352079
/components/schemas/RunStepDetailsToolCallsObject/properties/type/description,description,20,sha256-fcb121a074f6679336d7f31dd2fda19680aa886d9878c2b6356fec01c2a247af
/components/schemas/RunStepObject/description,description,41,sha256-9570b1588d5abb8d84199599eba0dae5adb0e4cfd79e06a2b740e50f6211fdfb
/components/schemas/RunStepObject/properties/assistant_id/description,description,114,sha256-b1f1a4662c606f7a219e497f30129f41885d79e27df9b358022a5d4b036c00bf
/components/schemas/RunStepObject/properties/cancelled_at/description,description,68,sha256-8c02887f8f606e45ffe12a912fbc6713d904265802ae1ff8063f821abc820432
/components/schemas/RunStepObject/properties/completed_at/description,description,64,sha256-101b0787448b8bd5f85c5bfe9d304c4eadf56a42eb789edc011b330bfdba23c8
/components/schemas/RunStepObject/properties/created_at/description,description,66,sha256-25b8feabb7fcb01ed9f82472cf3cbb6a1d08f01cf45dd6152333a0f8f333cb59
/components/schemas/RunStepObject/properties/expired_at/description,description,121,sha256-5ea45c0463f60a92b7f00d32086f6a08dab915fbf41935c47b93244364c39a7e
/components/schemas/RunStepObject/properties/failed_at/description,description,61,sha256-802a45d4990191b71aedb22b730da819cffeeeb4941fbfe6ff43e76f13bbea3b
/components/schemas/RunStepObject/properties/id/description,description,73,sha256-db35f96f62a4a357a57af75f77c4149664fd40f8b864997619c30de984fac1e5
/components/schemas/RunStepObject/properties/last_error/description,description,84,sha256-371d3eebf1a714575bd3ea8b8d339d66568353883b72d288a5f0586ae0b73079
/components/schemas/RunStepObject/properties/last_error/properties/code/description,description,47,sha256-97c8d9ad8712e6aaa5e0e9fd4961f030f25b730345dc5b2bd18f4dc81ee298b4
/components/schemas/RunStepObject/properties/last_error/properties/message/description,description,42,sha256-bb566ccdc236b1381a09ca1244754e93c0249cd034687c7fb1d7f7ac2c1b4db2
/components/schemas/RunStepObject/properties/metadata/description,description,251,sha256-aadc6b3206c81bd0e8d27ed365f2f94d919dccadd091177eb85e60996bf76904
/components/schemas/RunStepObject/properties/object/description,description,51,sha256-5fdb58865953e41de0adc55c626d5cc0e1477dcf4029576334bf27c4442b6eb0
/components/schemas/RunStepObject/properties/run_id/description,description,105,sha256-67c59bcdea23fdbbf46789e6023ca9e7c38d6afa8474889044da6314accd7c53
/components/schemas/RunStepObject/properties/status/description,description,112,sha256-f20d15dcb2be7276543f1d715e4baf71be13088dbed3347fcab61a058b18f618
/components/schemas/RunStepObject/properties/step_details/description,description,28,sha256-6ec5c6ba29db95702d23a76c75d412e02bf0669e37800d3f933b7c333e436c03
/components/schemas/RunStepObject/properties/thread_id/description,description,92,sha256-20db35130223dc17ac18b8efec30c0d27da027ee90639c0aeeb1cbdc668cb64a
/components/schemas/RunStepObject/properties/type/description,description,77,sha256-d8651c920e2775293f9dc4e94dcff6626bda3710026868f385f8b1c9c9ada17c
/components/schemas/RunStepObject/x-code-samples,x-code-samples,734,sha256-1777631d0507aa339637d4093cc0aa1d14cdd5caa6de0905c3eccc9e4644a1f1
/components/schemas/RunStepStreamEvent/oneOf/0/description,description,101,sha256-c24705a5ca20635b43f53467aa3638acb83518ba67e1e06ecaadf3fa9db71c86
/components/schemas/RunStepStreamEvent/oneOf/0/x-code-samples,x-code-samples,107,sha256-d31695f5d3bd869e3bee457742136fa20aeb28c2a9542b74f8f29eb4d2f54b4a
/components/schemas/RunStepStreamEvent/oneOf/1/description,description,122,sha256-585663b2f2c332c82ac69a4f4dc54d29ce612cfcf2ab282c513301ef0036153b
/components/schemas/RunStepStreamEvent/oneOf/1/x-code-samples,x-code-samples,107,sha256-d31695f5d3bd869e3bee457742136fa20aeb28c2a9542b74f8f29eb4d2f54b4a
/components/schemas/RunStepStreamEvent/oneOf/2/description,description,118,sha256-eb0abdc4d253ca872c13416db4839f566ddeb60fbf94c0d541f6729946a08065
/components/schemas/RunStepStreamEvent/oneOf/2/x-code-samples,x-code-samples,139,sha256-c895c4849b5dcbc0eed85348dfb6f8d3b507eef0a807f1af2a8c9d11feb69c4a
/components/schemas/RunStepStreamEvent/oneOf/3/description,description,103,sha256-8f1a8cc27eb88b5b847772f66749b1b861938c185e87b36b8e5455c0e6368e4b
/components/schemas/RunStepStreamEvent/oneOf/3/x-code-samples,x-code-samples,107,sha256-d31695f5d3bd869e3bee457742136fa20aeb28c2a9542b74f8f29eb4d2f54b4a
/components/schemas/RunStepStreamEvent/oneOf/4/description,description,96,sha256-e3796c593876a7cdad14ebc318e235539f5ee969669181a1d73fb232aa9c7a2c
/components/schemas/RunStepStreamEvent/oneOf/4/x-code-samples,x-code-samples,107,sha256-d31695f5d3bd869e3bee457742136fa20aeb28c2a9542b74f8f29eb4d2f54b4a
/components/schemas/RunStepStreamEvent/oneOf/5/description,description,103,sha256-4a0cded13f247523c0358df48347bf5cf39909d3b570edd172eee4a45ac78795
/components/schemas/RunStepStreamEvent/oneOf/5/x-code-samples,x-code-samples,107,sha256-d31695f5d3bd869e3bee457742136fa20aeb28c2a9542b74f8f29eb4d2f54b4a
/components/schemas/RunStepStreamEvent/oneOf/6/description,description,98,sha256-48c630b8774d1e16fb9e2705f9e25e1adb87652a7f81145fd7ba019b8a8d317a
/components/schemas/RunStepStreamEvent/oneOf/6/x-code-samples,x-code-samples,107,sha256-d31695f5d3bd869e3bee457742136fa20aeb28c2a9542b74f8f29eb4d2f54b4a
/components/schemas/RunStreamEvent/oneOf/0/description,description,95,sha256-95d1415c2f3b88d0cea09719b6a4c942d8abea8fcebd42b095e64b601e5cd590
/components/schemas/RunStreamEvent/oneOf/0/x-code-samples,x-code-samples,97,sha256-da5be8b79bc5cfbb98488c9feb6e18deee285593c099ec34cbc6371218e4f0e3
/components/schemas/RunStreamEvent/oneOf/1/description,description,107,sha256-4b51aac3a33c3601535c4e83d781493e60f19c9be2158bd88556f1aa08d59708
/components/schemas/RunStreamEvent/oneOf/1/x-code-samples,x-code-samples,97,sha256-da5be8b79bc5cfbb98488c9feb6e18deee285593c099ec34cbc6371218e4f0e3
/components/schemas/RunStreamEvent/oneOf/2/description,description,113,sha256-cb7d1e8bfaa7a5a3991b6d23a370bca10977b9aafe307295990ee72c9b31e189
/components/schemas/RunStreamEvent/oneOf/2/x-code-samples,x-code-samples,97,sha256-da5be8b79bc5cfbb98488c9feb6e18deee285593c099ec34cbc6371218e4f0e3
/components/schemas/RunStreamEvent/oneOf/3/description,description,116,sha256-904efe2d5ad38279792cad50b9ae1ea62876d95e4dbba270401e76570acaab45
/components/schemas/RunStreamEvent/oneOf/3/x-code-samples,x-code-samples,97,sha256-da5be8b79bc5cfbb98488c9feb6e18deee285593c099ec34cbc6371218e4f0e3
/components/schemas/RunStreamEvent/oneOf/4/description,description,93,sha256-8ba39827dd9f99e4c577400e3fdf6080f25eb7a6819dfb751b7aa4056d28880f
/components/schemas/RunStreamEvent/oneOf/4/x-code-samples,x-code-samples,97,sha256-da5be8b79bc5cfbb98488c9feb6e18deee285593c099ec34cbc6371218e4f0e3
/components/schemas/RunStreamEvent/oneOf/5/description,description,110,sha256-97ba8b1a251b1e51417fa4b499151cd8c9d5a61ab957f4a0035543338b595b7f
/components/schemas/RunStreamEvent/oneOf/5/x-code-samples,x-code-samples,97,sha256-da5be8b79bc5cfbb98488c9feb6e18deee285593c099ec34cbc6371218e4f0e3
/components/schemas/RunStreamEvent/oneOf/6/description,description,86,sha256-bbe6f6b1995eb5a2a1fb811235d7a16cf5a11cb086b8d5cd48d43f8f79c2d537
/components/schemas/RunStreamEvent/oneOf/6/x-code-samples,x-code-samples,97,sha256-da5be8b79bc5cfbb98488c9feb6e18deee285593c099ec34cbc6371218e4f0e3
/components/schemas/RunStreamEvent/oneOf/7/description,description,111,sha256-f8435e29e0e3c5b0e253199c7b10dc0fa9401c427bb2999f6b3fd04dfc733114
/components/schemas/RunStreamEvent/oneOf/7/x-code-samples,x-code-samples,97,sha256-da5be8b79bc5cfbb98488c9feb6e18deee285593c099ec34cbc6371218e4f0e3
/components/schemas/RunStreamEvent/oneOf/8/description,description,93,sha256-85dde66a6145cfb580fe30736f3a985a7695d70cfa8c98b48a324c9ea58e634c
/components/schemas/RunStreamEvent/oneOf/8/x-code-samples,x-code-samples,97,sha256-da5be8b79bc5cfbb98488c9feb6e18deee285593c099ec34cbc6371218e4f0e3
/components/schemas/RunStreamEvent/oneOf/9/description,description,88,sha256-c9e0cbd51c7bf1811e8b89eda0f9133fb764fd3ca615e62d29c28b7f1c412f4e
/components/schemas/RunStreamEvent/oneOf/9/x-code-samples,x-code-samples,97,sha256-da5be8b79bc5cfbb98488c9feb6e18deee285593c099ec34cbc6371218e4f0e3
/components/schemas/RunToolCallObject/description,description,17,sha256-1edcf81b0392b8129719cb64f41a775262dc9924b65ea5aafa6c33f851958d13
/components/schemas/RunToolCallObject/properties/function/description,description,24,sha256-ae1daf9b6b12d24cee3cac7f28c7c37733eb2e1c9f8ea8c0ea060dc590b9aeec
/components/schemas/RunToolCallObject/properties/function/properties/arguments/description,description,65,sha256-c4311a08fac4cfbdc34a2193e29a0959d7f36a4b79c2c9bab6d234af2d11c7e3
/components/schemas/RunToolCallObject/properties/function/properties/name/description,description,25,sha256-01c3b9dfd65649fafd25eb388ab77e199b51c6333d40594d624cf6e61584f59d
/components/schemas/RunToolCallObject/properties/id/description,description,207,sha256-7baad9da77ada3b3ae89d6c2216c296f1fadc8bd319b9da0a522351f809b8ecb
/components/schemas/RunToolCallObject/properties/type/description,description,85,sha256-fc07a22413e295ba74ed3f7d4ac0359e9b6a5b95dd66f56e27d764911234a4f1
/components/schemas/SageMakerConfiguration/allOf/1/properties/amzn_sagemaker_custom_attributes/description,description,31,sha256-97eb8634bca76978032d308203a6ac0937369ed57f941148c7ac3d3f4df7c3e0
/components/schemas/SageMakerConfiguration/allOf/1/properties/amzn_sagemaker_enable_explanations/description,description,19,sha256-fd5f33d38d828fa6893bc75e312b4f7e290c14a9a9c94875cb4a877cd3714180
/components/schemas/SageMakerConfiguration/allOf/1/properties/amzn_sagemaker_inference_component/description,description,19,sha256-17e9e3065fa449d59022db0c40b5a7d37b6fe57e8568f4ecc48cbd5106d13263
/components/schemas/SageMakerConfiguration/allOf/1/properties/amzn_sagemaker_inference_id/description,description,12,sha256-4730dd92085b7ef9c95bb9919f76c403bb0521b3ce69b7b29d70fc9ea203375f
/components/schemas/SageMakerConfiguration/allOf/1/properties/amzn_sagemaker_model_name/description,description,10,sha256-a3c3370cc7323c7127109bab88721b47e604949a462c19a5d5c3e38237ccc817
/components/schemas/SageMakerConfiguration/allOf/1/properties/amzn_sagemaker_session_id/description,description,10,sha256-cb9ac5c561daa67069c5fc0ac9185906dfe15794b636d4813e421f77b6d2a259
/components/schemas/SageMakerConfiguration/allOf/1/properties/amzn_sagemaker_target_container_hostname/description,description,25,sha256-cb6a9e80e439b850868c28f60d1ea90237f1d5954e0222d9d1b90debb091244c
/components/schemas/SageMakerConfiguration/allOf/1/properties/amzn_sagemaker_target_model/description,description,26,sha256-f41f425b402ffebddb640683f6e2f65de09c22bc5be056e4dc390d8f84f309cc
/components/schemas/SageMakerConfiguration/allOf/1/properties/amzn_sagemaker_target_variant/description,description,28,sha256-ebb2365a9d482cd57154ad24f83df419a218c5ede4a3c49a4cf24b9931f48711
/components/schemas/ScimWorkspaceMapping/example,example,158,sha256-b182b1ac6406f68c95a9adc86b2d692e7e537df5eb8229d3d9ec50ecd6aed84e
/components/schemas/ScimWorkspaceMapping/properties/id/description,description,24,sha256-d28e8cfde34b763c1ba50f5cb7b03c1ce1d70424c599e1a2dd37cc14d357d0e5
/components/schemas/ScimWorkspaceMapping/properties/role/description,description,30,sha256-cf5467a7caffcfbad19163b136ee46bc06596f860f42f8b6455ba383e80a6a32
/components/schemas/ScimWorkspaceMapping/properties/scim_group/description,description,30,sha256-c3ed4570f8f6ea57dd375ec533335f0af7c7d784f218d15a4c0a66829160b0f3
/components/schemas/ScimWorkspaceMapping/properties/scim_group_id/description,description,20,sha256-da8de4aa40099898a9ddf910e61e126cbe788e733f2ff4874b4c53e1857be4f4
/components/schemas/ScimWorkspaceMapping/properties/workspace_id/description,description,26,sha256-b997df3c6758ca65538d154654f6a53228fba51c6dc32d03800945563b9a63ff
/components/schemas/Screenshot/description,description,21,sha256-a4147c816c06f5ccae6ba3e79eb6a0737f7838d0b79b86111310ed5794ffd6a7
/components/schemas/Screenshot/properties/type/description,description,97,sha256-82e64249df6c598650e0863ed32161c1802c8abc80e2c6dc659c28912db7ca90
/components/schemas/Scroll/description,description,17,sha256-83b0f209d830b99628930016cc08e52e170dec41473ef69dd7d0cb8ff1a0a0d3
/components/schemas/Scroll/properties/scroll_x/description,description,32,sha256-0ccc878122d939273ccfab84f1fe230bb34c8fafd76c0981f6732376ff8c6b60
/components/schemas/Scroll/properties/scroll_y/description,description,30,sha256-8591718e412f04e6cff94e7c3f2655cfbec2b1c0c0eea05aa31c2ab734ddbef9
/components/schemas/Scroll/properties/type/description,description,89,sha256-095e8d40dfa563ab2e312ab991f5bf0175cbf63c35a23dadae1fed43a28ed5e8
/components/schemas/Scroll/properties/x/description,description,44,sha256-5e972f92deaf5602de3beb418f83c302e9e7d172484407be3b8f21a3f415c9ca
/components/schemas/Scroll/properties/y/description,description,44,sha256-84fc8f058c81fc61f6a5e453368b53c66b20bfeb47a9bc9e9b2a470a1699a013
/components/schemas/SecretMapping/properties/secret_key/description,description,110,sha256-802f4b899416dcf00fffb4e6ab65a1a582c8104c762e77ab73bfe2fff79070bf
/components/schemas/SecretMapping/properties/secret_reference_id/description,description,110,sha256-66cc1069b2ea45edc00a89b60c494b1ff27a70c7d95bf08bc6156aa5f09c215f
/components/schemas/SecretMapping/properties/secret_reference_id/example,example,13,sha256-cf4e19384e4de729bd6c69d1f1aeaf86a1125f817f9166546afa8ec4f1b60a0b
/components/schemas/SecretMapping/properties/target_field/description,description,377,sha256-27ddf76affd397c9fd7697c72859a81557f5066b9bcdb208e04085dd2350c8fd
/components/schemas/SecretMapping/properties/target_field/example,example,3,sha256-2c70e12b7a0646f92279f427c7b38e7334d8e5389cff167a1dc30e73f826b683
/components/schemas/SecretMapping/properties/value_format/description,description,273,sha256-423311b9fdabf077a01214c8823b35f451f24480e12d792fc2825d42b74179f6
/components/schemas/SecretMapping/properties/value_format/example,example,4,sha256-02bd175f329720378ce83dd56a1b6b1f5291a60182d6c54b5e0d1e8d248a267a
/components/schemas/SecretReferenceDetailResponse/properties/auth_config/description,description,48,sha256-615b2c052427dbe945fab5355b64bb0a7ed15f1980a553860eeb723000c297ff
/components/schemas/SentenceCountParameters/properties/maxSentences/description,description,36,sha256-31820637265540ef46eb0b0dd82e01ec4c12e540a094cfb1ecf0eca4d3c9fbee
/components/schemas/SentenceCountParameters/properties/minSentences/description,description,36,sha256-8b9ade41cdc8848e714bba49984b2751811b141d3bcf057fda869ec0e56d6cdb
/components/schemas/SentenceCountParameters/properties/not/description,description,37,sha256-c2cbdfe359335d7beec75e2a2b737343c52eb675fb68e74c6930844d8e6fbdc3
/components/schemas/StaticChunkingStrategy/properties/chunk_overlap_tokens/description,description,150,sha256-137508716e539c09166f1370dced4d692e52dc8c28d92f485f33fbf08b5a009c
/components/schemas/StaticChunkingStrategy/properties/max_chunk_size_tokens/description,description,131,sha256-1752b8b3225de34dbaedcf9961f48ab1b707a7e2a8e45c6590088974c5e98dc2
/components/schemas/StaticChunkingStrategyRequestParam/properties/type/description,description,16,sha256-ea10d26ce67536a599ed1d32401c7f55e1e9a6c8dede34feea9441dae36a4fc3
/components/schemas/StaticChunkingStrategyResponseParam/properties/type/description,description,16,sha256-ea10d26ce67536a599ed1d32401c7f55e1e9a6c8dede34feea9441dae36a4fc3
/components/schemas/SubmitToolOutputsRunRequest/properties/stream/description,description,168,sha256-67dcd225b71d7a44cb81eebeb76be56f6d412d775ee8fe5ec499ec1a90ecb6a6
/components/schemas/SubmitToolOutputsRunRequest/properties/tool_outputs/description,description,58,sha256-a3a4c507d4e07c3eb9431fb3c2781446f3f91e9b3330babb5b95c4a985116e71
/components/schemas/SubmitToolOutputsRunRequest/properties/tool_outputs/items/properties/output/description,description,64,sha256-4940234bcf2677249e51960340fb6e574f7dd3c72564ce093d3f2084895a4c92
/components/schemas/SubmitToolOutputsRunRequest/properties/tool_outputs/items/properties/tool_call_id/description,description,112,sha256-a6e0c549570357a175b26a1e04ff51dd346fcd04e62e9e1838387ec0eb64343f
/components/schemas/SuccessInvite/example,example,87,sha256-1967f9573a89ba61fe7769ce2e210445e34a5979017dffdd429a93c8cad0224e
/components/schemas/SydeGuardParameters/properties/evasion_threshold/description,description,38,sha256-967861800da197f099b7f2b8859acaf45a445b7a4cff53313b69b5f8fbc63d5a
/components/schemas/SydeGuardParameters/properties/prompt_injection_threshold/description,description,47,sha256-1d67a1d93a8aa971aef9e2b46e182df7f292eec974411987dc9208b656d89f35
/components/schemas/SydeGuardParameters/properties/timeout/description,description,23,sha256-b113d346932d0df037b46e0fd1c42634a043759fb73ad34188a129d4070fb120
/components/schemas/SydeGuardParameters/properties/toxicity_threshold/description,description,39,sha256-1f5afa6e14285250cb61bc8cf188c42a55182b6ac8d9bc81c0fcd8a96d07dd4c
/components/schemas/TextResponseFormatConfiguration/description,description,585,sha256-d518dd803a7a6a02feb521418d917dba7e35a6aac3e7af36d84cd85d5280dce9
/components/schemas/TextResponseFormatJsonSchema/description,description,145,sha256-3fd72045bf4b9ed1f8b50d962654132b9540b8f823e720c80c1f222df4b86f84
/components/schemas/TextResponseFormatJsonSchema/properties/description/description,description,111,sha256-dbaeddc3da44f4dce831136b070f0881ef53d034d880bf5470872dd06174dd6e
/components/schemas/TextResponseFormatJsonSchema/properties/name/description,description,120,sha256-c7f7e7e4f2d5e0debeb8a69ef2c079bc41edcb64ee68d639123eca710d7f540a
/components/schemas/TextResponseFormatJsonSchema/properties/strict/description,description,315,sha256-d71a08d10e3363167b587bd7f752ac6fbd86ac8137b4b3553acfaf4c9c773ffc
/components/schemas/TextResponseFormatJsonSchema/properties/type/description,description,64,sha256-a481f850e620e8c3080e742829afa68c1fc7871104ec51e5d4633485f9ff9683
/components/schemas/ThreadObject/description,description,102,sha256-e575d4066f1147b1c5c056b4418f730baeded5e187e6833217ba592c597ffc18
/components/schemas/ThreadObject/properties/created_at/description,description,64,sha256-9837b7e2d43c393c3a8398d3edc998bd196a29ca0c38c33a64f29b451969cb8b
/components/schemas/ThreadObject/properties/id/description,description,57,sha256-9a3dc6c99f297e48af0c86dc1e7fdbf12483be912d6de9453e5f82e69c250826
/components/schemas/ThreadObject/properties/metadata/description,description,251,sha256-aadc6b3206c81bd0e8d27ed365f2f94d919dccadd091177eb85e60996bf76904
/components/schemas/ThreadObject/properties/object/description,description,42,sha256-6657af9512bed7a710c7a5e4927fb59be6ad492472a61b94fe5b00dec78e4eb2
/components/schemas/ThreadObject/properties/tool_resources/description,description,268,sha256-048d909c70c3e8bb748ebe0e8a4a708493dd03613b2d9dd1f015d875d01feb95
/components/schemas/ThreadObject/properties/tool_resources/properties/code_interpreter/properties/file_ids/description,description,183,sha256-40446928829e2546e0da55512cfe123a957f020a39d81e3e27564d4016e087d6
/components/schemas/ThreadObject/properties/tool_resources/properties/file_search/properties/vector_store_ids/description,description,178,sha256-7c353111bb86484a49dbe01eb3fa87b70d16d3468b73c51fb54478aab6b4cea6
/components/schemas/ThreadObject/x-code-samples,x-code-samples,165,sha256-f797902925be2923e6606992067d49ec3584645c6b62dd46aa055fcf7ba0e592
/components/schemas/ThreadStreamEvent/oneOf/0/description,description,101,sha256-8c7e2dce892d5bd929eefae4e21416f525efe402bdd2be775c2d56df20a9d377
/components/schemas/ThreadStreamEvent/oneOf/0/x-code-samples,x-code-samples,103,sha256-c7ffac66dba1098f14ad2e90d5a3ca754776ce3f54e8462e36056e1b293604c8
/components/schemas/TokenPricing/properties/price/description,description,15,sha256-4fe45a2e0d9b19f439c1c6537c6f2da8ed1d4f73742451667569bab3dcdcf330
/components/schemas/ToolChoiceFunction/description,description,64,sha256-00938a658bb51330a3ca64042008a72e2923da6d069fbb236ed859be656aaf01
/components/schemas/ToolChoiceFunction/properties/name/description,description,33,sha256-5071f76f1de6ec37b0a6a97231e43974714b6432e8a3558a2da29e265c2a6b20
/components/schemas/ToolChoiceFunction/properties/type/description,description,52,sha256-2e6ff905eebeea80719fe858fdb652d8f7ec8ba1723c469c08ee3726ccdc3ba6
/components/schemas/ToolChoiceOptions/description,description,282,sha256-f681129d4369caa83fbd3385f39f09682902685e757cb463e3d7a6b0e5f648b8
/components/schemas/ToolChoiceTypes/description,description,131,sha256-5925bc077ca059a54b750850a1d2843be079504cc3f1d674b857552b79def61f
/components/schemas/ToolChoiceTypes/properties/type/description,description,189,sha256-ec9200cd691d8c19f7283b3c57ae43a1ac15466a680e845cd2b6c9275c600b6d
/components/schemas/TranscriptionSegment/properties/avg_logprob/description,description,92,sha256-d78a88e1c9bbc717be82d618ec92a5a317b56df1e9cf7927947881caae882545
/components/schemas/TranscriptionSegment/properties/compression_ratio/description,description,100,sha256-dcec5b80f1330bfbc3964be8a8bd7c24334f206649b2cf8b12785757d704836f
/components/schemas/TranscriptionSegment/properties/end/description,description,35,sha256-b5efe48d77e0d99f762ef9559df9f0dc5395305a63a640177157be2f01870fd4
/components/schemas/TranscriptionSegment/properties/id/description,description,33,sha256-a7bf7a95d413cea2e60b3c8c4538737ce253adb515b4f78bd2593c200f2a5b2f
/components/schemas/TranscriptionSegment/properties/no_speech_prob/description,description,137,sha256-bc765b73dfd6d0af9b633d4e97a655e8f3392957576e31d89283f72f72330a85
/components/schemas/TranscriptionSegment/properties/seek/description,description,27,sha256-050ef958c900d0e57567adb44b9ff03321979092637aa65459a2000ada41ba52
/components/schemas/TranscriptionSegment/properties/start/description,description,37,sha256-fbf3aaad40adae3bf9914175cf50f00d6a7a2f71e66adc7d7849591fcbf739a7
/components/schemas/TranscriptionSegment/properties/temperature/description,description,54,sha256-8a40b989709a90e78cd919ff7d7eb7ad01331083a100d0e8a2b4525c8d6d4b0a
/components/schemas/TranscriptionSegment/properties/text/description,description,28,sha256-5c21f8daf0aec252a9554f7f960b8c98d9e51f0e05ba4a5e69e656e8a5eb726e
/components/schemas/TranscriptionSegment/properties/tokens/description,description,40,sha256-3ec05dee2b0661d976862281983492e2726bcaecea0e04a521c4597ad9744eee
/components/schemas/TranscriptionWord/properties/end/description,description,32,sha256-9fbdb3997a501fda8ebb6e788bf074e72f011c5f8ddb8af1b77ccfa98db9eb5e
/components/schemas/TranscriptionWord/properties/start/description,description,34,sha256-846825912fdc931a401f1fa98a4fa672a01bd39cf6f2bdacf62bae8b89997041
/components/schemas/TranscriptionWord/properties/word/description,description,29,sha256-f048085d143ac5c98e2ecfbe6592dfb1b532daf50382f90e5194f1144bc0b57d
/components/schemas/TruncationObject/description,description,119,sha256-24aa2633f8d9e8b50e112cc1f3a7033cbae1eb49a953b875e1aa159c8e7354a7
/components/schemas/TruncationObject/properties/last_messages/description,description,93,sha256-94e6dda37bc10546cda2ea72bd580a96d4b79b19c6c04b572e39fc8f2c344cb8
/components/schemas/TruncationObject/properties/type/description,description,304,sha256-0b06832e5ae2901f912aaea76b6d33703076e2d05643d560b0bae8ee92cbdc6a
/components/schemas/Type/description,description,27,sha256-4c7aa0958a85eff3d22e37db4d952243b9e771a188d8fe4d7e205043ecbb3d41
/components/schemas/Type/properties/text/description,description,18,sha256-fb6738058881bcf30717f821619ae46ead113c8a9a19bfbd4c13c0bfd92180b7
/components/schemas/Type/properties/type/description,description,85,sha256-e0440427ab302c96d8b60cd6abc021cbe30160b391259ebb0ae84114a1f72fb7
/components/schemas/UpdateApiKeyObject/properties/alert_emails/items/example,example,11,sha256-0c7e6a405862e402eb76a70f8a26fc732d07c32931e9fae9ab1582911d2e8a3b
/components/schemas/UpdateApiKeyObject/properties/defaults/properties/allow_config_override/description,description,70,sha256-18edc92344e1421000518a7d1b137377a3063fe23c7e1d678d42e7b2d64c469f
/components/schemas/UpdateApiKeyObject/properties/defaults/properties/allow_config_override/example,example,10,sha256-b7b277441e695c442b2f5a4c24f73e1f7ed0b561ad375778b3bbb885b8d11afa
/components/schemas/UpdateApiKeyObject/properties/defaults/properties/config_id/example,example,10,sha256-7ef1a61df79f0796992d8aad74b09ed5168ced88e160a4d452fa53f67b369e9f
/components/schemas/UpdateApiKeyObject/properties/defaults/properties/metadata/example,example,39,sha256-2c262d7e053e4f37e2f6f9eb4735fbcca5949c20d1f38465187cd6f73fcf55fa
/components/schemas/UpdateApiKeyObject/properties/description/example,example,35,sha256-691d89c7f0eb522b07788f1969f7e221b5c3481989a1affaa7853853b2fb6d5e
/components/schemas/UpdateApiKeyObject/properties/expires_at/description,description,44,sha256-dea3b216246507be71f5bddb1b81a7f676ecf97c4d1a768a2582b417b37ea293
/components/schemas/UpdateApiKeyObject/properties/expires_at/example,example,20,sha256-8513c7bc4e81a37fb11e09700b98b696a813ea5416521a7c3863c001b102bb6d
/components/schemas/UpdateApiKeyObject/properties/name/example,example,19,sha256-9d2eb4c5faf05b2e29db4c900c952e94b03d23f347c978ace73d8a4c8d7b8ff2
/components/schemas/UpdateApiKeyObject/properties/rate_limits/items/properties/type/example,example,8,sha256-ec72420df5dfbdce4111f715c96338df3b7cb75f58e478d2449c9720e560de8c
/components/schemas/UpdateApiKeyObject/properties/rate_limits/items/properties/unit/description,description,72,sha256-af8863037f183da5f4fd2c1ea1870c14d805051d6a1d8fed93818140e9ee5a00
/components/schemas/UpdateApiKeyObject/properties/rate_limits/items/properties/unit/example,example,3,sha256-9e7ab438597fee20e16e8e441bed0ce966bd59e0fb993fa7c94be31fb1384d88
/components/schemas/UpdateApiKeyObject/properties/rate_limits/items/properties/value/example,example,8,sha256-1aab8ebdafee212923f0d79343279ca8ec3083564893367228d18e9fd7acd027
/components/schemas/UpdateApiKeyObject/properties/reset_usage/description,description,103,sha256-4af8309ba2aba5fc0d11ead863902bd8c6413b40030939d03613a973a944b1e2
/components/schemas/UpdateApiKeyObject/properties/reset_usage/example,example,9,sha256-5078e85342382074fb0920497907c64e37c695c8eb6a5760228bc5d54248fe69
/components/schemas/UpdateApiKeyObject/properties/rotation_policy/description,description,112,sha256-7774fb39b0ebb3017c8740c7f445fc51eced41b9cc79fd602888b87556d8f788
/components/schemas/UpdateApiKeyObject/properties/rotation_policy/properties/key_transition_period_ms/description,description,158,sha256-86b78b88585597f24f38703a628f14ca9977d98eed3e42ab233219151db579e4
/components/schemas/UpdateApiKeyObject/properties/rotation_policy/properties/key_transition_period_ms/example,example,12,sha256-7e1079f287d251758626e14a7ef7d61db50479f0484ec0602875a481408f1a05
/components/schemas/UpdateApiKeyObject/properties/rotation_policy/properties/next_rotation_at/description,description,81,sha256-31ee3dda9cc35e878feb7c606965224b7c7c12486df23a76102c4e00a3d2f799
/components/schemas/UpdateApiKeyObject/properties/rotation_policy/properties/next_rotation_at/example,example,20,sha256-54a29bae50a762ea830ec8b49877b088cf5c41e6f3876181419e8df31dc7db44
/components/schemas/UpdateApiKeyObject/properties/rotation_policy/properties/rotation_period/description,description,42,sha256-ff828a10b3725fa8b7bcaefd9cd648f9a42faac6be43fd3a84b2d788630326bc
/components/schemas/UpdateApiKeyObject/properties/rotation_policy/properties/rotation_period/example,example,7,sha256-9169e3ca73eeb47d29e92532bcc0ffd1f22178bc26e73bf6e466f0aefadb8b50
/components/schemas/UpdateApiKeyObject/properties/scopes/example,example,20,sha256-e8340cd89c23bbcbda31321959036364f84e71086470a5b43fd768e97353dd4d
/components/schemas/UpdateDeploymentRequest/properties/auth_settings/allOf/1/properties/remove_subs_allowed/description,description,18,sha256-948af3849297805e4059426a9d1095cc850fc2676a2d5de5261460d096c5dcaa
/components/schemas/UpdateDeploymentRequest/properties/auth_settings/allOf/1/properties/remove_workspaces_allowed/description,description,25,sha256-25d48e8362fc67fe0933f0c77a9f985870d1d8a6a3d65c53e33d2fbb5369d5a4
/components/schemas/UpdateDeploymentRequest/properties/rotate_auth/description,description,32,sha256-43f819d2d8b1db1ae210e16dbd374f825e971e3e38d16b8d98ba7990b823c677
/components/schemas/UpdateExportResponse/properties/id/description,description,43,sha256-f5d809c7fb7f51e478584f8f18e1492e1c3811130b3cd0a2bf4abc8514250f01
/components/schemas/UpdateExportResponse/properties/object/description,description,22,sha256-d7419e0f2cb441d556c98a18fec6488d71f222bd240d8e00b92c495f6905af4b
/components/schemas/UpdateExportResponse/properties/total/description,description,39,sha256-73a8f984f8640244c8069db77fe3a419dc1dec1e0b923ae9540446d5114b8351
/components/schemas/UpdateGuardrailRequest/properties/checks/description,description,33,sha256-042ab1b27c749959a17a7e6f6950fcba7e609ea21f754a9f081ab45d227382ad
/components/schemas/UpdateGuardrailRequest/properties/name/description,description,29,sha256-e9903595768797b2aba1e294c9a86fd90efd42f556271d66cf10710562158227
/components/schemas/UpdateGuardrailResponse/properties/id/description,description,42,sha256-1ae8382afd633ab83313bec6f777d0f128f521292c78c7931a40581dbefdbb68
/components/schemas/UpdateGuardrailResponse/properties/slug/description,description,35,sha256-ff6376859573d6807df3fdba3885edb299c470512e846cf79daf3735bc33b0cd
/components/schemas/UpdateGuardrailResponse/properties/version_id/description,description,35,sha256-8cd38d0037b99dfc58ebaa240d842ffb0152b64c8f8198dcfed78cf914e39519
/components/schemas/UpdateIntegrationRequest/properties/configurations/description,description,38,sha256-0343cd510c01184b858032b2e5cf3447a08a20515f42885c429634ec1545c9c9
/components/schemas/UpdateIntegrationRequest/properties/description/description,description,39,sha256-e9a7a3c41396c1e3b784e7d472b9b61d5dd351cd52ed1ce87cd3ec35abac1922
/components/schemas/UpdateIntegrationRequest/properties/description/example,example,62,sha256-c4dab8ebd933b13ac0cb6236f69b16f7c8adaeee6e75e1ecff38dac6777e8961
/components/schemas/UpdateIntegrationRequest/properties/key/description,description,38,sha256-931a6d2c1816f88b16a84b4045c39703faccfd5c533a50113de2f968eca79ba7
/components/schemas/UpdateIntegrationRequest/properties/key/example,example,6,sha256-6946d3ffe03d648cf11d876d5bac1994f673af8cb2beb50a4ca4f53b0f82f704
/components/schemas/UpdateIntegrationRequest/properties/name/description,description,39,sha256-cef10343c253ed3fde7cadb832dc13f569499d84f0e03238bf0a6655b46c1e4b
/components/schemas/UpdateIntegrationRequest/properties/name/example,example,17,sha256-01011c85d78e98c615aa900dadd1613487873058fd567202db2e7d72084d18af
/components/schemas/UpdateIntegrationRequest/properties/secret_mappings/description,description,251,sha256-330441e8ec0ed17ade4f7c285d778e615b9ac2991d510d71d654c77896bad929
/components/schemas/UpdateLabelRequest/properties/color_code/description,description,24,sha256-f9cf32d84fe14c3c39327ff17f5b079eebc12127a6d0c7ce39b288359b2d357d
/components/schemas/UpdateLabelRequest/properties/description/description,description,24,sha256-aaf237f23924af7a27701ce28494fab56df91693204ecb1743b7e2edf26a0553
/components/schemas/UpdateLabelRequest/properties/name/description,description,17,sha256-e2b9d95361911c4fdbc41e5183173eaa7df4c5ba39e9b354b767dc11896c4cec
/components/schemas/UpdateMcpIntegration/properties/configurations/description,description,62,sha256-7ca6b2687bcf463a865788d3bb2ec74ecf5c63395c7fb076158a07f5a49f7a7f
/components/schemas/UpdateMcpIntegration/properties/configurations/properties/custom_headers/description,description,41,sha256-a8b773ec81b7c6a3e8334734b5ce256e10c55e6d411c9da6cac6db8d54c071ed
/components/schemas/UpdateMcpIntegration/properties/configurations/properties/custom_headers/example,example,44,sha256-7701df6f9410132d2f7c5d17f5a718ffd5e3b5f882bc1682a31b7edaf74c36a2
/components/schemas/UpdateMcpIntegration/properties/configurations/properties/passthrough_header/description,description,68,sha256-c56ff673820bed0bbe9dc249b6d8814534814c13f68f1be86607bf51bc286aba
/components/schemas/UpdateMcpIntegration/properties/configurations/properties/passthrough_header/example,example,93,sha256-ec576efae30e9ed80b6054769baa5e3f16e7661b5d0cab2c3a78da31673f210e
/components/schemas/UpdateMcpIntegration/properties/secret_mappings/description,description,191,sha256-e919d46aa909b8cac4b825b7e55771cc08457f4a6e131a7809637396ff64f836
/components/schemas/UpdateRateLimitsPolicyRequest/properties/conditions/description,description,68,sha256-32dc6ac1dffa1252e427b4f189d4510fdd0d649aaf5b9e1d576ed635a54db999
/components/schemas/UpdateRateLimitsPolicyRequest/properties/name/description,description,11,sha256-001caacdfd66f0193360e0f9bb80df260c55a4b54513b334b90ef555b6bbb742
/components/schemas/UpdateRateLimitsPolicyRequest/properties/unit/description,description,9,sha256-d108b4c6deb08f160ce920ee519cee88d9230ce30a72f4647a9c9051b3de9191
/components/schemas/UpdateRateLimitsPolicyRequest/properties/value/description,description,16,sha256-67ba8f08199fd9f424fa1bbcc2e58ca77b46be2f629b051fac14e7e2c73ba428
/components/schemas/UpdateSecretReferenceRequest/properties/allow_all_workspaces/description,description,53,sha256-3cc39a51261657404a942958781ff725ec1b16c1df34ee7758cf89160406b739
/components/schemas/UpdateSecretReferenceRequest/properties/allowed_workspaces/description,description,87,sha256-6b58d11a6a83c11e2f8649312bb8ce53181a49d54531cb4481cb3de05b251a66
/components/schemas/UpdateSecretReferenceRequest/properties/auth_config/description,description,68,sha256-5c0f2ac5110dc3827e6abef468629fb79464a06c7a5acfe4ad664c2f3c97366f
/components/schemas/UpdateUsageLimitsPolicyRequest/properties/alert_threshold/description,description,66,sha256-ac5f6072cbcfa71cc1ad865cca5579ccecd9b83ab2e037a46b9f1aac204fe8f2
/components/schemas/UpdateUsageLimitsPolicyRequest/properties/conditions/description,description,135,sha256-53653b0dd27cbe4c7d93d96ad41473aacffe421054e975306dd7841737c859ed
/components/schemas/UpdateUsageLimitsPolicyRequest/properties/credit_limit/description,description,21,sha256-8ebaf85f639e66c25a72e02e1d44010633ae21cd9d99d60411909ef95d657e79
/components/schemas/UpdateUsageLimitsPolicyRequest/properties/description/description,description,18,sha256-6980331f6e3105e0f1a5fc9790d32dc08ebf41e08ad81a2fb3564d6842add789
/components/schemas/UpdateUsageLimitsPolicyRequest/properties/name/description,description,11,sha256-001caacdfd66f0193360e0f9bb80df260c55a4b54513b334b90ef555b6bbb742
/components/schemas/UpdateUsageLimitsPolicyRequest/properties/next_usage_reset_at/description,description,54,sha256-047d7a8a39be55186d7967f976ab1fd5c81bd55a9038bf3416ab578acf554dda
/components/schemas/UpdateUsageLimitsPolicyRequest/properties/periodic_reset/description,description,96,sha256-8f63e17be9bf58035abb55b5dad69b6ca97aad1484938de211579f9980b206bb
/components/schemas/UpdateUsageLimitsPolicyRequest/properties/periodic_reset_days/description,description,80,sha256-a5b5b01387b7a1cddea711678464088837d194c6f7babc9e91037598bbf9d2df
/components/schemas/UpdateUsageLimitsPolicyRequest/properties/reset_usage_for_value/description,description,106,sha256-2ace27359ad1435de61162bdefb474b57b2c4291168e9b2eb179960f1ea2ab7f
/components/schemas/UpdateVectorStoreRequest/properties/metadata/description,description,251,sha256-aadc6b3206c81bd0e8d27ed365f2f94d919dccadd091177eb85e60996bf76904
/components/schemas/UpdateVectorStoreRequest/properties/name/description,description,29,sha256-c05e13965d43c9188f529c4e74b3d98644db766ed4a7648d860d466a1f6869ff
/components/schemas/UppercaseParameters/properties/not/description,description,37,sha256-c2cbdfe359335d7beec75e2a2b737343c52eb675fb68e74c6930844d8e6fbdc3
/components/schemas/UpsertMcpServerMappingRequest/properties/mcp_integration_capability_ids/description,description,145,sha256-d7dd2740cd730a7c344b2696dad5402dc3e5e9af926f81749f9bb7ad783bb1da
/components/schemas/UpsertMcpServerMappingRequest/properties/run_on/description,description,85,sha256-3d7d2c478556b257a6f5b986fb21f5797b394d9cb6377a9baa03df969fdcc139
/components/schemas/UpsertMcpServerMappingResponse/properties/map_id/description,description,51,sha256-024ba0a83630c06a82a289f8e48194a1c2e1ab0b9deea3ae0b797a0fbc3c7d87
/components/schemas/UrlCitation/description,description,65,sha256-699667d694bfd8c7935646b50542e667e2db5a5bac4bd144fc35574f373036f0
/components/schemas/UrlCitation/properties/end_index/description,description,68,sha256-49e96077e431ea85a7b7b1f2248c649e305ab1add4ed6bfcf25d79e7bb147835
/components/schemas/UrlCitation/properties/start_index/description,description,69,sha256-31179f20c9c4053b76d0485002d172efe7f2c3affec9c6fa88e6eff9d71bcc9c
/components/schemas/UrlCitation/properties/title/description,description,31,sha256-b4b53f79d2dc8e7bea8a5de861bf2de90dcae187e8a70fc390451ba06350ec51
/components/schemas/UrlCitation/properties/type/description,description,53,sha256-9710c1c0a0f0c6de26b625ba61de253214a04ca567854fe219438d8454d931af
/components/schemas/UrlCitation/properties/url/description,description,29,sha256-0df0f9687653ec2b45b28bf520dd73e9716124c2f17155c797a2c5a5a6a06f57
/components/schemas/UsageLimits/example,example,60,sha256-8d37f387a8ec46f3e4b7437204de1d051e7d7eb7a70b262c0a8c7c26a50119d1
/components/schemas/UsageLimits/properties/alert_threshold/description,description,68,sha256-3b0ca549db5fc4f11c81f63a0a0d76827bc2b40aece211c353a65ca84f47da21
/components/schemas/UsageLimits/properties/credit_limit/description,description,37,sha256-474441e67ab297e7a978261c3851f520e069d374f864ef2270a57207d4106e8f
/components/schemas/UsageLimits/properties/next_usage_reset_at/description,description,127,sha256-f3352cef4dc34c8832f0a092010b2d611ca58ba96dc4958c091dd7c23069a615
/components/schemas/UsageLimits/properties/next_usage_reset_at/example,example,20,sha256-9e80e72d56b10932fba10e05ac3b52fb50b58a94b472b18b1c0f6de9635ceeb4
/components/schemas/UsageLimits/properties/periodic_reset/description,description,29,sha256-36d965000093cbe8090f91dacf30b38360613bbce5bb5d6ad8e0f8a31572af4f
/components/schemas/UsageLimits/properties/periodic_reset/example,example,7,sha256-9169e3ca73eeb47d29e92532bcc0ffd1f22178bc26e73bf6e466f0aefadb8b50
/components/schemas/UsageLimits/properties/periodic_reset_days/description,description,85,sha256-37332c26a82bbb7964d0b2214c5074c6a61119aa733c059dd438be92204baae6
/components/schemas/UsageLimits/properties/periodic_reset_days/example,example,7,sha256-9b91c8789c77b1df813d7f0bff696f6d723e3d530ffb3b48a3af65857bd63c2a
/components/schemas/UsageLimits/properties/type/description,description,20,sha256-1ac2a5009d59d64712c48280df0a2672761318cbdff8e5f546e65a73ae1055ae
/components/schemas/UsageLimitsPolicy/properties/alert_threshold/description,description,15,sha256-ad95d30f97546b68e35c02928194f127400a8b9354dfd0bf0d11eaef6bf2f4d3
/components/schemas/UsageLimitsPolicy/properties/conditions/description,description,19,sha256-ce0b9d502af0142a1f9a74fc0fa8c471486ca8ca7be0255a35c046dde77b1b4a
/components/schemas/UsageLimitsPolicy/properties/created_at/description,description,18,sha256-377d18336beb281b3035405022d8627874554ee1a7c098f9a6cb4f2cf7b79652
/components/schemas/UsageLimitsPolicy/properties/credit_limit/description,description,21,sha256-8ebaf85f639e66c25a72e02e1d44010633ae21cd9d99d60411909ef95d657e79
/components/schemas/UsageLimitsPolicy/properties/group_by/description,description,24,sha256-e03b121511dc95492cb5312bdf3cf0c5a1800396e23085ffae8dfb94f19029c7
/components/schemas/UsageLimitsPolicy/properties/id/description,description,11,sha256-7a09949ccb524fefee67d4d7184801fa88aa85a8a61bc9df95d308e8f0d37fb9
/components/schemas/UsageLimitsPolicy/properties/last_reset_at/description,description,42,sha256-d4956ddea41b52955050251652ba88cdc113d2c6fd98a7859f2069d0ed58d738
/components/schemas/UsageLimitsPolicy/properties/last_updated_at/description,description,21,sha256-6bb8e3a0bc13ef6595087877eb49bfd00af7d0657f0e84a8f6d426ad32a44b13
/components/schemas/UsageLimitsPolicy/properties/name/description,description,11,sha256-001caacdfd66f0193360e0f9bb80df260c55a4b54513b334b90ef555b6bbb742
/components/schemas/UsageLimitsPolicy/properties/next_usage_reset_at/description,description,97,sha256-fd6c4fef73e2d07c0604f4f1fab0368ae3daf3cf45f2e4fdd5729fa8828569b0
/components/schemas/UsageLimitsPolicy/properties/organisation_id/description,description,17,sha256-106fc0765f59398e5050401862a4c2ae01a99db1768a1d75f43962e0f9bcab20
/components/schemas/UsageLimitsPolicy/properties/periodic_reset/description,description,12,sha256-dc680926ede1bdda5bded73e0e6e921912fd0cb0018dd77aab273946af4715f9
/components/schemas/UsageLimitsPolicy/properties/periodic_reset_days/description,description,85,sha256-37332c26a82bbb7964d0b2214c5074c6a61119aa733c059dd438be92204baae6
/components/schemas/UsageLimitsPolicy/properties/status/description,description,13,sha256-f0c975f6769af1d0aeb07644dbdafa6a2d8b664cdc2520cf0b38a8109b657079
/components/schemas/UsageLimitsPolicy/properties/type/description,description,11,sha256-5e4623659cf48ffbba9857d9f2048693f1eb2c48db64a1518459dc4467349be6
/components/schemas/UsageLimitsPolicy/properties/value_key_usage_map/description,description,78,sha256-018e39001e30c3f139cc1ad285b00129d41c267b55e522d189f2057aff591671
/components/schemas/UsageLimitsPolicy/properties/workspace_id/description,description,14,sha256-a744170c9f8b31d751ed701d3a4496d5d852d58d936a1bf44568b667dece1f5c
/components/schemas/UsageLimitsPolicyEntity/properties/current_usage/description,description,35,sha256-ba871747ffce17644e4d30bd9a3ada2f95d1e9f130e43ea48caf0e96a31fe791
/components/schemas/UsageLimitsPolicyEntity/properties/id/description,description,9,sha256-8ffc09d9f8d75f611d978103c7a242b24403657768a0b53c08a324242a65fc41
/components/schemas/UsageLimitsPolicyEntity/properties/value_key/description,description,67,sha256-e26a84a70e4c6265886f816ee63614358f405e514d4884cae8873e12ad769fab
/components/schemas/UsageLimitsPolicyEntityListResponse/properties/object/example,example,4,sha256-a330395cc0a53ad1207736546afff4735940937564bbf75ce1edad40780d9139
/components/schemas/UsageLimitsPolicyEntityListResponse/properties/total/description,description,24,sha256-34b10a21a22cb2c8fd322d91ec60a2453ca44c5292986d11e2d94c23818bc5a8
/components/schemas/UsageLimitsPolicyListResponse/properties/object/example,example,4,sha256-a330395cc0a53ad1207736546afff4735940937564bbf75ce1edad40780d9139
/components/schemas/UsageLimitsPolicyListResponse/properties/total/description,description,24,sha256-6f613e02179e1cee7d35280266ad81c6f11ed6f3ea5f6c39325495b26a024eb8
/components/schemas/UsageLimitsPolicyResponse/allOf/1/properties/object/example,example,19,sha256-5ebee9520fbbd217c2362571bd6646f37527ab407cf588163e730f36b0081cd8
/components/schemas/UserList/properties/total/example,example,6,sha256-d6bae4a60ad0ef8a6dee9a3fadb606d0e8cc0092a74b7e36dcbd2260e3526b8d
/components/schemas/ValidUrlsParameters/properties/not/description,description,37,sha256-c2cbdfe359335d7beec75e2a2b737343c52eb675fb68e74c6930844d8e6fbdc3
/components/schemas/ValidUrlsParameters/properties/onlyDNS/description,description,46,sha256-b5b8e0012e49daac4f5c91e755b4b5d81ef475bade6b50dd685818fcad004fb6
/components/schemas/ValueKeyUsage/properties/current_usage/description,description,19,sha256-065aafdc6744bd41a3315bd95fdabbf89e666f437c39401783a49e227edb2814
/components/schemas/ValueKeyUsage/properties/is_exhausted_alerts_sent/description,description,39,sha256-7409083ac6fbb01f504f7f48506c17b0a319d03fc680e0ca4275d0b92ea646be
/components/schemas/ValueKeyUsage/properties/is_threshold_alerts_sent/description,description,39,sha256-d415005c20d257415eca6205aae8855dfed2cdfbfad81bc99c51de1feebf4503
/components/schemas/ValueKeyUsage/properties/status/description,description,12,sha256-58762d3643fdcf5b321eb63b4b116d4da6fdad2253cc7d2bd40cedff558f36d9
/components/schemas/VectorStoreExpirationAfter/description,description,41,sha256-188542722ec9f73ae9d8dedec6c5ae66cad1f0cc0cacc0f3bd871cfe12f96d56
/components/schemas/VectorStoreExpirationAfter/properties/anchor/description,description,96,sha256-bcbed943267f2b79391c0e63b74b7e6a326fa9f074ecf84c00609d3d1a36c271
/components/schemas/VectorStoreExpirationAfter/properties/days/description,description,75,sha256-734a21e3915ad22b0fe6a626cb6cd40763e4a4f00068c8868bfcdafb8f53b994
/components/schemas/VectorStoreFileAttributes/description,description,350,sha256-57b96caa499e19c8b8d5263f84bdc0836b731a54f26458f2a0e71971aafbbd21
/components/schemas/VectorStoreFileBatchObject/description,description,44,sha256-af78613111838e8c285e2332cb5be5eee0b1decfffe5374239e22d7bd24ee0e2
/components/schemas/VectorStoreFileBatchObject/properties/created_at/description,description,82,sha256-e8cf9822fe516afd5bf0ec8dc4044e218c40cbdf6458810eea38ba991f6005ad
/components/schemas/VectorStoreFileBatchObject/properties/file_counts/properties/cancelled/description,description,41,sha256-a1b974f9f3f32aae5027f102e895c137c37c8557c45bd5ce533478e3d4f52ef0
/components/schemas/VectorStoreFileBatchObject/properties/file_counts/properties/completed/description,description,45,sha256-9f071a2b96c1e300015bcd6b98346794f89d85c6386a91a6532794353c5552b9
/components/schemas/VectorStoreFileBatchObject/properties/file_counts/properties/failed/description,description,48,sha256-9974b8548faa9e2a923f706e1779f03b50dd2037ff7c190e352f60cc2353ed3e
/components/schemas/VectorStoreFileBatchObject/properties/file_counts/properties/in_progress/description,description,55,sha256-9f35819c26be3adcd99afd633b85b28d79ab7444aa111445d2dab5aaa9c9fbd1
/components/schemas/VectorStoreFileBatchObject/properties/file_counts/properties/total/description,description,26,sha256-9313e653287e2af87231b06b12e02d131c6e5c900cf8171b30b47f6fbd55c967
/components/schemas/VectorStoreFileBatchObject/properties/id/description,description,57,sha256-9a3dc6c99f297e48af0c86dc1e7fdbf12483be912d6de9453e5f82e69c250826
/components/schemas/VectorStoreFileBatchObject/properties/object/description,description,59,sha256-3da4eb74a2a7cbf10f21d632e1c9a926e0b9df06e819efeadf4ce323306a3d3b
/components/schemas/VectorStoreFileBatchObject/properties/status/description,description,116,sha256-6d47ecab3e9fce2c1416b3e64851c6792691c4bfbd2234b3809ae52dd0056d19
/components/schemas/VectorStoreFileBatchObject/properties/vector_store_id/description,description,183,sha256-7d53b2ab865e928631f14610ea0b708cd33d4fba9f02d12e2c8a7dbc17746873
/components/schemas/VectorStoreFileBatchObject/x-code-samples,x-code-samples,394,sha256-c51fd50b10d09b7a940ad288461e7fca556698438d75e0e465f5287aa39a6c64
/components/schemas/VectorStoreFileObject/description,description,43,sha256-49491ef8bb80c99b04f3f28e8de7661a64b9da17cf8f0a991e4402db49a748d1
/components/schemas/VectorStoreFileObject/properties/chunking_strategy/description,description,36,sha256-1f7089e29dd0ca2302b46de0c8750c213a6a7f004b66d06288ae2e8d29a20bd3
/components/schemas/VectorStoreFileObject/properties/created_at/description,description,75,sha256-de703a5021ecd2e80a35b948efaf0e5cb0e13b361f66db033cd1e91affa25447
/components/schemas/VectorStoreFileObject/properties/id/description,description,57,sha256-9a3dc6c99f297e48af0c86dc1e7fdbf12483be912d6de9453e5f82e69c250826
/components/schemas/VectorStoreFileObject/properties/last_error/description,description,93,sha256-1363138d0498c9e99eb3980c19089bc2ea368bc1f3ffcc3a5aa333ee4ecc1478
/components/schemas/VectorStoreFileObject/properties/last_error/properties/code/description,description,47,sha256-97c8d9ad8712e6aaa5e0e9fd4961f030f25b730345dc5b2bd18f4dc81ee298b4
/components/schemas/VectorStoreFileObject/properties/last_error/properties/message/description,description,42,sha256-bb566ccdc236b1381a09ca1244754e93c0249cd034687c7fb1d7f7ac2c1b4db2
/components/schemas/VectorStoreFileObject/properties/object/description,description,53,sha256-5d24851b931c34cbc7528d8b24ced067fea02b93f3d8d42565728f16ce9d88c2
/components/schemas/VectorStoreFileObject/properties/status/description,description,188,sha256-2ad82709f4f92207b0a6e29886380fbc017682130c06c6ad7426ebc7c8d7be5c
/components/schemas/VectorStoreFileObject/properties/usage_bytes/description,description,99,sha256-27ee6a90d78865a65da8dccf0ea0a2c9a459c4472b2a34f0c7e7b3c27ef60db9
/components/schemas/VectorStoreFileObject/properties/vector_store_id/description,description,183,sha256-7d53b2ab865e928631f14610ea0b708cd33d4fba9f02d12e2c8a7dbc17746873
/components/schemas/VectorStoreFileObject/x-code-samples,x-code-samples,459,sha256-874c6eacda3fd4f1dc60a8d367025bef1884d32a9930d846b6d7d89375c28f2c
/components/schemas/VectorStoreObject/description,description,88,sha256-5972c0e2a23ea887bd6210c22209b46fe4516e611eec5d9412520a8a68956f71
/components/schemas/VectorStoreObject/properties/created_at/description,description,70,sha256-cd45c6f4631e52848cd7cb8bb350b8d874fbfc4a0fbe37db7165e636a582e15d
/components/schemas/VectorStoreObject/properties/expires_at/description,description,70,sha256-f3baeff652ed76000e9fd417e66c8ad35e8b357c92aefbc612d3422a5dffa5c5
/components/schemas/VectorStoreObject/properties/file_counts/properties/cancelled/description,description,40,sha256-ef575688086c14b145c9690a47cbf52a897fa280de96d99b3e3342bb97573cd8
/components/schemas/VectorStoreObject/properties/file_counts/properties/completed/description,description,58,sha256-3e1a6e0737e23ce033fc94c5da932561a86b11026029f1608bb4c9de9db364f4
/components/schemas/VectorStoreObject/properties/file_counts/properties/failed/description,description,48,sha256-9974b8548faa9e2a923f706e1779f03b50dd2037ff7c190e352f60cc2353ed3e
/components/schemas/VectorStoreObject/properties/file_counts/properties/in_progress/description,description,55,sha256-9f35819c26be3adcd99afd633b85b28d79ab7444aa111445d2dab5aaa9c9fbd1
/components/schemas/VectorStoreObject/properties/file_counts/properties/total/description,description,26,sha256-9313e653287e2af87231b06b12e02d131c6e5c900cf8171b30b47f6fbd55c967
/components/schemas/VectorStoreObject/properties/id/description,description,57,sha256-9a3dc6c99f297e48af0c86dc1e7fdbf12483be912d6de9453e5f82e69c250826
/components/schemas/VectorStoreObject/properties/last_active_at/description,description,74,sha256-c307a283b9c0ecb17c289076db677dea2ad2856388ab929452e580d48eec94d0
/components/schemas/VectorStoreObject/properties/metadata/description,description,251,sha256-aadc6b3206c81bd0e8d27ed365f2f94d919dccadd091177eb85e60996bf76904
/components/schemas/VectorStoreObject/properties/name/description,description,29,sha256-c05e13965d43c9188f529c4e74b3d98644db766ed4a7648d860d466a1f6869ff
/components/schemas/VectorStoreObject/properties/object/description,description,48,sha256-c6f4e84281a0d2c40955a80b42076cb997ec0978d29567ca7077ff38920077af
/components/schemas/VectorStoreObject/properties/status/description,description,167,sha256-e376605f5daf6ff150bfda9d72f1952b122dd00b4f22d191a4932092a3975023
/components/schemas/VectorStoreObject/properties/usage_bytes/description,description,64,sha256-dcc2cfafa1acc9e407cfcc503c82b612792494ed40cbbfc5e8ba0a77cb3497ac
/components/schemas/VectorStoreObject/x-code-samples,x-code-samples,489,sha256-ed6127a54d8e1a6da0f8a2b6a6a851902f04641dc3eb61a0bb74eba0fd7e4b5d
/components/schemas/VectorStoreSearchRequest/properties/filters/description,description,43,sha256-280a9f2b7a08526eadc274b2c9c8712c3918bb6d3c1bca9f3e4c8068896c42c2
/components/schemas/VectorStoreSearchRequest/properties/max_num_results/description,description,90,sha256-41cf22b12db2e77e02fb0ea2a1693106bae829a052be4fbe4cd6bf38e4939c88
/components/schemas/VectorStoreSearchRequest/properties/query/description,description,27,sha256-5b67a76a1cfd71e9706bcc0b45bbec845ba2592d0dfd6ab19ff9558be70b742e
/components/schemas/VectorStoreSearchRequest/properties/query/oneOf/1/items/description,description,32,sha256-d37ecb0fd37da6d58c28fc7939017873a2dc1734fcb2972783ae568401b60ee4
/components/schemas/VectorStoreSearchRequest/properties/ranking_options/description,description,27,sha256-cb27b115b2b79bfd35ec7eedb9af8dcf4385e3864b3c1a03047520e02262e66a
/components/schemas/VectorStoreSearchRequest/properties/rewrite_query/description,description,64,sha256-1d4892972a61622183849eba75dfca64d63e7f4e2d9180bd4790b26aa6f70120
/components/schemas/VectorStoreSearchResultContentObject/properties/text/description,description,38,sha256-fab1affacd705aeeeb659faa744131e9717d1edc53c5920b81d2f0decd7e6e07
/components/schemas/VectorStoreSearchResultContentObject/properties/type/description,description,20,sha256-1de9af0ea7f4adb61aea1e50a8997a726cb78091da87d4f446f207273b01cc70
/components/schemas/VectorStoreSearchResultItem/properties/content/description,description,29,sha256-7b1a01db58018c8e7db8438f19315ec79e54ff7afefc89707407f4d904128964
/components/schemas/VectorStoreSearchResultItem/properties/file_id/description,description,32,sha256-a1f5aa3015738be5190896b4c18c33b5b06dd485e9c11e544cfbb1449a505344
/components/schemas/VectorStoreSearchResultItem/properties/filename/description,description,34,sha256-afa1f657ba3ac916b09f8262a23e25958ef10287793c0902ce845ace15a218c2
/components/schemas/VectorStoreSearchResultItem/properties/score/description,description,36,sha256-b16b5bf0d83ab463fec6cc5eb71f2c3de6894355361a0eab28f76157e208c698
/components/schemas/VectorStoreSearchResultsPage/properties/data/description,description,32,sha256-eb4700532566b417cfef305bb0b6e7aeae0aad0aa7250b5240f74839a530a292
/components/schemas/VectorStoreSearchResultsPage/properties/has_more/description,description,45,sha256-47d34e4859161b89428f624a7d3814804af29f0d2d946c06e28d8c404c05f330
/components/schemas/VectorStoreSearchResultsPage/properties/next_page/description,description,36,sha256-5afb63f4f5094363d8c871e68942e65a2f4d2bfd6f4d9a0258e39077cb4a0d59
/components/schemas/VectorStoreSearchResultsPage/properties/object/description,description,67,sha256-b2e20646a28c00299abcea50ca70b796c61b812a9d4e5e2cb92f765220195e94
/components/schemas/VectorStoreSearchResultsPage/properties/search_query/items/description,description,31,sha256-a77a43ae00ac2694c089cfdec8b833ac12c2cfb4cead615f02ec392709fb1fbe
/components/schemas/VertexAIConfiguration/properties/vertex_auth_type/description,description,29,sha256-0464d4394f883fea4116620b600c3e4343c6bac3aa71cee94d8f8f53a5376e0b
/components/schemas/VertexAIConfiguration/properties/vertex_project_id/description,description,40,sha256-12ad05a4a2041d99052119cbee00acec5838279289bb391fc1b57b5e9513d53e
/components/schemas/VertexAIConfiguration/properties/vertex_region/description,description,10,sha256-14611f83737a92b3b8b686069af56791d7c9187f27a8cccade9f9a0e0d37aa4b
/components/schemas/VertexAIConfiguration/properties/vertex_service_account_json/description,description,55,sha256-bd36adbe484d60513544741790e5d959a768a67a8c082785f61fe72ede6ffb4a
/components/schemas/VertexBatchJob/description,description,54,sha256-9fbc335e17be08b018e635e3d22b22f4669804b30298910e4384c4dc80d55167
/components/schemas/VertexBatchJob/properties/job_name/description,description,26,sha256-16b3cb7ee23e6218296f15a7f5373fde31301ed5915df5e8dc1e177fb7c4a0cb
/components/schemas/VertexBatchJob/properties/model/description,description,29,sha256-4cb5b6076824ca756c71b39a397c91264f3f685d7d962b2e21db78859c9defd8
/components/schemas/VertexBatchJob/properties/output_data_config/description,description,97,sha256-3eb2e6f9cf8de5d226491cdbf30bbc6c17ecef291b8271a17de61f48c45524f5
/components/schemas/VirtualKeys/properties/name/example,example,17,sha256-0932b53a97f2e63fbc12511c88863a647065b63726c3a8ca2879b0603079a50f
/components/schemas/VirtualKeys/properties/note/example,example,10,sha256-1c26c5668e69e892e29576c7d33da04e36d8a234dd4401ca769660d3f62111b3
/components/schemas/VirtualKeys/properties/reset_usage/example,example,6,sha256-d1a64a1e0ab44cd7c752bedc59af8595c2ffdbce67bd98548dee867fe2e68a66
/components/schemas/VirtualKeys/properties/secret_mappings/description,description,110,sha256-3186d50675c8192b2730ffa54f16d5aebfaf768c8a30381676c0acd5782ab810
/components/schemas/VoiceIdsShared/example,example,3,sha256-037d390cd4ef796e5d75407fa72cc4708aa8a1ba3c36ed88db6fd3a441b68503
/components/schemas/Wait/description,description,15,sha256-51679e2d19ce61c832852f8fc30ff59eed7b5850116856bd5f79c948b131455a
/components/schemas/Wait/properties/type/description,description,85,sha256-3fab92d2214075e9f5bea410a5a49614080be6da592718e8b14a83be83b097ce
/components/schemas/WebSearchContextSize/description,description,143,sha256-c5c0abacc514fc8321d0960cc9be1cc117a340a0a00f3fd43c56b5acfd75074c
/components/schemas/WebSearchLocation/description,description,47,sha256-359b6a8c0a246618bbe39f76bd31a4cc426487f63d0a5188da1823f8d3c45134
/components/schemas/WebSearchLocation/properties/city/description,description,64,sha256-c767bab88455555ef241a194014b04be895f6bb4d98e7725edb0ee18807e3162
/components/schemas/WebSearchLocation/properties/country/description,description,101,sha256-3dc53a1d862e067ae14f7c1487d87d602a85be79e49c1beddd0705684233f3f0
/components/schemas/WebSearchLocation/properties/region/description,description,63,sha256-c0b976d115ad98a674834daa19217af922c4c61b47fcce91fe71467267261639
/components/schemas/WebSearchLocation/properties/timezone/description,description,111,sha256-66c8207f8d877f4fc486af35ece2dd8e11d6cbb82a7d16d9893b780b663370e6
/components/schemas/WebSearchTool/description,description,141,sha256-d4a64b0b2ac9f391fe7fbbd2317e860413ca55e46b7ede0761170e61b9d16002
/components/schemas/WebSearchTool/properties/type/description,description,98,sha256-42d108bf8a6388484a69a335eb08efeec19f812d699dcf2e097891300b0b3b1d
/components/schemas/WebSearchTool/properties/user_location/allOf/1/properties/type/description,description,58,sha256-1f2dc40abda621eff19c4ce92c2f3b4558e7502b34ab4a1c4b95a34a51d68ddd
/components/schemas/WebSearchToolCall/description,description,120,sha256-e8896deef05b5532c5a3617448e2e4ec6b246f3c653f2c0c7f991daa57a6df40
/components/schemas/WebSearchToolCall/properties/id/description,description,43,sha256-e8b58b859db7560ee2d09bf9a06888a730b31a1e127b5cd608b80deb1301a013
/components/schemas/WebSearchToolCall/properties/status/description,description,40,sha256-10d194f862d3e0b35fef98122711892e23170346804b8f3f47db38172ff218bc
/components/schemas/WebSearchToolCall/properties/type/description,description,64,sha256-4fcd071d485163b9a401815a67073535d06cad9407cb3776c6f1a2729a48aa49
/components/schemas/WebhookParameters/properties/failOnError/description,description,51,sha256-0959433b130d0ab07d9b3bb164098b4a1aec0593efd54ddccde176bd98316369
/components/schemas/WebhookParameters/properties/headers/description,description,32,sha256-2a8de02646cbc7c134032268d7a54263a6c287c448a98535b1ea3dc9b4d8e321
/components/schemas/WebhookParameters/properties/timeout/description,description,23,sha256-b113d346932d0df037b46e0fd1c42634a043759fb73ad34188a129d4070fb120
/components/schemas/WebhookParameters/properties/webhookURL/description,description,19,sha256-c3108eb8d1beb66b3d94a614cd69adacb2bad46ba7d9bc965a84019ccd7ba36a
/components/schemas/WordCountParameters/properties/maxWords/description,description,32,sha256-5427babe9fa7001a535536f19dd2b79e95cd2ba96f83fa8b28da655f012b42a7
/components/schemas/WordCountParameters/properties/minWords/description,description,32,sha256-00633e1624ebaa521799b3d51ccf4a0e6e4331aeeb6146635f3892a302d546b5
/components/schemas/WordCountParameters/properties/not/description,description,37,sha256-c2cbdfe359335d7beec75e2a2b737343c52eb675fb68e74c6930844d8e6fbdc3
/components/schemas/WorkersAIConfiguration/properties/workers_ai_account_id/description,description,32,sha256-36520f0f587541b4d5a82219cc58da06e6e42a2c19e80a6b8201bfb4f6956881
/components/schemas/Workspace/properties/created_at/example,example,30,sha256-2ccc0afb82ad83af0b9b0066ee683f65f1090dd2c2f1c4a4ddac56252569e8ea
/components/schemas/Workspace/properties/defaults/properties/is_default/example,example,6,sha256-d1a64a1e0ab44cd7c752bedc59af8595c2ffdbce67bd98548dee867fe2e68a66
/components/schemas/Workspace/properties/defaults/properties/metadata/example,example,9,sha256-1dabc4e3cbbd6a0818bd460f3a6c9855bfe95d506c74726bc0f2edb0aecb1f4e
/components/schemas/Workspace/properties/description/example,example,9,sha256-6a3a80ad810fe5b651341192cd493ce35ec4875dbe60d4fc51b93717445382be
/components/schemas/Workspace/properties/id/example,example,16,sha256-d24d53bd4bc36e7a979eef68e47c2ae10ce30db97633a8ea5c5bcc10b44f0864
/components/schemas/Workspace/properties/last_updated_at/example,example,30,sha256-2ccc0afb82ad83af0b9b0066ee683f65f1090dd2c2f1c4a4ddac56252569e8ea
/components/schemas/Workspace/properties/name/example,example,13,sha256-0ece32086a811c0e6900f2a114facb2f2c6d0d36c153220d4774320901bb3856
/components/schemas/Workspace/properties/slug/example,example,16,sha256-d24d53bd4bc36e7a979eef68e47c2ae10ce30db97633a8ea5c5bcc10b44f0864
/components/schemas/WorkspaceInvite/properties/id/description,description,14,sha256-69e6fa907cc0f3fb41f76a8cdfa4e5432af937c06543743d6b5cc54b203cf9b3
/components/schemas/WorkspaceList/properties/total/example,example,6,sha256-d6bae4a60ad0ef8a6dee9a3fadb606d0e8cc0092a74b7e36dcbd2260e3526b8d
/components/schemas/WorkspaceMember/properties/created_at/example,example,24,sha256-de378d7a4083639caf2fae2368454995a895da68e5ec047860d25b2db14050cc
/components/schemas/WorkspaceMember/properties/email/example,example,20,sha256-836f82db99121b3481011f16b49dfa5fbc714a0d1b1b9f784a1ebbbf5b39577f
/components/schemas/WorkspaceMember/properties/first_name/example,example,4,sha256-a8cfcd74832004951b4408cdb0a5dbcd8c7e52d43f7fe244bf720582e05241da
/components/schemas/WorkspaceMember/properties/id/example,example,36,sha256-5c0d71089a40465914ea06f31a784e99bad0983ba678be2652141150005817d2
/components/schemas/WorkspaceMember/properties/last_name/example,example,3,sha256-fd53ef835b15485572a6e82cf470dcb41fd218ae5751ab7531c956a2a6bcd3c7
/components/schemas/WorkspaceMember/properties/last_updated_at/example,example,24,sha256-de378d7a4083639caf2fae2368454995a895da68e5ec047860d25b2db14050cc
/components/schemas/WorkspaceMember/properties/object/example,example,14,sha256-130164a5a5052687d2608e1d6570e2946f94dc1e7cbd115501949e6a45452bcb
/components/schemas/WorkspaceMember/properties/org_role/example,example,5,sha256-8c6976e5b5410415bde908bd4dee15dfb167a9c873fc4bb8a81f6f2ab448a918
/components/schemas/WorkspaceMember/properties/role/example,example,5,sha256-8c6976e5b5410415bde908bd4dee15dfb167a9c873fc4bb8a81f6f2ab448a918
/components/schemas/WorkspaceMember/properties/scopes/example,example,337,sha256-87114b2f9aa444d15a45fa796b521671cfe6be21390a88b3e173fd07711ae7db
/components/schemas/WorkspaceMember/properties/settings/example,example,9,sha256-6a3a80ad810fe5b651341192cd493ce35ec4875dbe60d4fc51b93717445382be
/components/schemas/WorkspaceMember/properties/status/example,example,6,sha256-96879611650f80a81392a52e0db9b0237669087c4518e1c130e541a505e0eeef
/components/schemas/WorkspaceMember/properties/workspace_id/example,example,36,sha256-3117360bacf4446669826c00564537a2d594c2f88fbd05050b4733837900e39a
/components/schemas/WorkspaceMemberList/properties/object/example,example,4,sha256-a330395cc0a53ad1207736546afff4735940937564bbf75ce1edad40780d9139
/components/schemas/WorkspaceMemberList/properties/total/example,example,6,sha256-d6bae4a60ad0ef8a6dee9a3fadb606d0e8cc0092a74b7e36dcbd2260e3526b8d
/components/schemas/WorkspaceUpdateRequest/properties/create_default_provider/description,description,127,sha256-a94639afeb67267bbd2c08c9068449758114a5098746842c3297e24910452651
/components/schemas/WorkspaceUpdateRequest/properties/default_provider_slug/description,description,191,sha256-0a331b881ca8f1d2d9da365c9c1271fc9d53ba33ee8e8be147954205e07fbccc
/components/schemas/WorkspaceUpdateRequest/properties/enabled/description,description,34,sha256-89a0e22e9abf3b1a851f01d829c4fb72789c02c821ae9e3dcd266ea84f6b438e
/components/schemas/WorkspaceUpdateRequest/properties/id/description,description,12,sha256-889d892993c3e5f02854f567e39a114f149162d9bedfc1f170415ef6235edb31
/components/schemas/WorkspaceUpdateRequest/properties/id/example,example,15,sha256-6903189483ac8bc8a0b071fac3b3e530da2f8570c7807f9194d47f1ce97362e9
/components/schemas/WorkspaceUpdateRequest/properties/reset_usage/description,description,103,sha256-4af8309ba2aba5fc0d11ead863902bd8c6413b40030939d03613a973a944b1e2
/components/schemas/WorkspaceWithUsers/properties/created_at/example,example,30,sha256-2ccc0afb82ad83af0b9b0066ee683f65f1090dd2c2f1c4a4ddac56252569e8ea
/components/schemas/WorkspaceWithUsers/properties/defaults/properties/is_default/example,example,6,sha256-d1a64a1e0ab44cd7c752bedc59af8595c2ffdbce67bd98548dee867fe2e68a66
/components/schemas/WorkspaceWithUsers/properties/defaults/properties/metadata/example,example,9,sha256-1dabc4e3cbbd6a0818bd460f3a6c9855bfe95d506c74726bc0f2edb0aecb1f4e
/components/schemas/WorkspaceWithUsers/properties/description/example,example,9,sha256-6a3a80ad810fe5b651341192cd493ce35ec4875dbe60d4fc51b93717445382be
/components/schemas/WorkspaceWithUsers/properties/id/example,example,16,sha256-d24d53bd4bc36e7a979eef68e47c2ae10ce30db97633a8ea5c5bcc10b44f0864
/components/schemas/WorkspaceWithUsers/properties/last_updated_at/example,example,30,sha256-2ccc0afb82ad83af0b9b0066ee683f65f1090dd2c2f1c4a4ddac56252569e8ea
/components/schemas/WorkspaceWithUsers/properties/name/example,example,13,sha256-0ece32086a811c0e6900f2a114facb2f2c6d0d36c153220d4774320901bb3856
/components/schemas/WorkspaceWithUsers/properties/slug/example,example,16,sha256-d24d53bd4bc36e7a979eef68e47c2ae10ce30db97633a8ea5c5bcc10b44f0864
/info/description,description,88,sha256-9db7b934b7679e34a36f66b8a9fb0dd77a994508b5bef5249d36a18b07ef3586
/paths/~1admin~1users/get/parameters/0/example,example,19,sha256-f5ddb044277452bc8c29fb615269538196cde48c72885c38bde5f8c4608ae7f6
/paths/~1admin~1users/get/parameters/1/example,example,1,sha256-6b86b273ff34fce19d6b804eff5a3f5747ada4eaa22f1d49c01e52ddb7875b4b
/paths/~1admin~1users/get/parameters/2/example,example,1,sha256-5feceb66ffc86f38d952786c6d696c79c2dbc239dd4e91b46729d73a27fb57e9
/paths/~1admin~1users/get/parameters/3/example,example,5,sha256-8c6976e5b5410415bde908bd4dee15dfb167a9c873fc4bb8a81f6f2ab448a918
/paths/~1admin~1users/get/parameters/4/example,example,11,sha256-0c7e6a405862e402eb76a70f8a26fc732d07c32931e9fae9ab1582911d2e8a3b
/paths/~1admin~1users/get/responses/200/content/application~1json/example,example,258,sha256-401eed4de241cf44cf91a35ab87679213bcedfd994d6fc885a9c3ca33d1d701f
/paths/~1admin~1users/get/responses/200/description,description,2,sha256-565339bc4d33d72817b583024112eb7f5cdf3e5eef0252d6ec1b9c9a94e12bb3
/paths/~1admin~1users/get/responses/200/headers/Content-Type/schema/example,example,16,sha256-bacb769b46f6d169fb227ea026550f411d46cbe66a9c2a6ba36449c8cf8e4dea
/paths/~1admin~1users/get/summary,summary,9,sha256-8fdd59c3d9f2448a225ac1a2d6ccd489847deb543253b3544144d34b165c6dff
/paths/~1admin~1users/get/x-code-samples,x-code-samples,1406,sha256-a262e882ece62ca21be16951662bf32d0c2229722a4cc8c2af0ed90f342d1d5e
/paths/~1admin~1users~1invites/get/parameters/0/example,example,1,sha256-6b86b273ff34fce19d6b804eff5a3f5747ada4eaa22f1d49c01e52ddb7875b4b
/paths/~1admin~1users~1invites/get/parameters/1/example,example,1,sha256-5feceb66ffc86f38d952786c6d696c79c2dbc239dd4e91b46729d73a27fb57e9
/paths/~1admin~1users~1invites/get/parameters/2/example,example,5,sha256-8c6976e5b5410415bde908bd4dee15dfb167a9c873fc4bb8a81f6f2ab448a918
/paths/~1admin~1users~1invites/get/parameters/3/example,example,11,sha256-0c7e6a405862e402eb76a70f8a26fc732d07c32931e9fae9ab1582911d2e8a3b
/paths/~1admin~1users~1invites/get/parameters/4/example,example,7,sha256-62a2fed3d6e08c44835fce71f02210b1ddabfb066e39edf1e6c261988f824dd3
/paths/~1admin~1users~1invites/get/responses/200/content/application~1json/example,example,366,sha256-0c65fa47dc5edca689550f8ae301b333cf788c39d9e84b4b5d3f2c12f26e73ac
/paths/~1admin~1users~1invites/get/responses/200/description,description,2,sha256-565339bc4d33d72817b583024112eb7f5cdf3e5eef0252d6ec1b9c9a94e12bb3
/paths/~1admin~1users~1invites/get/responses/200/headers/Content-Type/schema/example,example,16,sha256-bacb769b46f6d169fb227ea026550f411d46cbe66a9c2a6ba36449c8cf8e4dea
/paths/~1admin~1users~1invites/get/summary,summary,15,sha256-77a372fa08f347e9bf422a7f193e4edada76e4b403d6f61aca26e377865da33f
/paths/~1admin~1users~1invites/get/x-code-samples,x-code-samples,1685,sha256-9a4a3b01f1ab1c846a18fbe74ddcfc98f1be7825c5cf9351bf757dd212a2784e
/paths/~1admin~1users~1invites/post/description,description,44,sha256-73b9427aabab7a354eae1c045eb6ee25a4fa38d0d7493b36c66b34a094514827
/paths/~1admin~1users~1invites/post/responses/200/description,description,2,sha256-565339bc4d33d72817b583024112eb7f5cdf3e5eef0252d6ec1b9c9a94e12bb3
/paths/~1admin~1users~1invites/post/summary,summary,11,sha256-19fa22d99577c5be2df3903d7e4437232747cfadd763169cfd2747154ff8b2d0
/paths/~1admin~1users~1invites/post/x-code-samples,x-code-samples,3946,sha256-14faa32fa4d9c68378ea49791a22688cda5c38945c44f092c9bf82992070038a
/paths/~1admin~1users~1invites/servers/0/description,description,27,sha256-9836600675f763ce2598e0fee6eb5930d9d57a5978f92ff5c989028e9ded4ec4
/paths/~1admin~1users~1invites/servers/1/description,description,29,sha256-2cc2e58054c38bb2cdfd6bd2edcbd1018ee6934d126106c292611be1bb7b62d5
/paths/~1admin~1users~1invites~1{inviteId}/delete/responses/200/content/application~1json/example,example,3,sha256-ca3d163bab055381827226140568f3bef7eaac187cebd76878e0b63e9e442356
/paths/~1admin~1users~1invites~1{inviteId}/delete/responses/200/description,description,2,sha256-565339bc4d33d72817b583024112eb7f5cdf3e5eef0252d6ec1b9c9a94e12bb3
/paths/~1admin~1users~1invites~1{inviteId}/delete/responses/200/headers/Content-Type/schema/example,example,16,sha256-bacb769b46f6d169fb227ea026550f411d46cbe66a9c2a6ba36449c8cf8e4dea
/paths/~1admin~1users~1invites~1{inviteId}/delete/summary,summary,19,sha256-64db6fcbc4fe2ce9b2a8da26692b3c2aaf5aa5c9565e879b080928287cb4e508
/paths/~1admin~1users~1invites~1{inviteId}/delete/x-code-samples,x-code-samples,1644,sha256-d64defc9d3424c076926da3afbd1077f8a886e8c66bbae670eac8e53782aef7d
/paths/~1admin~1users~1invites~1{inviteId}/get/parameters/0/description,description,6,sha256-473287f8298dba7163a897908958f7c0eae733e25d2e027992ea2edc9bed2fa8
/paths/~1admin~1users~1invites~1{inviteId}/get/responses/200/content/application~1json/example,example,315,sha256-caae43000b26d8f4c7f318b324cf1f903aa177a2f644c886e9c6d66725e33ff4
/paths/~1admin~1users~1invites~1{inviteId}/get/responses/200/description,description,2,sha256-565339bc4d33d72817b583024112eb7f5cdf3e5eef0252d6ec1b9c9a94e12bb3
/paths/~1admin~1users~1invites~1{inviteId}/get/responses/200/headers/Content-Type/schema/example,example,16,sha256-bacb769b46f6d169fb227ea026550f411d46cbe66a9c2a6ba36449c8cf8e4dea
/paths/~1admin~1users~1invites~1{inviteId}/get/summary,summary,10,sha256-7db6468556ba9e0793f0fab4b41e80c6428e34bb96ce65ef1b43b94357219995
/paths/~1admin~1users~1invites~1{inviteId}/get/x-code-samples,x-code-samples,1626,sha256-27aed990022845a5b950475869a46cd8db6f21cf1e972ee0586528759035fc50
/paths/~1admin~1users~1invites~1{inviteId}/servers/0/description,description,27,sha256-9836600675f763ce2598e0fee6eb5930d9d57a5978f92ff5c989028e9ded4ec4
/paths/~1admin~1users~1invites~1{inviteId}/servers/1/description,description,29,sha256-2cc2e58054c38bb2cdfd6bd2edcbd1018ee6934d126106c292611be1bb7b62d5
/paths/~1admin~1users~1invites~1{inviteId}~1resend/post/description,description,46,sha256-44bbc12d1071e870afaf818a8cc3ecf8d739be9f6fb65e40d98597585c5b3eb8
/paths/~1admin~1users~1invites~1{inviteId}~1resend/post/responses/200/content/application~1json/example,example,59,sha256-6d24ccc3ef9064b7c9d9709f5092c18f39702cc0a5fa229f66e399e27f89faa0
/paths/~1admin~1users~1invites~1{inviteId}~1resend/post/responses/200/description,description,2,sha256-565339bc4d33d72817b583024112eb7f5cdf3e5eef0252d6ec1b9c9a94e12bb3
/paths/~1admin~1users~1invites~1{inviteId}~1resend/post/responses/200/headers/Content-Type/schema/example,example,16,sha256-bacb769b46f6d169fb227ea026550f411d46cbe66a9c2a6ba36449c8cf8e4dea
/paths/~1admin~1users~1invites~1{inviteId}~1resend/post/summary,summary,13,sha256-b5e6874d9eca7cf25f27035ba1ff3e2c94f249d1e1de201cb50dc7e701fe7725
/paths/~1admin~1users~1invites~1{inviteId}~1resend/post/x-code-samples,x-code-samples,1656,sha256-d097810b7b49c3beda9abb6e366786a555c57bd02dbbef4d6143be2405515cdc
/paths/~1admin~1users~1invites~1{inviteId}~1resend/servers/0/description,description,27,sha256-9836600675f763ce2598e0fee6eb5930d9d57a5978f92ff5c989028e9ded4ec4
/paths/~1admin~1users~1invites~1{inviteId}~1resend/servers/1/description,description,29,sha256-2cc2e58054c38bb2cdfd6bd2edcbd1018ee6934d126106c292611be1bb7b62d5
/paths/~1admin~1users~1{userId}/delete/responses/200/content/application~1json/example,example,3,sha256-ca3d163bab055381827226140568f3bef7eaac187cebd76878e0b63e9e442356
/paths/~1admin~1users~1{userId}/delete/responses/200/description,description,2,sha256-565339bc4d33d72817b583024112eb7f5cdf3e5eef0252d6ec1b9c9a94e12bb3
/paths/~1admin~1users~1{userId}/delete/responses/200/headers/Content-Type/schema/example,example,16,sha256-bacb769b46f6d169fb227ea026550f411d46cbe66a9c2a6ba36449c8cf8e4dea
/paths/~1admin~1users~1{userId}/delete/summary,summary,13,sha256-82ae17ce116983321028e5e25e5f86356d6fefb1391c1b89a6d8ba1f35fd57bb
/paths/~1admin~1users~1{userId}/delete/x-code-samples,x-code-samples,1550,sha256-54f35f23820e90eca3e1c89302a42db1154149e3c046ec490ed0394156be7fdc
/paths/~1admin~1users~1{userId}/get/responses/200/content/application~1json/example,example,245,sha256-4ef1878b0b62ecbb70f18bf7ccacafea688e0fd2ae56bd881a9ac9258dc488ea
/paths/~1admin~1users~1{userId}/get/responses/200/description,description,2,sha256-565339bc4d33d72817b583024112eb7f5cdf3e5eef0252d6ec1b9c9a94e12bb3
/paths/~1admin~1users~1{userId}/get/responses/200/headers/Content-Type/schema/example,example,16,sha256-bacb769b46f6d169fb227ea026550f411d46cbe66a9c2a6ba36449c8cf8e4dea
/paths/~1admin~1users~1{userId}/get/summary,summary,8,sha256-073430ad3a2330740b5cf8d6bda346d8e042edbde2313ed1fc52666cc77b7c9e
/paths/~1admin~1users~1{userId}/put/requestBody/content/application~1json/schema/example,example,12,sha256-79fb77f2f831283f40c0703df5431922904d09e430c6590e9cf1444e7c3adbf3
/paths/~1admin~1users~1{userId}/put/responses/200/content/application~1json/example,example,3,sha256-ca3d163bab055381827226140568f3bef7eaac187cebd76878e0b63e9e442356
/paths/~1admin~1users~1{userId}/put/responses/200/description,description,2,sha256-565339bc4d33d72817b583024112eb7f5cdf3e5eef0252d6ec1b9c9a94e12bb3
/paths/~1admin~1users~1{userId}/put/responses/200/headers/Content-Type/schema/example,example,16,sha256-bacb769b46f6d169fb227ea026550f411d46cbe66a9c2a6ba36449c8cf8e4dea
/paths/~1admin~1users~1{userId}/put/summary,summary,11,sha256-602b8b1607b0769dec3b925f97803545770d66ef472547819226dde9f93994be
/paths/~1admin~1users~1{userId}/put/x-code-samples,x-code-samples,1697,sha256-6353b1cb8e3af0c0a7f9a2ebdb963f901213519e203d02a740c75a1e2c508540
/paths/~1admin~1workspaces/get/parameters/0/example,example,1,sha256-6b86b273ff34fce19d6b804eff5a3f5747ada4eaa22f1d49c01e52ddb7875b4b
/paths/~1admin~1workspaces/get/parameters/1/example,example,1,sha256-5feceb66ffc86f38d952786c6d696c79c2dbc239dd4e91b46729d73a27fb57e9
/paths/~1admin~1workspaces/get/parameters/2/description,description,48,sha256-27ca2a3310d66c99f7913d466a4a5f409032877dbed5376b77f85f66167946f3
/paths/~1admin~1workspaces/get/parameters/2/example,example,9,sha256-21a3230e03772a58aff1b3709a9e232850916337e1fba95c434076b6668c6e08
/paths/~1admin~1workspaces/get/parameters/3/description,description,39,sha256-61ba8bad9c16595a9602d0741b81458c08c5d4ee8f7d384a63bd9f320797233b
/paths/~1admin~1workspaces/get/parameters/4/description,description,51,sha256-db10dc16d666858ae1a0d5f33347c64864735b07c194682bffe4dfbe31aa7c22
/paths/~1admin~1workspaces/get/parameters/4/example,example,15,sha256-3fdc3157d131d80c010fb9ff911206acd0fd06569c9b6aa32a8688d1ad46a53e
/paths/~1admin~1workspaces/get/responses/200/content/application~1json/example,example,420,sha256-b6e640aaf586e3e941218b8fb4db519421f67edf3195361b9424183a4034b640
/paths/~1admin~1workspaces/get/responses/200/description,description,2,sha256-565339bc4d33d72817b583024112eb7f5cdf3e5eef0252d6ec1b9c9a94e12bb3
/paths/~1admin~1workspaces/get/responses/200/headers/Content-Type/schema/example,example,16,sha256-bacb769b46f6d169fb227ea026550f411d46cbe66a9c2a6ba36449c8cf8e4dea
/paths/~1admin~1workspaces/get/summary,summary,18,sha256-032ed977cbd1e24d4e138a0dee0e311fed809f1622348a33a6feaa7347f313cc
/paths/~1admin~1workspaces/get/x-code-samples,x-code-samples,1379,sha256-d3ff6ec5d4718da11db0aa2711ed3ef675a85420f4f7c1507a19cbcf996a349f
/paths/~1admin~1workspaces/post/requestBody/content/application~1json/schema/example,example,110,sha256-cde45684967a5f6e5274937b17ba1772f7a1cdf4c2b8186af797c8ec02b52317
/paths/~1admin~1workspaces/post/responses/200/description,description,2,sha256-565339bc4d33d72817b583024112eb7f5cdf3e5eef0252d6ec1b9c9a94e12bb3
/paths/~1admin~1workspaces/post/responses/200/headers/Content-Type/schema/example,example,16,sha256-bacb769b46f6d169fb227ea026550f411d46cbe66a9c2a6ba36449c8cf8e4dea
/paths/~1admin~1workspaces/post/summary,summary,16,sha256-c63c14cff868fdc4cd86d61d142891d5bdd9eae589bcbde7445344a1c989a939
/paths/~1admin~1workspaces/post/x-code-samples,x-code-samples,2999,sha256-34f67272146a6de102b5204231874234b15c1cc5f6293bee202d8b5fd1d72269
/paths/~1admin~1workspaces/servers/0/description,description,27,sha256-9836600675f763ce2598e0fee6eb5930d9d57a5978f92ff5c989028e9ded4ec4
/paths/~1admin~1workspaces/servers/1/description,description,29,sha256-2cc2e58054c38bb2cdfd6bd2edcbd1018ee6934d126106c292611be1bb7b62d5
/paths/~1admin~1workspaces~1{workspaceId}/delete/responses/200/description,description,2,sha256-565339bc4d33d72817b583024112eb7f5cdf3e5eef0252d6ec1b9c9a94e12bb3
/paths/~1admin~1workspaces~1{workspaceId}/delete/summary,summary,18,sha256-21f442b5303923be84ec02be3dd2e3da448de474e04a3325c3379d7892b45cd9
/paths/~1admin~1workspaces~1{workspaceId}/delete/x-code-samples,x-code-samples,1679,sha256-354de74930d89b9f9ddb4526f203a3ef273e3e20c8b8e3770509fd54ccd974e5
/paths/~1admin~1workspaces~1{workspaceId}/get/responses/200/description,description,2,sha256-565339bc4d33d72817b583024112eb7f5cdf3e5eef0252d6ec1b9c9a94e12bb3
/paths/~1admin~1workspaces~1{workspaceId}/get/responses/200/headers/Content-Type/schema/example,example,16,sha256-bacb769b46f6d169fb227ea026550f411d46cbe66a9c2a6ba36449c8cf8e4dea
/paths/~1admin~1workspaces~1{workspaceId}/get/summary,summary,13,sha256-b11d8036d2d9439ad578e9ce607b7ec4dea9e71f7b7453a804e51ae78ea1c950
/paths/~1admin~1workspaces~1{workspaceId}/get/x-code-samples,x-code-samples,1702,sha256-04a8eb2b008efdc97859421200fda3f4d82ffb67b16ecaf8e042eec25c1e83d5
/paths/~1admin~1workspaces~1{workspaceId}/put/requestBody/content/application~1json/schema/example,example,82,sha256-5ba8ed24902b106de45c2aefbe2baf4067e68fb6854c2f33913828fa7d46cffa
/paths/~1admin~1workspaces~1{workspaceId}/put/requestBody/content/application~1json/schema/properties/defaults/properties/user_api_key_config/description,description,71,sha256-140e14672ded75be6b38ea3ad0284acb0192b0e3507bb1b4dd0bc774c7a178f4
/paths/~1admin~1workspaces~1{workspaceId}/put/responses/200/content/application~1json/example,example,3,sha256-ca3d163bab055381827226140568f3bef7eaac187cebd76878e0b63e9e442356
/paths/~1admin~1workspaces~1{workspaceId}/put/responses/200/description,description,2,sha256-565339bc4d33d72817b583024112eb7f5cdf3e5eef0252d6ec1b9c9a94e12bb3
/paths/~1admin~1workspaces~1{workspaceId}/put/responses/200/headers/Content-Type/schema/example,example,16,sha256-bacb769b46f6d169fb227ea026550f411d46cbe66a9c2a6ba36449c8cf8e4dea
/paths/~1admin~1workspaces~1{workspaceId}/put/summary,summary,16,sha256-c96a199b4f8e4c704d44f8eb18c3e3d7a89e40425964cbe3784ff51627e9fdb9
/paths/~1admin~1workspaces~1{workspaceId}/put/x-code-samples,x-code-samples,2483,sha256-19e3e1b06ad87c313e5d414bc35c901b909ed0503b41ec2b2a1127f175e3cf89
/paths/~1admin~1workspaces~1{workspaceId}/servers/0/description,description,27,sha256-9836600675f763ce2598e0fee6eb5930d9d57a5978f92ff5c989028e9ded4ec4
/paths/~1admin~1workspaces~1{workspaceId}/servers/1/description,description,29,sha256-2cc2e58054c38bb2cdfd6bd2edcbd1018ee6934d126106c292611be1bb7b62d5
/paths/~1admin~1workspaces~1{workspaceId}~1users/get/parameters/3/example,example,5,sha256-8c6976e5b5410415bde908bd4dee15dfb167a9c873fc4bb8a81f6f2ab448a918
/paths/~1admin~1workspaces~1{workspaceId}~1users/get/parameters/4/example,example,11,sha256-0c7e6a405862e402eb76a70f8a26fc732d07c32931e9fae9ab1582911d2e8a3b
/paths/~1admin~1workspaces~1{workspaceId}~1users/get/responses/200/description,description,2,sha256-565339bc4d33d72817b583024112eb7f5cdf3e5eef0252d6ec1b9c9a94e12bb3
/paths/~1admin~1workspaces~1{workspaceId}~1users/get/summary,summary,21,sha256-44d51120632202af6a7a56805839704328437bf1ffd7d6518f7520b5a2df281c
/paths/~1admin~1workspaces~1{workspaceId}~1users/get/x-code-samples,x-code-samples,1644,sha256-c5383bbcccfc7f569340fc0004de88adcfe5a45dd786b5f25a61473bc0ada963
/paths/~1admin~1workspaces~1{workspaceId}~1users/post/requestBody/content/application~1json/schema/example,example,123,sha256-1f5f113678680eb18a42b22072a9cf2ea5c2533df8e4feb5e3cbb266bd3c1269
/paths/~1admin~1workspaces~1{workspaceId}~1users/post/requestBody/content/application~1json/schema/properties/users/items/properties/id/example,example,36,sha256-1a12d9cce115a2c8dfeb6085aa0a3ad6c4eb0e0a4c4974bed51edbb0568d330f
/paths/~1admin~1workspaces~1{workspaceId}~1users/post/requestBody/content/application~1json/schema/properties/users/items/properties/role/example,example,6,sha256-e31ab643c44f7a0ec824b59d1194d60dac334200d845e61d2d289daa0f087ea4
/paths/~1admin~1workspaces~1{workspaceId}~1users/post/responses/200/content/application~1json/example,example,3,sha256-ca3d163bab055381827226140568f3bef7eaac187cebd76878e0b63e9e442356
/paths/~1admin~1workspaces~1{workspaceId}~1users/post/responses/200/description,description,2,sha256-565339bc4d33d72817b583024112eb7f5cdf3e5eef0252d6ec1b9c9a94e12bb3
/paths/~1admin~1workspaces~1{workspaceId}~1users/post/summary,summary,20,sha256-eeb9f840f350b634af1f4d803772f0fc8f1d31fb2493d2b461faa81dae37522a
/paths/~1admin~1workspaces~1{workspaceId}~1users/post/x-code-samples,x-code-samples,2236,sha256-4ce6d9262bcafa68b412cecaa9d843bd2940dd4e5eeee1fa15f8d1b47c7991d2
/paths/~1admin~1workspaces~1{workspaceId}~1users~1{userId}/delete/responses/200/content/application~1json/example,example,3,sha256-ca3d163bab055381827226140568f3bef7eaac187cebd76878e0b63e9e442356
/paths/~1admin~1workspaces~1{workspaceId}~1users~1{userId}/delete/responses/200/description,description,2,sha256-565339bc4d33d72817b583024112eb7f5cdf3e5eef0252d6ec1b9c9a94e12bb3
/paths/~1admin~1workspaces~1{workspaceId}~1users~1{userId}/delete/responses/200/headers/Content-Type/schema/example,example,16,sha256-bacb769b46f6d169fb227ea026550f411d46cbe66a9c2a6ba36449c8cf8e4dea
/paths/~1admin~1workspaces~1{workspaceId}~1users~1{userId}/delete/summary,summary,23,sha256-e61d315755b42715a6dd22c3c51832585f715d744ad020bba7ea2ad9bfc9cb06
/paths/~1admin~1workspaces~1{workspaceId}~1users~1{userId}/delete/x-code-samples,x-code-samples,1881,sha256-fec13e8d9a185694b9d254177fd762b35707d067bb2d934abede2c4c0ec65d7f
/paths/~1admin~1workspaces~1{workspaceId}~1users~1{userId}/get/responses/200/content/application~1json/example,example,661,sha256-8b5aa4ac207c12bf6699716b0a0ce23c2b4296e6108c48af2c39abbcb2b93404
/paths/~1admin~1workspaces~1{workspaceId}~1users~1{userId}/get/responses/200/description,description,2,sha256-565339bc4d33d72817b583024112eb7f5cdf3e5eef0252d6ec1b9c9a94e12bb3
/paths/~1admin~1workspaces~1{workspaceId}~1users~1{userId}/get/responses/200/headers/Content-Type/schema/example,example,16,sha256-bacb769b46f6d169fb227ea026550f411d46cbe66a9c2a6ba36449c8cf8e4dea
/paths/~1admin~1workspaces~1{workspaceId}~1users~1{userId}/get/summary,summary,10,sha256-904fb83b470f6d81e0b921fb5fadee3859c8f1415ac7f9e24ce10c4c5e9c8e6c
/paths/~1admin~1workspaces~1{workspaceId}~1users~1{userId}/get/x-code-samples,x-code-samples,1819,sha256-42b0fad59152c2cbb35b0dbe79b555424216c65a5be8139108be3fb19df15bbf
/paths/~1admin~1workspaces~1{workspaceId}~1users~1{userId}/put/requestBody/content/application~1json/schema/example,example,13,sha256-cbadce1ce835c66dc13639db7a4de6485a44f1d307cf78872ce0be91c62155bd
/paths/~1admin~1workspaces~1{workspaceId}~1users~1{userId}/put/responses/200/content/application~1json/example,example,3,sha256-ca3d163bab055381827226140568f3bef7eaac187cebd76878e0b63e9e442356
/paths/~1admin~1workspaces~1{workspaceId}~1users~1{userId}/put/responses/200/description,description,2,sha256-565339bc4d33d72817b583024112eb7f5cdf3e5eef0252d6ec1b9c9a94e12bb3
/paths/~1admin~1workspaces~1{workspaceId}~1users~1{userId}/put/responses/200/headers/Content-Type/schema/example,example,16,sha256-bacb769b46f6d169fb227ea026550f411d46cbe66a9c2a6ba36449c8cf8e4dea
/paths/~1admin~1workspaces~1{workspaceId}~1users~1{userId}/put/summary,summary,23,sha256-48665be154e7216ec3977f9b225135d63f9498c24d6f4734058b29ead886dfe4
/paths/~1admin~1workspaces~1{workspaceId}~1users~1{userId}/put/x-code-samples,x-code-samples,1996,sha256-0b784ca78b493920e30d71f165c877557471091d17febb5afafb8148d9e0afc1
/paths/~1admin~1workspaces~1{workspaceId}~1users~1{userId}/servers/0/description,description,27,sha256-9836600675f763ce2598e0fee6eb5930d9d57a5978f92ff5c989028e9ded4ec4
/paths/~1admin~1workspaces~1{workspaceId}~1users~1{userId}/servers/1/description,description,29,sha256-2cc2e58054c38bb2cdfd6bd2edcbd1018ee6934d126106c292611be1bb7b62d5
/paths/~1analytics~1graphs~1cache~1hit-rate/get/responses/200/content/application~1json/schema/properties/data_points/description,description,58,sha256-4a44d07d6f4566fd922e88a6968b20dead9153b46d4bfefb947598c7c73436cc
/paths/~1analytics~1graphs~1cache~1hit-rate/get/responses/200/content/application~1json/schema/properties/data_points/items/properties/cumulative_semantic_cache_savings/description,description,104,sha256-6bab26834c265275a8f0e2d098cec92c79d58fc708f07b2514939300ca00b3ad
/paths/~1analytics~1graphs~1cache~1hit-rate/get/responses/200/content/application~1json/schema/properties/data_points/items/properties/cumulative_simple_cache_savings/description,description,102,sha256-c78e82ac175aa972d046303cf0edc993b2a05bed7cbeefc58df84759a13e31e9
/paths/~1analytics~1graphs~1cache~1hit-rate/get/responses/200/content/application~1json/schema/properties/data_points/items/properties/rate/description,description,52,sha256-25ec4455ba81d93c66be50cf90216038331f5770a5efbb88c4bad441e0326d37
/paths/~1analytics~1graphs~1cache~1hit-rate/get/responses/200/content/application~1json/schema/properties/data_points/items/properties/semantic_hits/description,description,52,sha256-ff23d4c2a60b97b95bf1b934794dbbce436dbdaa23e23303df7976fe155362d9
/paths/~1analytics~1graphs~1cache~1hit-rate/get/responses/200/content/application~1json/schema/properties/data_points/items/properties/simple_hits/description,description,50,sha256-9b1895d8b6952ea2acdad39a1f5476a518187b0198d427b1f35e43b6fd503204
/paths/~1analytics~1graphs~1cache~1hit-rate/get/responses/200/content/application~1json/schema/properties/data_points/items/properties/timestamp/description,description,39,sha256-78f2a7ff4ef9ead1240b42ec1519f88cc546b07a32ea94cf9dd20248927831aa
/paths/~1analytics~1graphs~1cache~1hit-rate/get/responses/200/content/application~1json/schema/properties/object/description,description,33,sha256-8c49d983515576aca9284f1c12851500b623d67cf73fd18bc3b9eb8d149a5916
/paths/~1analytics~1graphs~1cache~1hit-rate/get/responses/200/content/application~1json/schema/properties/summary/properties/rate/description,description,48,sha256-0e09de7eb67ec0e0dc94c55bdeb8bc0a3704931c7be2b2184145e625be12b2e3
/paths/~1analytics~1graphs~1cache~1hit-rate/get/responses/200/content/application~1json/schema/properties/summary/properties/total/description,description,39,sha256-188f3a6becbcb970960e3f084b1525e1bb3f7e16f1a9d7ace9fae7397ab7064f
/paths/~1analytics~1graphs~1cache~1hit-rate/get/responses/200/description,description,2,sha256-565339bc4d33d72817b583024112eb7f5cdf3e5eef0252d6ec1b9c9a94e12bb3
/paths/~1analytics~1graphs~1cache~1hit-rate/get/responses/200/headers/Content-Type/schema/example,example,16,sha256-bacb769b46f6d169fb227ea026550f411d46cbe66a9c2a6ba36449c8cf8e4dea
/paths/~1analytics~1graphs~1cache~1hit-rate/get/summary,summary,24,sha256-2c35abac811f4c5d954bb159bb4e3609ab1590967f50645511579c006d1780cc
/paths/~1analytics~1graphs~1cache~1hit-rate/servers/0/description,description,27,sha256-9836600675f763ce2598e0fee6eb5930d9d57a5978f92ff5c989028e9ded4ec4
/paths/~1analytics~1graphs~1cache~1hit-rate/servers/1/description,description,29,sha256-2cc2e58054c38bb2cdfd6bd2edcbd1018ee6934d126106c292611be1bb7b62d5
/paths/~1analytics~1graphs~1cache~1latency/get/responses/200/content/application~1json/schema/properties/data_points/description,description,58,sha256-4a44d07d6f4566fd922e88a6968b20dead9153b46d4bfefb947598c7c73436cc
/paths/~1analytics~1graphs~1cache~1latency/get/responses/200/content/application~1json/schema/properties/data_points/items/properties/avg/description,description,64,sha256-b7f764baa3089753161cece1401b7055f07ca958339f52db3985d2e1696f17c4
/paths/~1analytics~1graphs~1cache~1latency/get/responses/200/content/application~1json/schema/properties/data_points/items/properties/timestamp/description,description,39,sha256-78f2a7ff4ef9ead1240b42ec1519f88cc546b07a32ea94cf9dd20248927831aa
/paths/~1analytics~1graphs~1cache~1latency/get/responses/200/content/application~1json/schema/properties/object/description,description,33,sha256-8c49d983515576aca9284f1c12851500b623d67cf73fd18bc3b9eb8d149a5916
/paths/~1analytics~1graphs~1cache~1latency/get/responses/200/description,description,2,sha256-565339bc4d33d72817b583024112eb7f5cdf3e5eef0252d6ec1b9c9a94e12bb3
/paths/~1analytics~1graphs~1cache~1latency/get/responses/200/headers/Content-Type/schema/example,example,16,sha256-bacb769b46f6d169fb227ea026550f411d46cbe66a9c2a6ba36449c8cf8e4dea
/paths/~1analytics~1graphs~1cache~1latency/get/summary,summary,27,sha256-66e548630b8b32b1b9f1e1cd300f9716075d2440eeb569960a9461b08b934eca
/paths/~1analytics~1graphs~1cache~1latency/servers/0/description,description,27,sha256-9836600675f763ce2598e0fee6eb5930d9d57a5978f92ff5c989028e9ded4ec4
/paths/~1analytics~1graphs~1cache~1latency/servers/1/description,description,29,sha256-2cc2e58054c38bb2cdfd6bd2edcbd1018ee6934d126106c292611be1bb7b62d5
/paths/~1analytics~1graphs~1cost/get/responses/200/content/application~1json/schema/properties/data_points/description,description,58,sha256-4a44d07d6f4566fd922e88a6968b20dead9153b46d4bfefb947598c7c73436cc
/paths/~1analytics~1graphs~1cost/get/responses/200/content/application~1json/schema/properties/data_points/items/properties/avg/description,description,51,sha256-0d38c09ce4fa02dee9d41124bd6b77aab8c0e86712b31d89bc736b7cd050f532
/paths/~1analytics~1graphs~1cost/get/responses/200/content/application~1json/schema/properties/data_points/items/properties/timestamp/description,description,39,sha256-78f2a7ff4ef9ead1240b42ec1519f88cc546b07a32ea94cf9dd20248927831aa
/paths/~1analytics~1graphs~1cost/get/responses/200/content/application~1json/schema/properties/data_points/items/properties/total/description,description,46,sha256-5a616c0b155a00313042a3dc58ad810883c43e9d99f598cf4d87e927cbd9d54c
/paths/~1analytics~1graphs~1cost/get/responses/200/content/application~1json/schema/properties/object/description,description,33,sha256-8c49d983515576aca9284f1c12851500b623d67cf73fd18bc3b9eb8d149a5916
/paths/~1analytics~1graphs~1cost/get/responses/200/content/application~1json/schema/properties/summary/properties/avg/description,description,47,sha256-4b13e4125fd6d47ae5897d0ef34d60d646d69f925c091293d83abc479172f6f7
/paths/~1analytics~1graphs~1cost/get/responses/200/content/application~1json/schema/properties/summary/properties/total/description,description,42,sha256-0123b9186edbff9fb861bcf25cb9885627039303fdebf06fd5edb24ad2911e65
/paths/~1analytics~1graphs~1cost/get/responses/200/description,description,2,sha256-565339bc4d33d72817b583024112eb7f5cdf3e5eef0252d6ec1b9c9a94e12bb3
/paths/~1analytics~1graphs~1cost/get/responses/200/headers/Content-Type/schema/example,example,16,sha256-bacb769b46f6d169fb227ea026550f411d46cbe66a9c2a6ba36449c8cf8e4dea
/paths/~1analytics~1graphs~1cost/get/summary,summary,14,sha256-eeec486960acb43f064993d30fd9f00ae4a696f7cda715529e411513decadb8c
/paths/~1analytics~1graphs~1cost/servers/0/description,description,27,sha256-9836600675f763ce2598e0fee6eb5930d9d57a5978f92ff5c989028e9ded4ec4
/paths/~1analytics~1graphs~1cost/servers/1/description,description,29,sha256-2cc2e58054c38bb2cdfd6bd2edcbd1018ee6934d126106c292611be1bb7b62d5
/paths/~1analytics~1graphs~1errors/get/responses/200/content/application~1json/schema/properties/data_points/description,description,58,sha256-4a44d07d6f4566fd922e88a6968b20dead9153b46d4bfefb947598c7c73436cc
/paths/~1analytics~1graphs~1errors/get/responses/200/content/application~1json/schema/properties/data_points/items/properties/timestamp/description,description,39,sha256-78f2a7ff4ef9ead1240b42ec1519f88cc546b07a32ea94cf9dd20248927831aa
/paths/~1analytics~1graphs~1errors/get/responses/200/content/application~1json/schema/properties/data_points/items/properties/total/description,description,35,sha256-9d2bee9fbd5f4f7f075dfb862ab7e4fdea89df1fee1e67ae89998800e04e9b74
/paths/~1analytics~1graphs~1errors/get/responses/200/content/application~1json/schema/properties/object/description,description,33,sha256-8c49d983515576aca9284f1c12851500b623d67cf73fd18bc3b9eb8d149a5916
/paths/~1analytics~1graphs~1errors/get/responses/200/content/application~1json/schema/properties/summary/properties/total/description,description,35,sha256-a245b65406390da347cf005cf5cddadaeaecd417458c6ebe58d31835c88cb7df
/paths/~1analytics~1graphs~1errors/get/responses/200/description,description,2,sha256-565339bc4d33d72817b583024112eb7f5cdf3e5eef0252d6ec1b9c9a94e12bb3
/paths/~1analytics~1graphs~1errors/get/responses/200/headers/Content-Type/schema/example,example,16,sha256-bacb769b46f6d169fb227ea026550f411d46cbe66a9c2a6ba36449c8cf8e4dea
/paths/~1analytics~1graphs~1errors/get/summary,summary,16,sha256-c56e9b81470c536c75a181905f9a11b6716c16ddb57fd4396c0c2895fd203b92
/paths/~1analytics~1graphs~1errors/servers/0/description,description,27,sha256-9836600675f763ce2598e0fee6eb5930d9d57a5978f92ff5c989028e9ded4ec4
/paths/~1analytics~1graphs~1errors/servers/1/description,description,29,sha256-2cc2e58054c38bb2cdfd6bd2edcbd1018ee6934d126106c292611be1bb7b62d5
/paths/~1analytics~1graphs~1errors~1rate/get/responses/200/content/application~1json/schema/properties/data_points/description,description,58,sha256-4a44d07d6f4566fd922e88a6968b20dead9153b46d4bfefb947598c7c73436cc
/paths/~1analytics~1graphs~1errors~1rate/get/responses/200/content/application~1json/schema/properties/data_points/items/properties/rate/description,description,48,sha256-979424f9d21940e0c771a7a839e47427cc4d68c4bb0c337e474d58e1f0539ed6
/paths/~1analytics~1graphs~1errors~1rate/get/responses/200/content/application~1json/schema/properties/data_points/items/properties/timestamp/description,description,39,sha256-78f2a7ff4ef9ead1240b42ec1519f88cc546b07a32ea94cf9dd20248927831aa
/paths/~1analytics~1graphs~1errors~1rate/get/responses/200/content/application~1json/schema/properties/object/description,description,33,sha256-8c49d983515576aca9284f1c12851500b623d67cf73fd18bc3b9eb8d149a5916
/paths/~1analytics~1graphs~1errors~1rate/get/responses/200/content/application~1json/schema/properties/summary/properties/rate/description,description,44,sha256-4beaf91d1844df5df325111986eee6476a89a910f7714f75b79b25cc82b03a9e
/paths/~1analytics~1graphs~1errors~1rate/get/responses/200/description,description,2,sha256-565339bc4d33d72817b583024112eb7f5cdf3e5eef0252d6ec1b9c9a94e12bb3
/paths/~1analytics~1graphs~1errors~1rate/get/responses/200/headers/Content-Type/schema/example,example,16,sha256-bacb769b46f6d169fb227ea026550f411d46cbe66a9c2a6ba36449c8cf8e4dea
/paths/~1analytics~1graphs~1errors~1rate/get/summary,summary,31,sha256-6fea2ad3af1e93af336a6684e6bf736373897db48a774b8f8a192129c3cbe6d8
/paths/~1analytics~1graphs~1errors~1rate/servers/0/description,description,27,sha256-9836600675f763ce2598e0fee6eb5930d9d57a5978f92ff5c989028e9ded4ec4
/paths/~1analytics~1graphs~1errors~1rate/servers/1/description,description,29,sha256-2cc2e58054c38bb2cdfd6bd2edcbd1018ee6934d126106c292611be1bb7b62d5
/paths/~1analytics~1graphs~1errors~1stacks/get/responses/200/content/application~1json/schema/properties/data_points/description,description,58,sha256-4a44d07d6f4566fd922e88a6968b20dead9153b46d4bfefb947598c7c73436cc
/paths/~1analytics~1graphs~1errors~1stacks/get/responses/200/content/application~1json/schema/properties/data_points/items/properties/stats/items/properties/count/description,description,45,sha256-acf1e533b4c56bd56e2014ccfee2b28cd34276618cea88b181e71644bbcf0cfa
/paths/~1analytics~1graphs~1errors~1stacks/get/responses/200/content/application~1json/schema/properties/data_points/items/properties/stats/items/properties/response_status_code/description,description,20,sha256-e572cecaef61d1cdaee88110ec1a82b48ab8cca4d375cde64f6efb308f161c4a
/paths/~1analytics~1graphs~1errors~1stacks/get/responses/200/content/application~1json/schema/properties/data_points/items/properties/timestamp/description,description,39,sha256-78f2a7ff4ef9ead1240b42ec1519f88cc546b07a32ea94cf9dd20248927831aa
/paths/~1analytics~1graphs~1errors~1stacks/get/responses/200/content/application~1json/schema/properties/object/description,description,33,sha256-8c49d983515576aca9284f1c12851500b623d67cf73fd18bc3b9eb8d149a5916
/paths/~1analytics~1graphs~1errors~1stacks/get/responses/200/content/application~1json/schema/properties/summary/properties/total/description,description,35,sha256-a245b65406390da347cf005cf5cddadaeaecd417458c6ebe58d31835c88cb7df
/paths/~1analytics~1graphs~1errors~1stacks/get/responses/200/description,description,2,sha256-565339bc4d33d72817b583024112eb7f5cdf3e5eef0252d6ec1b9c9a94e12bb3
/paths/~1analytics~1graphs~1errors~1stacks/get/responses/200/headers/Content-Type/schema/example,example,16,sha256-bacb769b46f6d169fb227ea026550f411d46cbe66a9c2a6ba36449c8cf8e4dea
/paths/~1analytics~1graphs~1errors~1stacks/get/summary,summary,40,sha256-049f67293fbe2eb1c3024bf56d0a6361385200ee54e22e5dbefd50273bdab4e4
/paths/~1analytics~1graphs~1errors~1stacks/servers/0/description,description,27,sha256-9836600675f763ce2598e0fee6eb5930d9d57a5978f92ff5c989028e9ded4ec4
/paths/~1analytics~1graphs~1errors~1stacks/servers/1/description,description,29,sha256-2cc2e58054c38bb2cdfd6bd2edcbd1018ee6934d126106c292611be1bb7b62d5
/paths/~1analytics~1graphs~1errors~1status-codes/get/responses/200/content/application~1json/schema/properties/data_points/description,description,58,sha256-4a44d07d6f4566fd922e88a6968b20dead9153b46d4bfefb947598c7c73436cc
/paths/~1analytics~1graphs~1errors~1status-codes/get/responses/200/content/application~1json/schema/properties/data_points/items/properties/count/description,description,39,sha256-93d5bead87e587c42dcd0977c6b6d392df7c3c1d4bc22fec9d309719af09ed27
/paths/~1analytics~1graphs~1errors~1status-codes/get/responses/200/content/application~1json/schema/properties/data_points/items/properties/status_code/description,description,20,sha256-e572cecaef61d1cdaee88110ec1a82b48ab8cca4d375cde64f6efb308f161c4a
/paths/~1analytics~1graphs~1errors~1status-codes/get/responses/200/content/application~1json/schema/properties/object/description,description,33,sha256-8c49d983515576aca9284f1c12851500b623d67cf73fd18bc3b9eb8d149a5916
/paths/~1analytics~1graphs~1errors~1status-codes/get/responses/200/content/application~1json/schema/properties/summary/properties/total_errors/description,description,35,sha256-a245b65406390da347cf005cf5cddadaeaecd417458c6ebe58d31835c88cb7df
/paths/~1analytics~1graphs~1errors~1status-codes/get/responses/200/content/application~1json/schema/properties/summary/properties/unique_error_codes/description,description,41,sha256-035343a66c3d7cb4208b3d05d22d03424e3fd1d9319f72557c5d25c6d81a133a
/paths/~1analytics~1graphs~1errors~1status-codes/get/responses/200/description,description,2,sha256-565339bc4d33d72817b583024112eb7f5cdf3e5eef0252d6ec1b9c9a94e12bb3
/paths/~1analytics~1graphs~1errors~1status-codes/get/responses/200/headers/Content-Type/schema/example,example,16,sha256-bacb769b46f6d169fb227ea026550f411d46cbe66a9c2a6ba36449c8cf8e4dea
/paths/~1analytics~1graphs~1errors~1status-codes/get/summary,summary,41,sha256-2336f93e792cf20779c2f83e84296d5323124212e21e22668b3698abe7701885
/paths/~1analytics~1graphs~1errors~1status-codes/servers/0/description,description,27,sha256-9836600675f763ce2598e0fee6eb5930d9d57a5978f92ff5c989028e9ded4ec4
/paths/~1analytics~1graphs~1errors~1status-codes/servers/1/description,description,29,sha256-2cc2e58054c38bb2cdfd6bd2edcbd1018ee6934d126106c292611be1bb7b62d5
/paths/~1analytics~1graphs~1feedbacks/get/responses/200/content/application~1json/schema/properties/data_points/description,description,58,sha256-4a44d07d6f4566fd922e88a6968b20dead9153b46d4bfefb947598c7c73436cc
/paths/~1analytics~1graphs~1feedbacks/get/responses/200/content/application~1json/schema/properties/data_points/items/properties/timestamp/description,description,39,sha256-78f2a7ff4ef9ead1240b42ec1519f88cc546b07a32ea94cf9dd20248927831aa
/paths/~1analytics~1graphs~1feedbacks/get/responses/200/content/application~1json/schema/properties/data_points/items/properties/total/description,description,42,sha256-6c45c9a9025ceb586e97959513f72caca239c74077072e0d32b3cb7ccae83a56
/paths/~1analytics~1graphs~1feedbacks/get/responses/200/content/application~1json/schema/properties/object/description,description,33,sha256-8c49d983515576aca9284f1c12851500b623d67cf73fd18bc3b9eb8d149a5916
/paths/~1analytics~1graphs~1feedbacks/get/responses/200/content/application~1json/schema/properties/summary/properties/total/description,description,38,sha256-27ea6c0dfeed674f4cfb39df30a92f5d97593736afe341bca33dc82ea7f802b7
/paths/~1analytics~1graphs~1feedbacks/get/responses/200/description,description,2,sha256-565339bc4d33d72817b583024112eb7f5cdf3e5eef0252d6ec1b9c9a94e12bb3
/paths/~1analytics~1graphs~1feedbacks/get/responses/200/headers/Content-Type/schema/example,example,16,sha256-bacb769b46f6d169fb227ea026550f411d46cbe66a9c2a6ba36449c8cf8e4dea
/paths/~1analytics~1graphs~1feedbacks/get/summary,summary,19,sha256-b5a9c11bad23edf3825982b412df12f704973ac2846099f6aa95dd5f4530e875
/paths/~1analytics~1graphs~1feedbacks/servers/0/description,description,27,sha256-9836600675f763ce2598e0fee6eb5930d9d57a5978f92ff5c989028e9ded4ec4
/paths/~1analytics~1graphs~1feedbacks/servers/1/description,description,29,sha256-2cc2e58054c38bb2cdfd6bd2edcbd1018ee6934d126106c292611be1bb7b62d5
/paths/~1analytics~1graphs~1feedbacks~1ai-models/get/responses/200/content/application~1json/schema/properties/data_points/description,description,58,sha256-4a44d07d6f4566fd922e88a6968b20dead9153b46d4bfefb947598c7c73436cc
/paths/~1analytics~1graphs~1feedbacks~1ai-models/get/responses/200/content/application~1json/schema/properties/data_points/items/properties/ai_model/description,description,46,sha256-7c0e95fa7bf883e958626d77f4d39bacccbf2fe434def35079970f239f9ab999
/paths/~1analytics~1graphs~1feedbacks~1ai-models/get/responses/200/content/application~1json/schema/properties/data_points/items/properties/avg_weighted_feedback/description,description,52,sha256-ae7afa8912e3240cbdc57e29ec42ca80741acfc867f46eadf87f77a05fa40984
/paths/~1analytics~1graphs~1feedbacks~1ai-models/get/responses/200/content/application~1json/schema/properties/data_points/items/properties/total/description,description,42,sha256-25693c3632e99cf123aaf68c9c611f53d6ccacfba967a3ba7ee0cd3915933080
/paths/~1analytics~1graphs~1feedbacks~1ai-models/get/responses/200/content/application~1json/schema/properties/object/description,description,33,sha256-8c49d983515576aca9284f1c12851500b623d67cf73fd18bc3b9eb8d149a5916
/paths/~1analytics~1graphs~1feedbacks~1ai-models/get/responses/200/description,description,2,sha256-565339bc4d33d72817b583024112eb7f5cdf3e5eef0252d6ec1b9c9a94e12bb3
/paths/~1analytics~1graphs~1feedbacks~1ai-models/get/responses/200/headers/Content-Type/schema/example,example,16,sha256-bacb769b46f6d169fb227ea026550f411d46cbe66a9c2a6ba36449c8cf8e4dea
/paths/~1analytics~1graphs~1feedbacks~1ai-models/get/summary,summary,33,sha256-5f6474eeaf969c14599e8a02035d06d7b9d709776d0f194d6a9e8c5841ba11c5
/paths/~1analytics~1graphs~1feedbacks~1ai-models/servers/0/description,description,27,sha256-9836600675f763ce2598e0fee6eb5930d9d57a5978f92ff5c989028e9ded4ec4
/paths/~1analytics~1graphs~1feedbacks~1ai-models/servers/1/description,description,29,sha256-2cc2e58054c38bb2cdfd6bd2edcbd1018ee6934d126106c292611be1bb7b62d5
/paths/~1analytics~1graphs~1feedbacks~1scores/get/responses/200/content/application~1json/schema/properties/data_points/description,description,58,sha256-4a44d07d6f4566fd922e88a6968b20dead9153b46d4bfefb947598c7c73436cc
/paths/~1analytics~1graphs~1feedbacks~1scores/get/responses/200/content/application~1json/schema/properties/data_points/items/properties/score/description,description,44,sha256-e091ecdc78cdb1508656c995fa621c72fc761346edc173f0ca180391655832e1
/paths/~1analytics~1graphs~1feedbacks~1scores/get/responses/200/content/application~1json/schema/properties/data_points/items/properties/total/description,description,39,sha256-87da96128df4ff53cd8e4c137e238d827a9ccb2146110a1bff4aa6c1ce4380ac
/paths/~1analytics~1graphs~1feedbacks~1scores/get/responses/200/content/application~1json/schema/properties/object/description,description,33,sha256-8c49d983515576aca9284f1c12851500b623d67cf73fd18bc3b9eb8d149a5916
/paths/~1analytics~1graphs~1feedbacks~1scores/get/responses/200/content/application~1json/schema/properties/summary/properties/total/description,description,38,sha256-27ea6c0dfeed674f4cfb39df30a92f5d97593736afe341bca33dc82ea7f802b7
/paths/~1analytics~1graphs~1feedbacks~1scores/get/responses/200/description,description,2,sha256-565339bc4d33d72817b583024112eb7f5cdf3e5eef0252d6ec1b9c9a94e12bb3
/paths/~1analytics~1graphs~1feedbacks~1scores/get/responses/200/headers/Content-Type/schema/example,example,16,sha256-bacb769b46f6d169fb227ea026550f411d46cbe66a9c2a6ba36449c8cf8e4dea
/paths/~1analytics~1graphs~1feedbacks~1scores/get/summary,summary,43,sha256-a0476d42e27f1d925e31f579ed741ad731181f573d8e8c289758dc378c7ec309
/paths/~1analytics~1graphs~1feedbacks~1scores/servers/0/description,description,27,sha256-9836600675f763ce2598e0fee6eb5930d9d57a5978f92ff5c989028e9ded4ec4
/paths/~1analytics~1graphs~1feedbacks~1scores/servers/1/description,description,29,sha256-2cc2e58054c38bb2cdfd6bd2edcbd1018ee6934d126106c292611be1bb7b62d5
/paths/~1analytics~1graphs~1feedbacks~1weighted/get/responses/200/content/application~1json/schema/properties/data_points/description,description,58,sha256-4a44d07d6f4566fd922e88a6968b20dead9153b46d4bfefb947598c7c73436cc
/paths/~1analytics~1graphs~1feedbacks~1weighted/get/responses/200/content/application~1json/schema/properties/data_points/items/properties/avg/description,description,52,sha256-05830eaed3da4d7f4268b360c47c39649a0f1a9bc748b64da65d13b8df88ec88
/paths/~1analytics~1graphs~1feedbacks~1weighted/get/responses/200/content/application~1json/schema/properties/data_points/items/properties/timestamp/description,description,39,sha256-78f2a7ff4ef9ead1240b42ec1519f88cc546b07a32ea94cf9dd20248927831aa
/paths/~1analytics~1graphs~1feedbacks~1weighted/get/responses/200/content/application~1json/schema/properties/object/description,description,33,sha256-8c49d983515576aca9284f1c12851500b623d67cf73fd18bc3b9eb8d149a5916
/paths/~1analytics~1graphs~1feedbacks~1weighted/get/responses/200/content/application~1json/schema/properties/summary/properties/avg/description,description,48,sha256-a057c58b2f2c322fed499688e5a588f49fb571238312045a9614d88f2fa5aa0d
/paths/~1analytics~1graphs~1feedbacks~1weighted/get/responses/200/description,description,2,sha256-565339bc4d33d72817b583024112eb7f5cdf3e5eef0252d6ec1b9c9a94e12bb3
/paths/~1analytics~1graphs~1feedbacks~1weighted/get/responses/200/headers/Content-Type/schema/example,example,16,sha256-bacb769b46f6d169fb227ea026550f411d46cbe66a9c2a6ba36449c8cf8e4dea
/paths/~1analytics~1graphs~1feedbacks~1weighted/get/summary,summary,66,sha256-e8263aab70a696c6964788e3abfa7f244523d7a27bdc15d0c9fafa88a137a155
/paths/~1analytics~1graphs~1feedbacks~1weighted/servers/0/description,description,27,sha256-9836600675f763ce2598e0fee6eb5930d9d57a5978f92ff5c989028e9ded4ec4
/paths/~1analytics~1graphs~1feedbacks~1weighted/servers/1/description,description,29,sha256-2cc2e58054c38bb2cdfd6bd2edcbd1018ee6934d126106c292611be1bb7b62d5
/paths/~1analytics~1graphs~1latency/get/responses/200/content/application~1json/schema/properties/data_points/description,description,58,sha256-4a44d07d6f4566fd922e88a6968b20dead9153b46d4bfefb947598c7c73436cc
/paths/~1analytics~1graphs~1latency/get/responses/200/content/application~1json/schema/properties/data_points/items/properties/avg/description,description,48,sha256-5e049b38667297fa6adfc96f9eb3921799c0c6c420726843ffd8a8e1f38753b5
/paths/~1analytics~1graphs~1latency/get/responses/200/content/application~1json/schema/properties/data_points/items/properties/p50/description,description,56,sha256-b4e160f5a61aa28eb89257590ff2b5551cf78f274a130f31bf80da29a3218d6d
/paths/~1analytics~1graphs~1latency/get/responses/200/content/application~1json/schema/properties/data_points/items/properties/p90/description,description,56,sha256-138f1a18fa4ad70af39358d91913cc9d4e88ff4616442a9d5690c0d76da7429e
/paths/~1analytics~1graphs~1latency/get/responses/200/content/application~1json/schema/properties/data_points/items/properties/p99/description,description,56,sha256-ce75fb00325c5a5ca224abcbf8766ce6785a10ee74c9dcb1d9d60359169a891b
/paths/~1analytics~1graphs~1latency/get/responses/200/content/application~1json/schema/properties/data_points/items/properties/timestamp/description,description,39,sha256-78f2a7ff4ef9ead1240b42ec1519f88cc546b07a32ea94cf9dd20248927831aa
/paths/~1analytics~1graphs~1latency/get/responses/200/content/application~1json/schema/properties/object/description,description,33,sha256-8c49d983515576aca9284f1c12851500b623d67cf73fd18bc3b9eb8d149a5916
/paths/~1analytics~1graphs~1latency/get/responses/200/content/application~1json/schema/properties/summary/properties/avg/description,description,44,sha256-c2d5d6489e0f120c4b2c01a8f1d0c662a81f9925c08cafa371792fd3945fb951
/paths/~1analytics~1graphs~1latency/get/responses/200/content/application~1json/schema/properties/summary/properties/p50/description,description,52,sha256-35c25b16de485d21f170ac9949853cd4a8a447bc69a8e8456ad478d748e89125
/paths/~1analytics~1graphs~1latency/get/responses/200/content/application~1json/schema/properties/summary/properties/p90/description,description,52,sha256-726cd951ab02e079d7b2d5056f19fa6b2259918465ffde7a99f9b5dd432ff6eb
/paths/~1analytics~1graphs~1latency/get/responses/200/content/application~1json/schema/properties/summary/properties/p99/description,description,52,sha256-84e020dab86e354205c2f7276bad51246018150866441f63a4f0010dcd5aa085
/paths/~1analytics~1graphs~1latency/get/responses/200/description,description,2,sha256-565339bc4d33d72817b583024112eb7f5cdf3e5eef0252d6ec1b9c9a94e12bb3
/paths/~1analytics~1graphs~1latency/get/responses/200/headers/Content-Type/schema/example,example,16,sha256-bacb769b46f6d169fb227ea026550f411d46cbe66a9c2a6ba36449c8cf8e4dea
/paths/~1analytics~1graphs~1latency/get/summary,summary,17,sha256-7b18bee5b69f6098e8cca76eee48f4eb8c6f6e3e9763abd69a23d0cd2361d36c
/paths/~1analytics~1graphs~1latency/servers/0/description,description,27,sha256-9836600675f763ce2598e0fee6eb5930d9d57a5978f92ff5c989028e9ded4ec4
/paths/~1analytics~1graphs~1latency/servers/1/description,description,29,sha256-2cc2e58054c38bb2cdfd6bd2edcbd1018ee6934d126106c292611be1bb7b62d5
/paths/~1analytics~1graphs~1requests/get/responses/200/content/application~1json/schema/properties/data_points/items/description,description,58,sha256-4a44d07d6f4566fd922e88a6968b20dead9153b46d4bfefb947598c7c73436cc
/paths/~1analytics~1graphs~1requests/get/responses/200/content/application~1json/schema/properties/data_points/items/properties/timestamp/description,description,39,sha256-78f2a7ff4ef9ead1240b42ec1519f88cc546b07a32ea94cf9dd20248927831aa
/paths/~1analytics~1graphs~1requests/get/responses/200/content/application~1json/schema/properties/data_points/items/properties/total/description,description,41,sha256-38ef23e57594c89a10fe6b33c12cd204fca308cd137f130b1caa1c5f06c5be99
/paths/~1analytics~1graphs~1requests/get/responses/200/content/application~1json/schema/properties/object/description,description,33,sha256-8c49d983515576aca9284f1c12851500b623d67cf73fd18bc3b9eb8d149a5916
/paths/~1analytics~1graphs~1requests/get/responses/200/content/application~1json/schema/properties/summary/properties/total/description,description,37,sha256-5f4a5a74c656f54f5215d21948c6cdbe934efcfd6eeab8a36c82c6f3462068b9
/paths/~1analytics~1graphs~1requests/get/responses/200/description,description,2,sha256-565339bc4d33d72817b583024112eb7f5cdf3e5eef0252d6ec1b9c9a94e12bb3
/paths/~1analytics~1graphs~1requests/get/responses/200/headers/Content-Type/schema/example,example,16,sha256-bacb769b46f6d169fb227ea026550f411d46cbe66a9c2a6ba36449c8cf8e4dea
/paths/~1analytics~1graphs~1requests/get/summary,summary,18,sha256-0f6cfd6d7ab6c001bc81a8bd499c6ed86bcf2872a1af2c30b34d1110518c417d
/paths/~1analytics~1graphs~1requests/servers/0/description,description,27,sha256-9836600675f763ce2598e0fee6eb5930d9d57a5978f92ff5c989028e9ded4ec4
/paths/~1analytics~1graphs~1requests/servers/1/description,description,29,sha256-2cc2e58054c38bb2cdfd6bd2edcbd1018ee6934d126106c292611be1bb7b62d5
/paths/~1analytics~1graphs~1requests~1rescued/get/responses/200/content/application~1json/schema/properties/data_points/description,description,58,sha256-4a44d07d6f4566fd922e88a6968b20dead9153b46d4bfefb947598c7c73436cc
/paths/~1analytics~1graphs~1requests~1rescued/get/responses/200/content/application~1json/schema/properties/data_points/items/properties/fallback/description,description,64,sha256-b62fbf33cdb42140b2687c4c9746fe2ca361a21802c319f42a963be3c914ab29
/paths/~1analytics~1graphs~1requests~1rescued/get/responses/200/content/application~1json/schema/properties/data_points/items/properties/retry/items/properties/count/description,description,44,sha256-1648a9210741ce0cee2e1b91d700953a6d44cc9ce147c2ff7f849adbe9520f3b
/paths/~1analytics~1graphs~1requests~1rescued/get/responses/200/content/application~1json/schema/properties/data_points/items/properties/retry/items/properties/retry_success_count/description,description,52,sha256-33add9b53a451efd1db69cab25f096d7857dd87698ec4b77c27f72538292271a
/paths/~1analytics~1graphs~1requests~1rescued/get/responses/200/content/application~1json/schema/properties/data_points/items/properties/timestamp/description,description,39,sha256-78f2a7ff4ef9ead1240b42ec1519f88cc546b07a32ea94cf9dd20248927831aa
/paths/~1analytics~1graphs~1requests~1rescued/get/responses/200/content/application~1json/schema/properties/object/description,description,33,sha256-8c49d983515576aca9284f1c12851500b623d67cf73fd18bc3b9eb8d149a5916
/paths/~1analytics~1graphs~1requests~1rescued/get/responses/200/content/application~1json/schema/properties/summary/properties/fallback/description,description,60,sha256-132a24600792826ffadf6427b5c54d153dd8e4df0c00d79b156b948ffa604fd4
/paths/~1analytics~1graphs~1requests~1rescued/get/responses/200/content/application~1json/schema/properties/summary/properties/retry/description,description,59,sha256-07b81c737d29777d959f18bdfc701aef64cb22062927d2b724d0c00db97b627e
/paths/~1analytics~1graphs~1requests~1rescued/get/responses/200/description,description,2,sha256-565339bc4d33d72817b583024112eb7f5cdf3e5eef0252d6ec1b9c9a94e12bb3
/paths/~1analytics~1graphs~1requests~1rescued/get/responses/200/headers/Content-Type/schema/example,example,16,sha256-bacb769b46f6d169fb227ea026550f411d46cbe66a9c2a6ba36449c8cf8e4dea
/paths/~1analytics~1graphs~1requests~1rescued/get/summary,summary,45,sha256-c3cdcb0ba30e3164fcb7a739523ac1fd220ebb708554a4fdf57cf49ebb2b5908
/paths/~1analytics~1graphs~1requests~1rescued/servers/0/description,description,27,sha256-9836600675f763ce2598e0fee6eb5930d9d57a5978f92ff5c989028e9ded4ec4
/paths/~1analytics~1graphs~1requests~1rescued/servers/1/description,description,29,sha256-2cc2e58054c38bb2cdfd6bd2edcbd1018ee6934d126106c292611be1bb7b62d5
/paths/~1analytics~1graphs~1tokens/get/responses/200/content/application~1json/schema/properties/data_points/description,description,58,sha256-4a44d07d6f4566fd922e88a6968b20dead9153b46d4bfefb947598c7c73436cc
/paths/~1analytics~1graphs~1tokens/get/responses/200/content/application~1json/schema/properties/data_points/items/properties/avg/description,description,53,sha256-0ad5c322fe71d6dea2efc64d0f8849501f504433737d4b41e53f756adcfbd82d
/paths/~1analytics~1graphs~1tokens/get/responses/200/content/application~1json/schema/properties/data_points/items/properties/timestamp/description,description,39,sha256-78f2a7ff4ef9ead1240b42ec1519f88cc546b07a32ea94cf9dd20248927831aa
/paths/~1analytics~1graphs~1tokens/get/responses/200/content/application~1json/schema/properties/data_points/items/properties/total/description,description,39,sha256-d0b377098af02d7e09a3b24fb1c627debb3332e7d35ed2d09b379cef1b74b026
/paths/~1analytics~1graphs~1tokens/get/responses/200/content/application~1json/schema/properties/object/description,description,33,sha256-8c49d983515576aca9284f1c12851500b623d67cf73fd18bc3b9eb8d149a5916
/paths/~1analytics~1graphs~1tokens/get/responses/200/content/application~1json/schema/properties/summary/properties/avg/description,description,49,sha256-85c06f740a5fcbb23b18ef8ab49edd8a440bf2d62af1c15d3384eeda9e39d777
/paths/~1analytics~1graphs~1tokens/get/responses/200/content/application~1json/schema/properties/summary/properties/total/description,description,35,sha256-76ddfa93fb42a5f7acabd1488a5324c6836258f7fd8a769dd7ed3e85415c37ac
/paths/~1analytics~1graphs~1tokens/get/responses/200/description,description,2,sha256-565339bc4d33d72817b583024112eb7f5cdf3e5eef0252d6ec1b9c9a94e12bb3
/paths/~1analytics~1graphs~1tokens/get/responses/200/headers/Content-Type/schema/example,example,16,sha256-bacb769b46f6d169fb227ea026550f411d46cbe66a9c2a6ba36449c8cf8e4dea
/paths/~1analytics~1graphs~1tokens/get/summary,summary,16,sha256-6258c81d756c48646f00aa30d66549e4196757aba07891cc10cb37f5ded3264d
/paths/~1analytics~1graphs~1tokens/servers/0/description,description,27,sha256-9836600675f763ce2598e0fee6eb5930d9d57a5978f92ff5c989028e9ded4ec4
/paths/~1analytics~1graphs~1tokens/servers/1/description,description,29,sha256-2cc2e58054c38bb2cdfd6bd2edcbd1018ee6934d126106c292611be1bb7b62d5
/paths/~1analytics~1graphs~1users/get/responses/200/content/application~1json/schema/properties/data_points/description,description,58,sha256-4a44d07d6f4566fd922e88a6968b20dead9153b46d4bfefb947598c7c73436cc
/paths/~1analytics~1graphs~1users/get/responses/200/content/application~1json/schema/properties/data_points/items/properties/timestamp/description,description,39,sha256-78f2a7ff4ef9ead1240b42ec1519f88cc546b07a32ea94cf9dd20248927831aa
/paths/~1analytics~1graphs~1users/get/responses/200/content/application~1json/schema/properties/data_points/items/properties/total/description,description,45,sha256-8fc08aff6080f6a2faaa1026b268ccd57141a69f3bb5dabecbdf65ddf1e12e2d
/paths/~1analytics~1graphs~1users/get/responses/200/content/application~1json/schema/properties/object/description,description,33,sha256-8c49d983515576aca9284f1c12851500b623d67cf73fd18bc3b9eb8d149a5916
/paths/~1analytics~1graphs~1users/get/responses/200/content/application~1json/schema/properties/summary/properties/total/description,description,41,sha256-708c44bb9d5bd5857565aaa05068030d402d69e71c01593913d20e6af776a075
/paths/~1analytics~1graphs~1users/get/responses/200/description,description,2,sha256-565339bc4d33d72817b583024112eb7f5cdf3e5eef0252d6ec1b9c9a94e12bb3
/paths/~1analytics~1graphs~1users/get/responses/200/headers/Content-Type/schema/example,example,16,sha256-bacb769b46f6d169fb227ea026550f411d46cbe66a9c2a6ba36449c8cf8e4dea
/paths/~1analytics~1graphs~1users/get/summary,summary,72,sha256-8d539056751a51360e5c1164c878c4dd4a81dc678ff15668a26aaeed8e44c47a
/paths/~1analytics~1graphs~1users/servers/0/description,description,27,sha256-9836600675f763ce2598e0fee6eb5930d9d57a5978f92ff5c989028e9ded4ec4
/paths/~1analytics~1graphs~1users/servers/1/description,description,29,sha256-2cc2e58054c38bb2cdfd6bd2edcbd1018ee6934d126106c292611be1bb7b62d5
/paths/~1analytics~1graphs~1users~1requests/get/responses/200/content/application~1json/schema/properties/data_points/description,description,58,sha256-4a44d07d6f4566fd922e88a6968b20dead9153b46d4bfefb947598c7c73436cc
/paths/~1analytics~1graphs~1users~1requests/get/responses/200/content/application~1json/schema/properties/data_points/items/properties/avg/description,description,52,sha256-3572167dad775b85051e8c89bb80e2cc6093b3acd33f9ec96df779049833d0df
/paths/~1analytics~1graphs~1users~1requests/get/responses/200/content/application~1json/schema/properties/data_points/items/properties/timestamp/description,description,39,sha256-78f2a7ff4ef9ead1240b42ec1519f88cc546b07a32ea94cf9dd20248927831aa
/paths/~1analytics~1graphs~1users~1requests/get/responses/200/content/application~1json/schema/properties/object/description,description,33,sha256-8c49d983515576aca9284f1c12851500b623d67cf73fd18bc3b9eb8d149a5916
/paths/~1analytics~1graphs~1users~1requests/get/responses/200/content/application~1json/schema/properties/summary/properties/avg/description,description,48,sha256-b97da6873e72c6cb7eae1819ac0a86425f4f2bab3cbdb53d129850fb235bc6db
/paths/~1analytics~1graphs~1users~1requests/get/responses/200/content/application~1json/schema/properties/summary/properties/total/description,description,37,sha256-5f4a5a74c656f54f5215d21948c6cdbe934efcfd6eeab8a36c82c6f3462068b9
/paths/~1analytics~1graphs~1users~1requests/get/responses/200/content/application~1json/schema/properties/summary/properties/unique/description,description,41,sha256-708c44bb9d5bd5857565aaa05068030d402d69e71c01593913d20e6af776a075
/paths/~1analytics~1graphs~1users~1requests/get/responses/200/description,description,2,sha256-565339bc4d33d72817b583024112eb7f5cdf3e5eef0252d6ec1b9c9a94e12bb3
/paths/~1analytics~1graphs~1users~1requests/get/responses/200/headers/Content-Type/schema/example,example,16,sha256-bacb769b46f6d169fb227ea026550f411d46cbe66a9c2a6ba36449c8cf8e4dea
/paths/~1analytics~1graphs~1users~1requests/get/summary,summary,89,sha256-d5a54b7556706559a8bfdfb856eb5f1e52773ce3e60b2c067232f145354cceaf
/paths/~1analytics~1graphs~1users~1requests/servers/0/description,description,27,sha256-9836600675f763ce2598e0fee6eb5930d9d57a5978f92ff5c989028e9ded4ec4
/paths/~1analytics~1graphs~1users~1requests/servers/1/description,description,29,sha256-2cc2e58054c38bb2cdfd6bd2edcbd1018ee6934d126106c292611be1bb7b62d5
/paths/~1analytics~1groups~1ai-models/get/responses/200/content/application~1json/schema/properties/data/items/properties/ai_model/description,description,45,sha256-2ff29f1f5adb0b0ef9fb35b4135fb5c05292056faf4d68f0da84e5bd46bb9887
/paths/~1analytics~1groups~1ai-models/get/responses/200/content/application~1json/schema/properties/data/items/properties/object/description,description,33,sha256-8c49d983515576aca9284f1c12851500b623d67cf73fd18bc3b9eb8d149a5916
/paths/~1analytics~1groups~1ai-models/get/responses/200/content/application~1json/schema/properties/data/items/properties/requests/description,description,37,sha256-969d9a0023c371bdae7533fccabd19ee29b20b4953a873a6829f28813bd12ca6
/paths/~1analytics~1groups~1ai-models/get/responses/200/content/application~1json/schema/properties/total/description,description,38,sha256-a9ad9d6646bcd611deb54b378f42a9e4881f8b0969bc73259eae8c26b0402f0c
/paths/~1analytics~1groups~1ai-models/get/responses/200/description,description,2,sha256-565339bc4d33d72817b583024112eb7f5cdf3e5eef0252d6ec1b9c9a94e12bb3
/paths/~1analytics~1groups~1ai-models/get/responses/200/headers/Content-Type/schema/example,example,16,sha256-bacb769b46f6d169fb227ea026550f411d46cbe66a9c2a6ba36449c8cf8e4dea
/paths/~1analytics~1groups~1ai-models/get/summary,summary,26,sha256-c60a1f7a9c0b0825d3f6f4a463e59eb5f4d3b1677853a7c50506e366016b9133
/paths/~1analytics~1groups~1ai-models/servers/0/description,description,27,sha256-9836600675f763ce2598e0fee6eb5930d9d57a5978f92ff5c989028e9ded4ec4
/paths/~1analytics~1groups~1ai-models/servers/1/description,description,29,sha256-2cc2e58054c38bb2cdfd6bd2edcbd1018ee6934d126106c292611be1bb7b62d5
/paths/~1analytics~1groups~1metadata~1{metadataKey}/get/responses/200/content/application~1json/schema/properties/data/items/properties/avg_tokens/description,description,67,sha256-b218bb00a564ab2fc715de5a35780ec17eb3b358d6c71cff9ab928f941144491
/paths/~1analytics~1groups~1metadata~1{metadataKey}/get/responses/200/content/application~1json/schema/properties/data/items/properties/avg_weighted_feedback/description,description,66,sha256-17ff8fcea5cae798919b583e6d47bb2b8fd8efc61fc8221e6addd2428daf2f7d
/paths/~1analytics~1groups~1metadata~1{metadataKey}/get/responses/200/content/application~1json/schema/properties/data/items/properties/cost/description,description,51,sha256-e10cef7dbbd37f198a5905c08b37be886979fe22b9e1b5d1ab7cb244e4bf318c
/paths/~1analytics~1groups~1metadata~1{metadataKey}/get/responses/200/content/application~1json/schema/properties/data/items/properties/last_seen/description,description,41,sha256-b9114d87664c809b1e5d4f83639b5a161c8584bdba1ce483319a0e1b6b3cdd2b
/paths/~1analytics~1groups~1metadata~1{metadataKey}/get/responses/200/content/application~1json/schema/properties/data/items/properties/metadata_value/description,description,53,sha256-37d4a0f525eb9aac00a243d822adf205b9fe990919990f2f98991f7ae1fd4764
/paths/~1analytics~1groups~1metadata~1{metadataKey}/get/responses/200/content/application~1json/schema/properties/data/items/properties/object/description,description,33,sha256-8c49d983515576aca9284f1c12851500b623d67cf73fd18bc3b9eb8d149a5916
/paths/~1analytics~1groups~1metadata~1{metadataKey}/get/responses/200/content/application~1json/schema/properties/data/items/properties/requests/description,description,38,sha256-a630c5d38e913dc8560156547582d7673df08cced5b4dee0a6588b1dc77644f6
/paths/~1analytics~1groups~1metadata~1{metadataKey}/get/responses/200/content/application~1json/schema/properties/data/items/properties/requests_with_feedback/description,description,28,sha256-12898269f462a304239273d5e05cda1e1e5ba6839ee4de7468483b8135a8f493
/paths/~1analytics~1groups~1metadata~1{metadataKey}/get/responses/200/content/application~1json/schema/properties/total/description,description,38,sha256-a9ad9d6646bcd611deb54b378f42a9e4881f8b0969bc73259eae8c26b0402f0c
/paths/~1analytics~1groups~1metadata~1{metadataKey}/get/responses/200/description,description,2,sha256-565339bc4d33d72817b583024112eb7f5cdf3e5eef0252d6ec1b9c9a94e12bb3
/paths/~1analytics~1groups~1metadata~1{metadataKey}/get/responses/200/headers/Content-Type/schema/example,example,16,sha256-bacb769b46f6d169fb227ea026550f411d46cbe66a9c2a6ba36449c8cf8e4dea
/paths/~1analytics~1groups~1metadata~1{metadataKey}/get/summary,summary,36,sha256-7d5c5e936d358e1cdfbf3f882d80f9f4fe7e9d0e7a61097cf9a7dd7c47861735
/paths/~1analytics~1groups~1metadata~1{metadataKey}/servers/0/description,description,27,sha256-9836600675f763ce2598e0fee6eb5930d9d57a5978f92ff5c989028e9ded4ec4
/paths/~1analytics~1groups~1metadata~1{metadataKey}/servers/1/description,description,29,sha256-2cc2e58054c38bb2cdfd6bd2edcbd1018ee6934d126106c292611be1bb7b62d5
/paths/~1analytics~1groups~1provider/get/parameters/23/description,description,269,sha256-4dea840805599a1ca64841527373c535eed5819b29eb78e46e2f315261cf2629
/paths/~1analytics~1groups~1provider/get/parameters/23/example,example,25,sha256-340a4746d49ea488a3e37b8c59877eda43e9aa417ba0f834c42bcf911a06230e
/paths/~1analytics~1groups~1provider/get/parameters/24/description,description,59,sha256-6c63a18ed50aa579cd5e1470926e64d1c23a2dfe0d67b5d9148400c6c5f19c92
/paths/~1analytics~1groups~1provider/get/responses/200/content/application~1json/schema/properties/data/items/properties/provider/description,description,59,sha256-e87775f38e0619739999d74171f6270519bc86b43754ca9b47a3809fb28fe940
/paths/~1analytics~1groups~1provider/get/responses/200/content/application~1json/schema/properties/data/items/properties/requests/description,description,37,sha256-371b910adcc2077d659b1f92bd73f6b3622a12cd883bc59e91367c52b38f9565
/paths/~1analytics~1groups~1provider/get/responses/200/content/application~1json/schema/properties/total/description,description,38,sha256-a9ad9d6646bcd611deb54b378f42a9e4881f8b0969bc73259eae8c26b0402f0c
/paths/~1analytics~1groups~1provider/get/responses/200/description,description,2,sha256-565339bc4d33d72817b583024112eb7f5cdf3e5eef0252d6ec1b9c9a94e12bb3
/paths/~1analytics~1groups~1provider/get/responses/200/headers/Content-Type/schema/example,example,16,sha256-bacb769b46f6d169fb227ea026550f411d46cbe66a9c2a6ba36449c8cf8e4dea
/paths/~1analytics~1groups~1provider/get/summary,summary,26,sha256-764219f49e4cda666743b45641fa9e8ba20c19f9bdd231a2b5c2d01c0494ce84
/paths/~1analytics~1groups~1provider/servers/0/description,description,27,sha256-9836600675f763ce2598e0fee6eb5930d9d57a5978f92ff5c989028e9ded4ec4
/paths/~1analytics~1groups~1provider/servers/1/description,description,29,sha256-2cc2e58054c38bb2cdfd6bd2edcbd1018ee6934d126106c292611be1bb7b62d5
/paths/~1analytics~1groups~1users/get/responses/200/content/application~1json/schema/properties/data/items/properties/cost/description,description,54,sha256-8856b2e058868b0f15f2c37e2b2b5ba1b06c33d8af7ca19cab4734183cb9a1b3
/paths/~1analytics~1groups~1users/get/responses/200/content/application~1json/schema/properties/data/items/properties/object/description,description,33,sha256-8c49d983515576aca9284f1c12851500b623d67cf73fd18bc3b9eb8d149a5916
/paths/~1analytics~1groups~1users/get/responses/200/content/application~1json/schema/properties/data/items/properties/requests/description,description,32,sha256-f861c7cc3fd336f57811aec5fbf4fb8af42d6bd80aa18ca36d63334010a81ed2
/paths/~1analytics~1groups~1users/get/responses/200/content/application~1json/schema/properties/data/items/properties/user/description,description,41,sha256-ee5cff7de959e4f2332cbb90fecbd0581b3e84e1002cd183af93e2986b682887
/paths/~1analytics~1groups~1users/get/responses/200/content/application~1json/schema/properties/total/description,description,38,sha256-a9ad9d6646bcd611deb54b378f42a9e4881f8b0969bc73259eae8c26b0402f0c
/paths/~1analytics~1groups~1users/get/responses/200/description,description,2,sha256-565339bc4d33d72817b583024112eb7f5cdf3e5eef0252d6ec1b9c9a94e12bb3
/paths/~1analytics~1groups~1users/get/responses/200/headers/Content-Type/schema/example,example,16,sha256-bacb769b46f6d169fb227ea026550f411d46cbe66a9c2a6ba36449c8cf8e4dea
/paths/~1analytics~1groups~1users/get/summary,summary,32,sha256-95e2ab51c3dc139829a68a4e9addfecc841a642f204d3ef0fc485e3fe2b42922
/paths/~1analytics~1groups~1users/servers/0/description,description,27,sha256-9836600675f763ce2598e0fee6eb5930d9d57a5978f92ff5c989028e9ded4ec4
/paths/~1analytics~1groups~1users/servers/1/description,description,29,sha256-2cc2e58054c38bb2cdfd6bd2edcbd1018ee6934d126106c292611be1bb7b62d5
/paths/~1analytics~1summary~1cache/get/responses/200/content/application~1json/schema/properties/object/description,description,33,sha256-8c49d983515576aca9284f1c12851500b623d67cf73fd18bc3b9eb8d149a5916
/paths/~1analytics~1summary~1cache/get/responses/200/content/application~1json/schema/properties/summary/properties/avg_latency/description,description,31,sha256-d8c32a5631efa6b76355254b116f240917bfb9a63a917a89fa81650a7dbbccbb
/paths/~1analytics~1summary~1cache/get/responses/200/content/application~1json/schema/properties/summary/properties/cache_speedup/description,description,68,sha256-0db5a80ac4f30885419a98766d314e4e805e915b3094d12ee96b62a99c6d1f86
/paths/~1analytics~1summary~1cache/get/responses/200/content/application~1json/schema/properties/summary/properties/hits/description,description,16,sha256-435543a4c1ea869c818fbe8d825079fbc2bf83e0a6b62ae00599c044027f028a
/paths/~1analytics~1summary~1cache/get/responses/200/content/application~1json/schema/properties/summary/properties/total_requests/description,description,14,sha256-128269f39edfd1a7f5d91e3d9e8100ec6ba8c755c39e4ae92390b24da342467b
/paths/~1analytics~1summary~1cache/get/responses/200/description,description,2,sha256-565339bc4d33d72817b583024112eb7f5cdf3e5eef0252d6ec1b9c9a94e12bb3
/paths/~1analytics~1summary~1cache/get/responses/200/headers/Content-Type/schema/example,example,16,sha256-bacb769b46f6d169fb227ea026550f411d46cbe66a9c2a6ba36449c8cf8e4dea
/paths/~1analytics~1summary~1cache/get/summary,summary,51,sha256-f634c58f449628e6b5c1d7d096fd2a66a0464ad4e33e9a31b06a446a3bddf6e6
/paths/~1analytics~1summary~1cache/servers/0/description,description,27,sha256-9836600675f763ce2598e0fee6eb5930d9d57a5978f92ff5c989028e9ded4ec4
/paths/~1analytics~1summary~1cache/servers/1/description,description,29,sha256-2cc2e58054c38bb2cdfd6bd2edcbd1018ee6934d126106c292611be1bb7b62d5
/paths/~1api-keys/get/parameters/0/example,example,1,sha256-6b86b273ff34fce19d6b804eff5a3f5747ada4eaa22f1d49c01e52ddb7875b4b
/paths/~1api-keys/get/parameters/1/example,example,1,sha256-5feceb66ffc86f38d952786c6d696c79c2dbc239dd4e91b46729d73a27fb57e9
/paths/~1api-keys/get/parameters/2/example,example,13,sha256-149f3199e1876cc9fa0b8ec51fb3de33e1caeafa6f5274e23b1eb424993019b8
/paths/~1api-keys/get/responses/200/description,description,2,sha256-565339bc4d33d72817b583024112eb7f5cdf3e5eef0252d6ec1b9c9a94e12bb3
/paths/~1api-keys/get/responses/200/headers/Content-Type/schema/example,example,16,sha256-bacb769b46f6d169fb227ea026550f411d46cbe66a9c2a6ba36449c8cf8e4dea
/paths/~1api-keys/get/summary,summary,7,sha256-71efe07503833707b2d812de83b6326f1874f32fe75eb77b149e368406b3a523
/paths/~1api-keys/get/x-code-samples,x-code-samples,1520,sha256-f30afe6a13bcba5c48769446bb1d5ed137d05f53e9d5db2d464176539ef8a478
/paths/~1api-keys~1{id}/delete/responses/200/content/application~1json/example,example,3,sha256-ca3d163bab055381827226140568f3bef7eaac187cebd76878e0b63e9e442356
/paths/~1api-keys~1{id}/delete/responses/200/description,description,2,sha256-565339bc4d33d72817b583024112eb7f5cdf3e5eef0252d6ec1b9c9a94e12bb3
/paths/~1api-keys~1{id}/delete/responses/200/headers/Content-Type/schema/example,example,16,sha256-bacb769b46f6d169fb227ea026550f411d46cbe66a9c2a6ba36449c8cf8e4dea
/paths/~1api-keys~1{id}/delete/summary,summary,17,sha256-005e710c9d9934d9e20f05f70d68422f6884daa638a2730731045a737808ef9c
/paths/~1api-keys~1{id}/delete/x-code-samples,x-code-samples,1538,sha256-dac37262c23ae41dc8db6ab53c9f55f5f2c5f4b867678576e45409a95a6e2595
/paths/~1api-keys~1{id}/get/responses/200/description,description,2,sha256-565339bc4d33d72817b583024112eb7f5cdf3e5eef0252d6ec1b9c9a94e12bb3
/paths/~1api-keys~1{id}/get/responses/200/headers/Content-Type/schema/example,example,16,sha256-bacb769b46f6d169fb227ea026550f411d46cbe66a9c2a6ba36449c8cf8e4dea
/paths/~1api-keys~1{id}/get/summary,summary,12,sha256-c9c6f3b19e4c6a31bc44bc3ce0392a91d5e097880bc659cb5b1578e91459d7cf
/paths/~1api-keys~1{id}/get/x-code-samples,x-code-samples,1536,sha256-8465751136a6788fc802c91ddfeca834dbd93a6ab92700d26e034836be2d32ff
/paths/~1api-keys~1{id}/put/description,description,121,sha256-654a3f8cd48374f2acf374abc68a7c4421d0cbd76249d5e91dfa237a7de3617f
/paths/~1api-keys~1{id}/put/requestBody/content/application~1json/examples,examples,676,sha256-9398893e2e2cdb5e0689f0b7821b6041588b032440c15f1a8e409016a00c88f0
/paths/~1api-keys~1{id}/put/responses/200/content/application~1json/example,example,3,sha256-ca3d163bab055381827226140568f3bef7eaac187cebd76878e0b63e9e442356
/paths/~1api-keys~1{id}/put/responses/200/description,description,2,sha256-565339bc4d33d72817b583024112eb7f5cdf3e5eef0252d6ec1b9c9a94e12bb3
/paths/~1api-keys~1{id}/put/responses/200/headers/Content-Type/schema/example,example,16,sha256-bacb769b46f6d169fb227ea026550f411d46cbe66a9c2a6ba36449c8cf8e4dea
/paths/~1api-keys~1{id}/put/summary,summary,15,sha256-e9ad8bf8dc5ed3abffd100b21d0b41f84248eed891eb134641b2d269a7acad80
/paths/~1api-keys~1{id}/put/x-code-samples,x-code-samples,14110,sha256-da6771fa42af924f74c26bc0121a099f22d52b23d8c0567f0d46e6a857c60555
/paths/~1api-keys~1{id}/servers/0/description,description,27,sha256-9836600675f763ce2598e0fee6eb5930d9d57a5978f92ff5c989028e9ded4ec4
/paths/~1api-keys~1{id}/servers/1/description,description,29,sha256-2cc2e58054c38bb2cdfd6bd2edcbd1018ee6934d126106c292611be1bb7b62d5
/paths/~1api-keys~1{id}~1rotate/post/description,description,173,sha256-72de162a3f2e2f97a3428e4e7a45abf131a898485acc9bd6e9d8ae9b68e0d1d2
/paths/~1api-keys~1{id}~1rotate/post/requestBody/content/application~1json/examples,examples,106,sha256-91f6b6860f3c615c7e9620cdecb7aedea859fbade41c1d30a44bcfe150ec87f7
/paths/~1api-keys~1{id}~1rotate/post/responses/200/description,description,2,sha256-565339bc4d33d72817b583024112eb7f5cdf3e5eef0252d6ec1b9c9a94e12bb3
/paths/~1api-keys~1{id}~1rotate/post/responses/200/headers/Content-Type/schema/example,example,16,sha256-bacb769b46f6d169fb227ea026550f411d46cbe66a9c2a6ba36449c8cf8e4dea
/paths/~1api-keys~1{id}~1rotate/post/summary,summary,14,sha256-3835c1b6bc19ab6b0448c816fb6122c3038f0fc2bcadaabe0f5844e4e100c3b7
/paths/~1api-keys~1{id}~1rotate/post/x-code-samples,x-code-samples,2268,sha256-09cf12d74a4be2c0ba008896f0a508824d497a0c0ceee22bf18b4236608a3622
/paths/~1api-keys~1{id}~1rotate/servers/0/description,description,27,sha256-9836600675f763ce2598e0fee6eb5930d9d57a5978f92ff5c989028e9ded4ec4
/paths/~1api-keys~1{id}~1rotate/servers/1/description,description,29,sha256-2cc2e58054c38bb2cdfd6bd2edcbd1018ee6934d126106c292611be1bb7b62d5
/paths/~1api-keys~1{type}~1{sub-type}/post/description,description,23,sha256-3906121b793169c788da59534b8c45704b72bfb645decc738aa50a1a1fb8ced1
/paths/~1api-keys~1{type}~1{sub-type}/post/requestBody/content/application~1json/examples,examples,698,sha256-66105e01d9ebacd358fbca745567ae63c03e7a8707f1053350808197e7df03be
/paths/~1api-keys~1{type}~1{sub-type}/post/responses/200/content/application~1json/schema/properties/id/example,example,36,sha256-510fbd14ac750ba39ec275c0a80d9b66a692ac12bf49ca7a5d5302fb476f1a08
/paths/~1api-keys~1{type}~1{sub-type}/post/responses/200/content/application~1json/schema/properties/key/example,example,12,sha256-a7f8905960cbc44e85ca8d1a41d7ccf70e47130fdb844cfbc52deb972156b3b0
/paths/~1api-keys~1{type}~1{sub-type}/post/responses/200/content/application~1json/schema/properties/object/example,example,7,sha256-8c284055dbb54b7f053a2dc612c3727c7aa36354361055f2110f4903ea8ee29c
/paths/~1api-keys~1{type}~1{sub-type}/post/responses/200/description,description,2,sha256-565339bc4d33d72817b583024112eb7f5cdf3e5eef0252d6ec1b9c9a94e12bb3
/paths/~1api-keys~1{type}~1{sub-type}/post/responses/200/headers/Content-Type/schema/example,example,16,sha256-bacb769b46f6d169fb227ea026550f411d46cbe66a9c2a6ba36449c8cf8e4dea
/paths/~1api-keys~1{type}~1{sub-type}/post/summary,summary,15,sha256-10f39e2b836b1eb6c381f1ca4f7122a6e1025294843a97a9b50eb9b21db645d2
/paths/~1api-keys~1{type}~1{sub-type}/post/x-code-samples,x-code-samples,6714,sha256-a8890a39398d92f7e049422c0617bcea2128ede0f5706fe82b8eda07179194fb
/paths/~1api-keys~1{type}~1{sub-type}/servers/0/description,description,27,sha256-9836600675f763ce2598e0fee6eb5930d9d57a5978f92ff5c989028e9ded4ec4
/paths/~1api-keys~1{type}~1{sub-type}/servers/1/description,description,29,sha256-2cc2e58054c38bb2cdfd6bd2edcbd1018ee6934d126106c292611be1bb7b62d5
/paths/~1assistants/get/parameters/0/description,description,107,sha256-49d68a8184e90629fe616fd6d5522ee2a22e2060aba7e2672bda50f79bca6c24
/paths/~1assistants/get/parameters/1/description,description,116,sha256-40e43b8a9d6d97a694aba14039e72995ff1b5b1b58f5125a8c284d5a8dc73695
/paths/~1assistants/get/parameters/2/description,description,272,sha256-6c47cb4c15883e308e435187921bb8d31b5eb90f8ca461f34d459e8a23ce5f12
/paths/~1assistants/get/parameters/3/description,description,278,sha256-2859e329e1842ffaa1ee889b8769368937d784959591468dcc6a8efd82e363ca
/paths/~1assistants/get/responses/200/description,description,2,sha256-565339bc4d33d72817b583024112eb7f5cdf3e5eef0252d6ec1b9c9a94e12bb3
/paths/~1assistants/get/summary,summary,29,sha256-8a14cc2333eb37147952a7c8d673abef2f2abf0341c423427fa0a0985740a61f
/paths/~1assistants/get/x-code-samples,x-code-samples,2656,sha256-7d1bca02b8993a95f52d8d21b939b418b5f7962ebb72b9811ee375db190324af
/paths/~1assistants/post/responses/200/description,description,2,sha256-565339bc4d33d72817b583024112eb7f5cdf3e5eef0252d6ec1b9c9a94e12bb3
/paths/~1assistants/post/summary,summary,50,sha256-8cfbe0027d92ba840a03d9f979b5dd53ba3d897bf40f333559d0ac32afe3b532
/paths/~1assistants/post/x-code-samples,x-code-samples,2196,sha256-1bc652a42c4784bd1fc4eb4b9df87f8f1f076d52f9a52948e7f0d8022ae45e6f
/paths/~1assistants/servers/0/description,description,27,sha256-9836600675f763ce2598e0fee6eb5930d9d57a5978f92ff5c989028e9ded4ec4
/paths/~1assistants/servers/1/description,description,23,sha256-d811289af1a8cb3ffb208a0b7c205b5e6c03c013897c947048a4b84b0c07fde7
/paths/~1assistants~1{assistant_id}/delete/parameters/0/description,description,34,sha256-12d28aea686bb65871cb1db33730e7f64317b28be4fbc02ed400b51739b7e8cd
/paths/~1assistants~1{assistant_id}/delete/responses/200/description,description,2,sha256-565339bc4d33d72817b583024112eb7f5cdf3e5eef0252d6ec1b9c9a94e12bb3
/paths/~1assistants~1{assistant_id}/delete/summary,summary,20,sha256-6e80f5d2f27aafae649dc667902471e79d661b8423477b2aa5a876742a129b4b
/paths/~1assistants~1{assistant_id}/delete/x-code-samples,x-code-samples,1012,sha256-db8a90296c6c8d96494cbafe2ae4f2563e03934bd66c2064ce30a71d29b9ea79
/paths/~1assistants~1{assistant_id}/get/parameters/0/description,description,36,sha256-bc5f7c7a6de034543713bca8fdcfee7a6b7f685b53ff85f750daf4eadf013f1c
/paths/~1assistants~1{assistant_id}/get/responses/200/description,description,2,sha256-565339bc4d33d72817b583024112eb7f5cdf3e5eef0252d6ec1b9c9a94e12bb3
/paths/~1assistants~1{assistant_id}/get/summary,summary,23,sha256-19a1c0869c8eefc17c16b1445452553de9371f8cf8ff852d5d1eb1767ffb768f
/paths/~1assistants~1{assistant_id}/get/x-code-samples,x-code-samples,1442,sha256-7bbc042bee36702802e79cab0553b11dbf71502e6549e6eecf2d7b0e5c0ff66c
/paths/~1assistants~1{assistant_id}/post/parameters/0/description,description,34,sha256-83f925dbc7076c26eee5101cb18cf719023e3f750a148c5121b3a56bd13d98c5
/paths/~1assistants~1{assistant_id}/post/responses/200/description,description,2,sha256-565339bc4d33d72817b583024112eb7f5cdf3e5eef0252d6ec1b9c9a94e12bb3
/paths/~1assistants~1{assistant_id}/post/summary,summary,22,sha256-c48ba99d32a5d0d5f91560f221bbcd8d051a30ddd79bc56cb6ceaeeb9daacbe1
/paths/~1assistants~1{assistant_id}/post/x-code-samples,x-code-samples,2547,sha256-355102bacb2d69aa548d37105554647ab740feaedc7da72a3271860bbbc51938
/paths/~1assistants~1{assistant_id}/servers/0/description,description,27,sha256-9836600675f763ce2598e0fee6eb5930d9d57a5978f92ff5c989028e9ded4ec4
/paths/~1assistants~1{assistant_id}/servers/1/description,description,23,sha256-d811289af1a8cb3ffb208a0b7c205b5e6c03c013897c947048a4b84b0c07fde7
/paths/~1audio~1speech/post/responses/200/description,description,2,sha256-565339bc4d33d72817b583024112eb7f5cdf3e5eef0252d6ec1b9c9a94e12bb3
/paths/~1audio~1speech/post/responses/200/headers/Transfer-Encoding/description,description,7,sha256-59fdd34a0b323f6044e147b843d8ca246a9414d2c7a06c8e95a7e04c3cdaf395
/paths/~1audio~1speech/post/summary,summary,13,sha256-6f5d8645f4122ef35322e9e87b24f8c35c9b4504f386b865fae58d458682f2cb
/paths/~1audio~1speech/post/x-code-samples,x-code-samples,3331,sha256-324b79b4ace29a78fbba45c802fb881e75bbf23edfa72bd3788da139feda170b
/paths/~1audio~1speech/servers/0/description,description,27,sha256-9836600675f763ce2598e0fee6eb5930d9d57a5978f92ff5c989028e9ded4ec4
/paths/~1audio~1speech/servers/1/description,description,23,sha256-d811289af1a8cb3ffb208a0b7c205b5e6c03c013897c947048a4b84b0c07fde7
/paths/~1audio~1transcriptions/post/responses/200/description,description,2,sha256-565339bc4d33d72817b583024112eb7f5cdf3e5eef0252d6ec1b9c9a94e12bb3
/paths/~1audio~1transcriptions/post/summary,summary,20,sha256-85bf6d6ad9d19a8c03dd4bca766d1e674062e8ce6e5c778a77c9eaf1a0018848
/paths/~1audio~1transcriptions/post/x-code-samples,x-code-samples,2506,sha256-742f3d6b741a48cb2bc776de84e17aea4c3d71ce637f9fef6d1ac22930abb9ed
/paths/~1audio~1transcriptions/servers/0/description,description,27,sha256-9836600675f763ce2598e0fee6eb5930d9d57a5978f92ff5c989028e9ded4ec4
/paths/~1audio~1transcriptions/servers/1/description,description,23,sha256-d811289af1a8cb3ffb208a0b7c205b5e6c03c013897c947048a4b84b0c07fde7
/paths/~1audio~1translations/post/responses/200/description,description,2,sha256-565339bc4d33d72817b583024112eb7f5cdf3e5eef0252d6ec1b9c9a94e12bb3
/paths/~1audio~1translations/post/summary,summary,18,sha256-f5786781160959a6b7428474712685a07c5bd24aa32b5c16171670be0c827ada
/paths/~1audio~1translations/post/x-code-samples,x-code-samples,2500,sha256-b135ba6a9333ed4f1a5a57303400ddd2372aa92e3ea935a85b60ef0c737aa860
/paths/~1audio~1translations/servers/0/description,description,27,sha256-9836600675f763ce2598e0fee6eb5930d9d57a5978f92ff5c989028e9ded4ec4
/paths/~1audio~1translations/servers/1/description,description,23,sha256-d811289af1a8cb3ffb208a0b7c205b5e6c03c013897c947048a4b84b0c07fde7
/paths/~1audit-logs/get/parameters/0/description,description,46,sha256-aeff67dfd904c28d81dd44f39d7638d1fb02496d57bb3fbe34cfe844a7fb76d0
/paths/~1audit-logs/get/parameters/1/description,description,44,sha256-ee01abffcc1aa473b20ce1e1a6990ceb931a9dac2a4c673ef9d346a336e7e2c8
/paths/~1audit-logs/get/parameters/10/description,description,32,sha256-79296c12f51bbc5e025dcb312d123fc34694c2c4a7078cb9466ee3b59505f81d
/paths/~1audit-logs/get/parameters/11/description,description,30,sha256-c3b3d1bdeadefd17d7ab36be58828ead6a3ad3ab4b276f14393239b40dc2f935
/paths/~1audit-logs/get/parameters/12/description,description,36,sha256-a2b147a8735b898cea9987aef03187dcf3d72f6c85f1f407682d5be68f32a4cb
/paths/~1audit-logs/get/parameters/13/description,description,26,sha256-b30056bd67a5b99673796e9670375f4dd05bebf2f119736882eab1ffe05e2825
/paths/~1audit-logs/get/parameters/14/description,description,34,sha256-edd76c2dec3817ddad8f4741172a1043a35ce04af2fa5a561e717236a484c573
/paths/~1audit-logs/get/parameters/15/description,description,24,sha256-f2e65f0a130e2d69335772c1c1dda0767a3ef9415251fdfa0cd4178a574259ca
/paths/~1audit-logs/get/parameters/2/description,description,34,sha256-f1d798c96a182bba4e9263a76e97b2417dc7ddffa8b48998ec7f944771302eb4
/paths/~1audit-logs/get/parameters/3/description,description,30,sha256-bda422ca3759d36e25e3c27b931289752581b57d91474f8e2da0b8a6e61a4d1e
/paths/~1audit-logs/get/parameters/4/description,description,27,sha256-319251907f50ecd43e175de4ad82106d51539ffb23e55c9cb1b04b6bff90a134
/paths/~1audit-logs/get/parameters/5/description,description,29,sha256-058ffc94379d3adb5cd37e4a8dde093dc064d8f21a4cbc2d65a83b3173de9261
/paths/~1audit-logs/get/parameters/6/description,description,26,sha256-7bf2012601cbedb0dd294673ab480a1578069629fd23bc370a3b67c8b7e2b10e
/paths/~1audit-logs/get/parameters/7/description,description,31,sha256-9dc90c16a4b9a6b88072dca34b335fdabe85564beac80410457a8f8e62b7d982
/paths/~1audit-logs/get/parameters/8/description,description,31,sha256-bc3d3425f28dec29095e147bc718411352baf540a3cb4029cb7302e74a5ebde5
/paths/~1audit-logs/get/parameters/9/description,description,44,sha256-e9d4f7b76ae9b10b99dbc6a744d92ed352c8c960210e8a3830c19f67c0fc23d6
/paths/~1audit-logs/get/responses/200/description,description,19,sha256-40c36e17aeb2957d4bd44663c5fa646d56ddff440280be284f0efbf5ccd87d02
/paths/~1audit-logs/get/summary,summary,14,sha256-00d71b2fc063b02b76b841e318d6fe22ba614da0308f610c915bf07dd67649a9
/paths/~1audit-logs/servers/0/description,description,27,sha256-9836600675f763ce2598e0fee6eb5930d9d57a5978f92ff5c989028e9ded4ec4
/paths/~1audit-logs/servers/1/description,description,29,sha256-2cc2e58054c38bb2cdfd6bd2edcbd1018ee6934d126106c292611be1bb7b62d5
/paths/~1batches/get/parameters/0/description,description,272,sha256-6c47cb4c15883e308e435187921bb8d31b5eb90f8ca461f34d459e8a23ce5f12
/paths/~1batches/get/parameters/1/description,description,107,sha256-49d68a8184e90629fe616fd6d5522ee2a22e2060aba7e2672bda50f79bca6c24
/paths/~1batches/get/responses/200/description,description,26,sha256-2d2ac42575ef6dfeedfbc8b4600c6dd6891d4b0ab75a02f0d0583bd4647d1bed
/paths/~1batches/get/summary,summary,33,sha256-ecd878056632a5a7c1168a735bec44807bf914ba7cc306fe1351fefd3750f0e1
/paths/~1batches/get/x-code-samples,x-code-samples,1771,sha256-04ecec07f28ed7142f204ddccc574283c2c729382faf5ed857d397a3ccfea946
/paths/~1batches/post/responses/200/description,description,27,sha256-04af870b1cf78d1b84ef0148e8045b3302d816f3334d0b40a26ebb8512660826
/paths/~1batches/post/summary,summary,62,sha256-7c7685dbf5bc87d716c3a5458f7003eeff5ece2441d10f9e95c53d610c85a251
/paths/~1batches/post/x-code-samples,x-code-samples,2449,sha256-f2d8968c4f8fbb43280755666751bbee33c5dd78d122d830c9acc7a675d89260
/paths/~1batches/servers/0/description,description,27,sha256-9836600675f763ce2598e0fee6eb5930d9d57a5978f92ff5c989028e9ded4ec4
/paths/~1batches/servers/1/description,description,23,sha256-d811289af1a8cb3ffb208a0b7c205b5e6c03c013897c947048a4b84b0c07fde7
/paths/~1batches~1{batch_id}/get/parameters/0/description,description,32,sha256-fde588f09a2055b2058882cb9a0e7c1ca05ecfbe6e2e7b90aad4bcf0415b740d
/paths/~1batches~1{batch_id}/get/responses/200/description,description,29,sha256-ef9fa32512e9492686222aae9b135bcd4a397303e8ee153b552858548157c08b
/paths/~1batches~1{batch_id}/get/summary,summary,18,sha256-eb120ce34215517438ec11a15567db00349a8b058398acdbd0f6ebd199ffaf4e
/paths/~1batches~1{batch_id}/get/x-code-samples,x-code-samples,1785,sha256-28cbecf45f27ad11a52b709bfa3279d40f171313c78dfaada87b4f14fdb4a5c4
/paths/~1batches~1{batch_id}/servers/0/description,description,27,sha256-9836600675f763ce2598e0fee6eb5930d9d57a5978f92ff5c989028e9ded4ec4
/paths/~1batches~1{batch_id}/servers/1/description,description,23,sha256-d811289af1a8cb3ffb208a0b7c205b5e6c03c013897c947048a4b84b0c07fde7
/paths/~1batches~1{batch_id}~1cancel/post/parameters/0/description,description,30,sha256-980e60f6391450d5690cce282d4fdc735f56791e7c20ff107afb10ef5a8d7a33
/paths/~1batches~1{batch_id}~1cancel/post/responses/200/description,description,60,sha256-49600bef22463b8c25a307793534950c7302c8443bcdcbbaf0bb9b292472f65a
/paths/~1batches~1{batch_id}~1cancel/post/summary,summary,198,sha256-5fcc8568021e11dce6be45ef98e9ef6b8d23fcde651ad34daa07cc48a2eb5db9
/paths/~1batches~1{batch_id}~1cancel/post/x-code-samples,x-code-samples,1813,sha256-26b2acc3d1ebfec91680b7e0f2b4e1968e76d228b74d1826387617b93879aa11
/paths/~1batches~1{batch_id}~1cancel/servers/0/description,description,27,sha256-9836600675f763ce2598e0fee6eb5930d9d57a5978f92ff5c989028e9ded4ec4
/paths/~1batches~1{batch_id}~1cancel/servers/1/description,description,23,sha256-d811289af1a8cb3ffb208a0b7c205b5e6c03c013897c947048a4b84b0c07fde7
/paths/~1batches~1{batch_id}~1output/get/parameters/0/description,description,43,sha256-2dface0558aca88833bcbcb8a5365febb205cdafde67cfd94a5e413cb0fd24a5
/paths/~1batches~1{batch_id}~1output/get/responses/200/description,description,35,sha256-99a8a5d6a2d404f22cbadc2fd1dcc80213f0b1f969b847ebce3649a806073b7e
/paths/~1batches~1{batch_id}~1output/get/summary,summary,31,sha256-ab81179c606b5d86dee39cf2ef7209223ef373efb5efe4efedf20e2c71b69338
/paths/~1batches~1{batch_id}~1output/get/x-code-samples,x-code-samples,1791,sha256-201eb4aa5a12065d1844d63eb884806cef536499d78d388e0d92c4f6e9242660
/paths/~1batches~1{batch_id}~1output/servers/0/description,description,27,sha256-9836600675f763ce2598e0fee6eb5930d9d57a5978f92ff5c989028e9ded4ec4
/paths/~1batches~1{batch_id}~1output/servers/1/description,description,23,sha256-d811289af1a8cb3ffb208a0b7c205b5e6c03c013897c947048a4b84b0c07fde7
/paths/~1chat~1completions/post/responses/200/description,description,2,sha256-565339bc4d33d72817b583024112eb7f5cdf3e5eef0252d6ec1b9c9a94e12bb3
/paths/~1chat~1completions/post/summary,summary,4,sha256-460b3a7da007b7af9d35bca54181dc91382263b2bf133ca214871ca1fed1fc1c
/paths/~1chat~1completions/post/x-code-samples,x-code-samples,3262,sha256-3b6afdd15604f76c8b4b5bb92c7561b84ea8c91421d884cc4025996308eba80f
/paths/~1chat~1completions/servers/0/description,description,27,sha256-9836600675f763ce2598e0fee6eb5930d9d57a5978f92ff5c989028e9ded4ec4
/paths/~1chat~1completions/servers/1/description,description,23,sha256-d811289af1a8cb3ffb208a0b7c205b5e6c03c013897c947048a4b84b0c07fde7
/paths/~1collections/get/description,description,48,sha256-cf9451288267401328cbd4e8b718c0d1fba56acad4a559cc4b3299b30c87503f
/paths/~1collections/get/parameters/0/description,description,27,sha256-b406b1901d2e95a12a49cb081ee59adff24b5c94ce2b7354edd6384768019b4e
/paths/~1collections/get/parameters/1/description,description,38,sha256-7709bd38c00137c6ae011cb75d84735a7464c1e3437acc50c0670ee4dc0e0f11
/paths/~1collections/get/parameters/2/description,description,24,sha256-f2e65f0a130e2d69335772c1c1dda0767a3ef9415251fdfa0cd4178a574259ca
/paths/~1collections/get/parameters/3/description,description,42,sha256-58e41e857412140b4ecaaca9a28dade139002f7610a9c0b11678e6b3c3b0c85e
/paths/~1collections/get/responses/200/content/application~1json/schema/properties/total/description,description,49,sha256-5401f27707e9c4b0e1e6383a8370fa5c1f818d8a6d52f6609ba143e9ac936b45
/paths/~1collections/get/responses/200/description,description,19,sha256-b2e4e319293d9ad886aca396df9041e14c28b89a41c10d617d419d7bcb2a8109
/paths/~1collections/get/responses/400/description,description,11,sha256-917ef22f94f460141928531e1945453e29d89dcd58e3383c2b3ba0e2e19eb0d7
/paths/~1collections/get/responses/401/description,description,12,sha256-d089c8a9fc28e4e50223eb38c9409e362521be9380a37341304fbac7a4cd9e5f
/paths/~1collections/get/responses/403/description,description,9,sha256-78342a0905a72ce44da083dcb5d23b8ea0c16992ba2a82eece97e033d76ba3d3
/paths/~1collections/get/responses/404/description,description,19,sha256-3b182a89759166f916ab585e000101ee65e81284af528e91b98495a4425928f3
/paths/~1collections/get/responses/500/description,description,12,sha256-dfe0c2e802b1ff632ce6e3b43ea8d6055b4db02c3b52e6871a72b05e9cc76d5e
/paths/~1collections/get/summary,summary,16,sha256-a91673572d15309e67c07dc7ff0f6cd332f71a68e8c2a35e3dd8d62eee1ace76
/paths/~1collections/post/description,description,51,sha256-c583b10aaa049f5e506e69d54ef1717ec1709c40530db5a4abb960fba49ae67d
/paths/~1collections/post/requestBody/content/application~1json/schema/properties/name/description,description,22,sha256-59df3d6da9335ffa9c708c1a21998514ac491ce6542c1646e2143ccb27cdb26e
/paths/~1collections/post/requestBody/content/application~1json/schema/properties/parent_collection_id/description,description,46,sha256-604794c5adba1574c544aca7985f72dd1a64ca93613a5520bd542f4cfbd9a615
/paths/~1collections/post/requestBody/content/application~1json/schema/properties/workspace_id/description,description,27,sha256-b406b1901d2e95a12a49cb081ee59adff24b5c94ce2b7354edd6384768019b4e
/paths/~1collections/post/responses/200/content/application~1json/schema/properties/id/description,description,28,sha256-f00e1e44f18db5fe85d0b8fdf5530a792f31a02555b8060248547189c94ff8a2
/paths/~1collections/post/responses/200/content/application~1json/schema/properties/slug/description,description,30,sha256-2fd0841e821383937f3acb03df260a2257296fd0ec609b04271ddcfa06f493bf
/paths/~1collections/post/responses/200/description,description,31,sha256-b587e685f6034420148fecdcc4a201a4abf755f544722510ea0832fb66a9e027
/paths/~1collections/post/responses/400/description,description,11,sha256-917ef22f94f460141928531e1945453e29d89dcd58e3383c2b3ba0e2e19eb0d7
/paths/~1collections/post/responses/401/description,description,12,sha256-d089c8a9fc28e4e50223eb38c9409e362521be9380a37341304fbac7a4cd9e5f
/paths/~1collections/post/responses/403/description,description,9,sha256-78342a0905a72ce44da083dcb5d23b8ea0c16992ba2a82eece97e033d76ba3d3
/paths/~1collections/post/responses/404/description,description,40,sha256-2b08f0d1627791d34230ca4a96cf9ce3554c84b2b3a536eafca2010c472b53a9
/paths/~1collections/post/responses/500/description,description,12,sha256-dfe0c2e802b1ff632ce6e3b43ea8d6055b4db02c3b52e6871a72b05e9cc76d5e
/paths/~1collections/post/summary,summary,23,sha256-6016d6ab4b1de679b19dc00325ec13d4d63332d0560e386537f43dc743f4138f
/paths/~1collections/servers/0/description,description,27,sha256-9836600675f763ce2598e0fee6eb5930d9d57a5978f92ff5c989028e9ded4ec4
/paths/~1collections/servers/1/description,description,29,sha256-2cc2e58054c38bb2cdfd6bd2edcbd1018ee6934d126106c292611be1bb7b62d5
/paths/~1collections~1{collectionId}/delete/description,description,20,sha256-20ff1821695d97719c02c234e642f908b782f3852744dffedc1bc884f974cefe
/paths/~1collections~1{collectionId}/delete/responses/200/content/application~1json/example,example,3,sha256-ca3d163bab055381827226140568f3bef7eaac187cebd76878e0b63e9e442356
/paths/~1collections~1{collectionId}/delete/responses/200/description,description,2,sha256-565339bc4d33d72817b583024112eb7f5cdf3e5eef0252d6ec1b9c9a94e12bb3
/paths/~1collections~1{collectionId}/delete/responses/200/headers/Content-Type/schema/example,example,16,sha256-bacb769b46f6d169fb227ea026550f411d46cbe66a9c2a6ba36449c8cf8e4dea
/paths/~1collections~1{collectionId}/delete/responses/401/description,description,12,sha256-d089c8a9fc28e4e50223eb38c9409e362521be9380a37341304fbac7a4cd9e5f
/paths/~1collections~1{collectionId}/delete/responses/403/description,description,9,sha256-78342a0905a72ce44da083dcb5d23b8ea0c16992ba2a82eece97e033d76ba3d3
/paths/~1collections~1{collectionId}/delete/responses/404/description,description,59,sha256-599855e82b40dd96da3c639d33b569b3dcdf735d7d4162403122c93ceb40fbdc
/paths/~1collections~1{collectionId}/delete/responses/500/description,description,12,sha256-dfe0c2e802b1ff632ce6e3b43ea8d6055b4db02c3b52e6871a72b05e9cc76d5e
/paths/~1collections~1{collectionId}/delete/summary,summary,17,sha256-e734ac69a61060f769244fc8ce517170d967f02cfce41b8db13647cbbbc136c8
/paths/~1collections~1{collectionId}/get/description,description,42,sha256-68668539f8ae86102b732d992ff34f8c3404d5492dabaea258dd350d6fff64dd
/paths/~1collections~1{collectionId}/get/responses/200/description,description,18,sha256-b66b47b8f812c5498760e935b5696522e02576dc99aa64b58201f77ba9a2e1e8
/paths/~1collections~1{collectionId}/get/responses/401/description,description,12,sha256-d089c8a9fc28e4e50223eb38c9409e362521be9380a37341304fbac7a4cd9e5f
/paths/~1collections~1{collectionId}/get/responses/403/description,description,9,sha256-78342a0905a72ce44da083dcb5d23b8ea0c16992ba2a82eece97e033d76ba3d3
/paths/~1collections~1{collectionId}/get/responses/404/description,description,20,sha256-6b1364e8313fdb227b40b76bc9f35172a8ff68b641bafac274ce7df19fba8eb5
/paths/~1collections~1{collectionId}/get/responses/500/description,description,12,sha256-dfe0c2e802b1ff632ce6e3b43ea8d6055b4db02c3b52e6871a72b05e9cc76d5e
/paths/~1collections~1{collectionId}/get/summary,summary,22,sha256-8fca942ab7c2000a2b2cb4267fcb4ecbaff3947a904989f5b4e319d8f5d1f81d
/paths/~1collections~1{collectionId}/parameters/0/description,description,28,sha256-140aa928e4b539b83486212c126800bff650aa43127a11c7094294547d4cc172
/paths/~1collections~1{collectionId}/put/description,description,30,sha256-7bbd0303b0da6af71aa2f1d36ac006b0a765734a65e562e394a6ff3abd98fdda
/paths/~1collections~1{collectionId}/put/requestBody/content/application~1json/schema/properties/name/description,description,27,sha256-9ce3a175aaa373e0d4cf6a1cbf8e554251c97e9ec091843b2baa353290ebc142
/paths/~1collections~1{collectionId}/put/responses/200/content/application~1json/example,example,3,sha256-ca3d163bab055381827226140568f3bef7eaac187cebd76878e0b63e9e442356
/paths/~1collections~1{collectionId}/put/responses/200/description,description,2,sha256-565339bc4d33d72817b583024112eb7f5cdf3e5eef0252d6ec1b9c9a94e12bb3
/paths/~1collections~1{collectionId}/put/responses/200/headers/Content-Type/schema/example,example,16,sha256-bacb769b46f6d169fb227ea026550f411d46cbe66a9c2a6ba36449c8cf8e4dea
/paths/~1collections~1{collectionId}/put/responses/400/description,description,11,sha256-917ef22f94f460141928531e1945453e29d89dcd58e3383c2b3ba0e2e19eb0d7
/paths/~1collections~1{collectionId}/put/responses/401/description,description,12,sha256-d089c8a9fc28e4e50223eb38c9409e362521be9380a37341304fbac7a4cd9e5f
/paths/~1collections~1{collectionId}/put/responses/403/description,description,9,sha256-78342a0905a72ce44da083dcb5d23b8ea0c16992ba2a82eece97e033d76ba3d3
/paths/~1collections~1{collectionId}/put/responses/404/description,description,20,sha256-6b1364e8313fdb227b40b76bc9f35172a8ff68b641bafac274ce7df19fba8eb5
/paths/~1collections~1{collectionId}/put/responses/500/description,description,12,sha256-dfe0c2e802b1ff632ce6e3b43ea8d6055b4db02c3b52e6871a72b05e9cc76d5e
/paths/~1collections~1{collectionId}/put/summary,summary,17,sha256-57b95327fac4ab55c149ceeb1439db350931178174d4cfd0b48fbbbc2e96b5c1
/paths/~1collections~1{collectionId}/servers/0/description,description,27,sha256-9836600675f763ce2598e0fee6eb5930d9d57a5978f92ff5c989028e9ded4ec4
/paths/~1collections~1{collectionId}/servers/1/description,description,29,sha256-2cc2e58054c38bb2cdfd6bd2edcbd1018ee6934d126106c292611be1bb7b62d5
/paths/~1completions/post/responses/200/description,description,2,sha256-565339bc4d33d72817b583024112eb7f5cdf3e5eef0252d6ec1b9c9a94e12bb3
/paths/~1completions/post/summary,summary,11,sha256-ab1451c522d1dc408eafa6b235bd61bf9dbdf547c5c813b2bc1194d500043e08
/paths/~1completions/post/x-code-samples,x-code-samples,2619,sha256-f36b5b338839bbe5a8195d0b3a79d939de2e8e0b4d2ef7b1bbeccc16a4ce0f80
/paths/~1completions/servers/0/description,description,27,sha256-9836600675f763ce2598e0fee6eb5930d9d57a5978f92ff5c989028e9ded4ec4
/paths/~1completions/servers/1/description,description,23,sha256-d811289af1a8cb3ffb208a0b7c205b5e6c03c013897c947048a4b84b0c07fde7
/paths/~1configs/get/responses/200/content/application~1json/examples,examples,493,sha256-6756634c9035bf55aea35d3bfccc8c22a9051a504f2bd7d81924040a5df027fe
/paths/~1configs/get/responses/200/description,description,17,sha256-5ea038ac3bfa4290647aaea584ac1c7b3c93297b632a266c31af25caa4362f24
/paths/~1configs/get/summary,summary,16,sha256-6a5cce5318dd94c3045a9cbca3abdf7e9b725b7b290a7d0c90faacf0d17e29f6
/paths/~1configs/get/x-code-samples,x-code-samples,1277,sha256-033569c277464d8669f6fcf7bf07a6b0fb304f2602237bcd05a245d580c7bc33
/paths/~1configs/post/requestBody/content/application~1json/examples,examples,107,sha256-7f093ac63d12f68e20d3e187ebc97c158cce163fa16942b3dac2f0f9902afd98
/paths/~1configs/post/requestBody/content/application~1json/schema/properties/workspace_id/description,description,48,sha256-0e9a90d2a49b7f6de711cf3aae098910ff3653bb3d9d7098409e3722bfaafb00
/paths/~1configs/post/responses/200/content/application~1json/examples,examples,150,sha256-612d624254d78ffcd200c966658c91bae48b3c37b64a0e0efc2cf51374296847
/paths/~1configs/post/responses/200/description,description,27,sha256-ef21fa5f9230a947754a87424a1970f517c78df91351f8c04d835637e624afdf
/paths/~1configs/post/summary,summary,15,sha256-a97e74949ea867314071129cc07821339e53203eaeb3e3e2f4f0b35b1529145a
/paths/~1configs/post/x-code-samples,x-code-samples,2042,sha256-b264aeeb79ce35a81201c030f1cdf7b7cc7c56c901f1edc1f601a4489a4d6234
/paths/~1configs/servers/0/description,description,27,sha256-9836600675f763ce2598e0fee6eb5930d9d57a5978f92ff5c989028e9ded4ec4
/paths/~1configs/servers/1/description,description,29,sha256-2cc2e58054c38bb2cdfd6bd2edcbd1018ee6934d126106c292611be1bb7b62d5
/paths/~1configs~1{slug}/delete/responses/200/content/application~1json/examples,examples,23,sha256-1252cfbdcff03da0f377f189d86fc4834a5e9c9b0e173274e660d6a274c1cea6
/paths/~1configs~1{slug}/delete/responses/200/description,description,27,sha256-a9e955139fb6e34a4f209e56e606e4f00e20450c86346b45bf0c8e1705946507
/paths/~1configs~1{slug}/delete/summary,summary,15,sha256-27bf2f109db06eadd03873b8bccbbc2ab86668e17304e917bfe919b731cb0e28
/paths/~1configs~1{slug}/delete/x-code-samples,x-code-samples,940,sha256-7512d5e5e3109eccdb0e03ead87a7d4f9d7b56d6a4e37dbe3453c0998e9f31c3
/paths/~1configs~1{slug}/get/responses/200/content/application~1json/examples,examples,416,sha256-8a44c9f0f94ae7cf598933c5a63545b17b02f8b60d1285532a9006192949c8f3
/paths/~1configs~1{slug}/get/responses/200/description,description,14,sha256-fdb4a0163b5f5734b49aea34e5e71d620bbfd1d8519911db65a0068fdcb09c03
/paths/~1configs~1{slug}/get/servers/0/description,description,27,sha256-9836600675f763ce2598e0fee6eb5930d9d57a5978f92ff5c989028e9ded4ec4
/paths/~1configs~1{slug}/get/servers/1/description,description,29,sha256-2cc2e58054c38bb2cdfd6bd2edcbd1018ee6934d126106c292611be1bb7b62d5
/paths/~1configs~1{slug}/get/summary,summary,12,sha256-abe5795150deb138ff496b7a08df8c7d09319a69627ca1c5d7bbb23b9a35ac6f
/paths/~1configs~1{slug}/get/x-code-samples,x-code-samples,1253,sha256-1670de82e94b4d01f76d265a4f138694f61f329198bdb06711b91c3a6b113cd1
/paths/~1configs~1{slug}/put/requestBody/content/application~1json/examples,examples,112,sha256-70e280a5090101b79863836d2653c88ec00cb9686806a65b5c842f6b91b41ede
/paths/~1configs~1{slug}/put/responses/200/content/application~1json/examples,examples,103,sha256-1bdf282d042c73e3a48fa8bb743bf36cfb0e401a1238d45fa6d1333a8686e992
/paths/~1configs~1{slug}/put/responses/200/description,description,27,sha256-e5b5eaf1f2e5e1a037470a8b5bb92e1de01596db19ab22881a2bba264f0ef1b0
/paths/~1configs~1{slug}/put/servers/0/description,description,27,sha256-9836600675f763ce2598e0fee6eb5930d9d57a5978f92ff5c989028e9ded4ec4
/paths/~1configs~1{slug}/put/servers/1/description,description,29,sha256-2cc2e58054c38bb2cdfd6bd2edcbd1018ee6934d126106c292611be1bb7b62d5
/paths/~1configs~1{slug}/put/summary,summary,15,sha256-43db24917e92fe01deee92e13f9e6dd0b9952a2d1058698854d862a259ed8529
/paths/~1configs~1{slug}/put/x-code-samples,x-code-samples,2009,sha256-954592cc4692c2edc3dc5ad919f3211e5c0eaaf18b2886d5ae9ae4fe08535710
/paths/~1configs~1{slug}/servers/0/description,description,27,sha256-9836600675f763ce2598e0fee6eb5930d9d57a5978f92ff5c989028e9ded4ec4
/paths/~1configs~1{slug}/servers/1/description,description,29,sha256-2cc2e58054c38bb2cdfd6bd2edcbd1018ee6934d126106c292611be1bb7b62d5
/paths/~1configs~1{slug}~1versions/get/responses/200/content/application~1json/examples,examples,689,sha256-e81adf485869268a36fd8f4d83b9c384cefddcd2bfedf532e674f914980d1823
/paths/~1configs~1{slug}~1versions/get/responses/200/content/application~1json/schema/properties/data/items/properties/config/description,description,41,sha256-4b54d707a8d0dc4285f144f7177924b605b6a7bd5fcd01b8f995d3c0a8505a16
/paths/~1configs~1{slug}~1versions/get/responses/200/description,description,25,sha256-8d246978ecda8dcad1a152dca41dff42113e90ccfc48ff127e9bde8a8ac89158
/paths/~1configs~1{slug}~1versions/get/summary,summary,26,sha256-0d02f430133c8dbb8ab43def1b0b43e97b13b14efa375e966f16cbb8f01f5b20
/paths/~1configs~1{slug}~1versions/get/x-code-samples,x-code-samples,187,sha256-ba23c983c1192412933e6b737b70c9f0828b8f394f0a93fae1ba35a7e2bfe86e
/paths/~1configs~1{slug}~1versions/servers/0/description,description,27,sha256-9836600675f763ce2598e0fee6eb5930d9d57a5978f92ff5c989028e9ded4ec4
/paths/~1configs~1{slug}~1versions/servers/1/description,description,29,sha256-2cc2e58054c38bb2cdfd6bd2edcbd1018ee6934d126106c292611be1bb7b62d5
/paths/~1deployments/get/description,description,126,sha256-56216f7c1867a5b4aebdf8e362930bef0e3d7fe07a4bbfe75dec0530ef0c3230
/paths/~1deployments/get/parameters/0/description,description,34,sha256-33e57eff7c28bcec7febfb7e2943d97c3119d507c79c51f31b450bf1e091672f
/paths/~1deployments/get/parameters/1/description,description,16,sha256-94d5a7703a8250de4c9e24b29839ffafa5d8477efb19c56ebce83470102e6212
/paths/~1deployments/get/parameters/2/description,description,25,sha256-c893d48ff63f90835349029b6fb74ae3359b199de015a888802ceccd502d999c
/paths/~1deployments/get/parameters/3/description,description,57,sha256-ae1a112e60044688e9685e9f4f444f93e9ebac83aa112e6bd6bafe269817815f
/paths/~1deployments/get/parameters/4/description,description,14,sha256-4ae2b33364bca975916fba81e47f6764060b4fd737fa0f208f1e4f51708d9cca
/paths/~1deployments/get/parameters/5/description,description,221,sha256-e67caf2fe2a33bfb0765664d4a0b22b72828462bd43f88b39477a224987a9ede
/paths/~1deployments/get/parameters/5/schema/oneOf/0/description,description,19,sha256-f95588380e79f408ec5075114de8d9227cec4d916353d9a359eefa1ce85a2810
/paths/~1deployments/get/parameters/5/schema/oneOf/0/example,example,36,sha256-fe48fa6a2ac0e44634ab167641a949eee483ceb5ca314147edb38a7e9e894f3d
/paths/~1deployments/get/parameters/5/schema/oneOf/1/description,description,32,sha256-31bd98e3155793e4daff8371e69a266a948eea7e47ea61348f90c3f6f1fc2b22
/paths/~1deployments/get/parameters/5/schema/oneOf/1/example,example,29,sha256-fd4282c28c853ca7f132e401b577640a9e4cdb7a06582945aa9ef8d175259f8c
/paths/~1deployments/get/responses/200/description,description,19,sha256-40c36e17aeb2957d4bd44663c5fa646d56ddff440280be284f0efbf5ccd87d02
/paths/~1deployments/get/summary,summary,28,sha256-5ef921c34ee032c5fe4cd1dc40263dddc055f4f7a9547cdba708041f81fbe31b
/paths/~1deployments/get/x-code-samples,x-code-samples,330,sha256-df6e473a4609fbdead1afc31297a8bb37345187d58d7ddcdd73c25ef1e890b19
/paths/~1deployments/post/description,description,242,sha256-37307ef04490bab1686b0fe0c4a8f9e4cde7e55341e11eeedbef87c1f3231e23
/paths/~1deployments/post/responses/200/description,description,19,sha256-40c36e17aeb2957d4bd44663c5fa646d56ddff440280be284f0efbf5ccd87d02
/paths/~1deployments/post/responses/400/description,description,59,sha256-1848d39b43c89675a3d6a160ac6f7f0ae7edf45f7efdd9f4328ed9ba3d3006c6
/paths/~1deployments/post/responses/403/description,description,106,sha256-9bfd64a5c0af34f832829ec5974820d9b608c39e90ed549860296459d84d37c0
/paths/~1deployments/post/responses/404/description,description,22,sha256-11c3e08bbdbd33ae3011899eb79980b8ef2b262d7fe0bdff3f0c4280be3f7505
/paths/~1deployments/post/summary,summary,29,sha256-0a9759b5f7d63594d030957fccbbb22f916eb5bc29cb6e64d6a4a6521a59fb57
/paths/~1deployments/post/x-code-samples,x-code-samples,776,sha256-f845063725ae95a17783bb2f93e2f14b815cc6c6900839b159b9a987465d5c9b
/paths/~1deployments/servers/0/description,description,27,sha256-9836600675f763ce2598e0fee6eb5930d9d57a5978f92ff5c989028e9ded4ec4
/paths/~1deployments/servers/1/description,description,29,sha256-2cc2e58054c38bb2cdfd6bd2edcbd1018ee6934d126106c292611be1bb7b62d5
/paths/~1deployments~1{deploymentId}/delete/description,description,65,sha256-4dddc48562e76640ef3d009fb8382f7761e61644e16c6af7a474fa297c2bf9f7
/paths/~1deployments~1{deploymentId}/delete/responses/200/description,description,19,sha256-40c36e17aeb2957d4bd44663c5fa646d56ddff440280be284f0efbf5ccd87d02
/paths/~1deployments~1{deploymentId}/delete/responses/404/description,description,20,sha256-fa1d75b3aa47712e357859846e1241b8c606e34825b4d0f5c7869f4ce9008fe2
/paths/~1deployments~1{deploymentId}/delete/summary,summary,27,sha256-68136493bc35053572ad5eb40a01399be0990dedfd5d87008ba2f86b01958e4c
/paths/~1deployments~1{deploymentId}/delete/x-code-samples,x-code-samples,336,sha256-96cd33050346446a4770ad486508eb5b6d18e888709f1f230bc819072af0aae1
/paths/~1deployments~1{deploymentId}/get/description,description,192,sha256-9e3b81500203922106dc7b9c42ac21ea4e8f046e95dc9d3f1d8be0f859c5b1e1
/paths/~1deployments~1{deploymentId}/get/parameters/0/description,description,33,sha256-6b9289c1bf04375cb8a70b831d6e020ea1469cd464e6cd24a0ad98b35db1c4ac
/paths/~1deployments~1{deploymentId}/get/responses/200/description,description,19,sha256-40c36e17aeb2957d4bd44663c5fa646d56ddff440280be284f0efbf5ccd87d02
/paths/~1deployments~1{deploymentId}/get/responses/404/description,description,20,sha256-fa1d75b3aa47712e357859846e1241b8c606e34825b4d0f5c7869f4ce9008fe2
/paths/~1deployments~1{deploymentId}/get/summary,summary,24,sha256-06922840bcc359e6353c329f794aa9607a696eab27828013732a15798206bba5
/paths/~1deployments~1{deploymentId}/get/x-code-samples,x-code-samples,326,sha256-09a409075214efac71ac3d97e8b8dc50099f0767e87521fd0da2bd68d7b39c16
/paths/~1deployments~1{deploymentId}/put/description,description,192,sha256-249fc70d45e11dd0860b00fbdeee2e7b4cd5357be2906c758e6a193a810e848e
/paths/~1deployments~1{deploymentId}/put/responses/200/description,description,19,sha256-40c36e17aeb2957d4bd44663c5fa646d56ddff440280be284f0efbf5ccd87d02
/paths/~1deployments~1{deploymentId}/put/responses/400/description,description,82,sha256-50cd16f5699548e88f550cab09b69f1d75217dbe3da46c930448b1e585c1838b
/paths/~1deployments~1{deploymentId}/put/responses/403/description,description,51,sha256-ae461d6361a4595a887aae5d1eb3e6be680533b3a66581cbe6719393116230e1
/paths/~1deployments~1{deploymentId}/put/responses/404/description,description,20,sha256-fa1d75b3aa47712e357859846e1241b8c606e34825b4d0f5c7869f4ce9008fe2
/paths/~1deployments~1{deploymentId}/put/summary,summary,27,sha256-d2530bc029cf1fe32512d890277b0855aceb7aed341dc03ca6e88217d8999f19
/paths/~1deployments~1{deploymentId}/put/x-code-samples,x-code-samples,745,sha256-0885b1092161fd0d891b78b6a0a4251aff6f1b38822fcd2da50d0b34e1a63b08
/paths/~1deployments~1{deploymentId}/servers/0/description,description,27,sha256-9836600675f763ce2598e0fee6eb5930d9d57a5978f92ff5c989028e9ded4ec4
/paths/~1deployments~1{deploymentId}/servers/1/description,description,29,sha256-2cc2e58054c38bb2cdfd6bd2edcbd1018ee6934d126106c292611be1bb7b62d5
/paths/~1deployments~1{deploymentId}~1ping/get/description,description,365,sha256-3f6fb300cf3ecf9ebf26dab9e01875e0531afdc3ca34d50b4fd26c5144a85457
/paths/~1deployments~1{deploymentId}~1ping/get/responses/200/description,description,19,sha256-40c36e17aeb2957d4bd44663c5fa646d56ddff440280be284f0efbf5ccd87d02
/paths/~1deployments~1{deploymentId}~1ping/get/responses/400/description,description,52,sha256-3299f40f4b86c08bff8f1eeac77d600db65f9ceb0938b123ad9df55ef4ec918e
/paths/~1deployments~1{deploymentId}~1ping/get/responses/404/description,description,20,sha256-fa1d75b3aa47712e357859846e1241b8c606e34825b4d0f5c7869f4ce9008fe2
/paths/~1deployments~1{deploymentId}~1ping/get/summary,summary,25,sha256-a537f6be62c6d8848ac227714214adf0f42f9d312fd330425dcfe3375c3ca051
/paths/~1deployments~1{deploymentId}~1ping/get/x-code-samples,x-code-samples,340,sha256-05349a14fa41138d42f7792133ec908b9fba7e049ea6db7e6ddae69807986c79
/paths/~1deployments~1{deploymentId}~1ping/servers/0/description,description,27,sha256-9836600675f763ce2598e0fee6eb5930d9d57a5978f92ff5c989028e9ded4ec4
/paths/~1deployments~1{deploymentId}~1ping/servers/1/description,description,29,sha256-2cc2e58054c38bb2cdfd6bd2edcbd1018ee6934d126106c292611be1bb7b62d5
/paths/~1embeddings/post/responses/200/description,description,2,sha256-565339bc4d33d72817b583024112eb7f5cdf3e5eef0252d6ec1b9c9a94e12bb3
/paths/~1embeddings/post/summary,summary,10,sha256-f3bcb899f0082dd7b2ae53e48a63cfced94ff95f27913cf96ab71e08613080bd
/paths/~1embeddings/post/x-code-samples,x-code-samples,2715,sha256-65fd2b426e3893c621b91a1ac7be08699cb51f9b74049ada73c8f41ec42d6c12
/paths/~1embeddings/servers/0/description,description,27,sha256-9836600675f763ce2598e0fee6eb5930d9d57a5978f92ff5c989028e9ded4ec4
/paths/~1embeddings/servers/1/description,description,23,sha256-d811289af1a8cb3ffb208a0b7c205b5e6c03c013897c947048a4b84b0c07fde7
/paths/~1feedback/post/description,description,87,sha256-c9fbb4b7f232dad563e9cce79c53ab461c8c18c91ce777ba853f83f75bde0055
/paths/~1feedback/post/responses/200/description,description,27,sha256-2fc679c2e9e75648d3f2136648354741662ff4e32c91fe0f2dcb53d79b3884aa
/paths/~1feedback/post/summary,summary,19,sha256-2b82f0279e0d9fd105192ab36af43df9bd7eaf0f4e714356a0e013e6fd01940f
/paths/~1feedback/post/x-code-samples,x-code-samples,1811,sha256-511d4257934180c4e80e28ba8e678620ed4b1b1da24ea8c65ae099e489160f9e
/paths/~1feedback/servers/0/description,description,27,sha256-9836600675f763ce2598e0fee6eb5930d9d57a5978f92ff5c989028e9ded4ec4
/paths/~1feedback/servers/1/description,description,29,sha256-2cc2e58054c38bb2cdfd6bd2edcbd1018ee6934d126106c292611be1bb7b62d5
/paths/~1feedback~1{id}/put/description,description,55,sha256-bb8c2504e0ab5c74e15a94d47521f68dc0bdeea7494cf2957af5633f4a660932
/paths/~1feedback~1{id}/put/parameters/0/description,description,11,sha256-305dd03210b65e87fdbb663ad744835be90fb62f32812c4d549051b689dee82e
/paths/~1feedback~1{id}/put/responses/200/description,description,29,sha256-73a4196a1ea0d4e0a4c51b3f6cc019c63bcc201918c3e22467a2eabaf1ade219
/paths/~1feedback~1{id}/put/summary,summary,25,sha256-d011a62258671ee7a9f4bbddc41702620211678fbb9d6655b3c6d60d2415756f
/paths/~1feedback~1{id}/put/x-code-samples,x-code-samples,1750,sha256-7e054d85ae736de08934a14e088afdaeb648c87b876f4580d197553b766281c4
/paths/~1feedback~1{id}/servers/0/description,description,27,sha256-9836600675f763ce2598e0fee6eb5930d9d57a5978f92ff5c989028e9ded4ec4
/paths/~1feedback~1{id}/servers/1/description,description,29,sha256-2cc2e58054c38bb2cdfd6bd2edcbd1018ee6934d126106c292611be1bb7b62d5
/paths/~1files/get/parameters/0/description,description,41,sha256-adab779bda1141c86732c303f49b8b856f9f7679852dd87c30f19e4a13d23ac3
/paths/~1files/get/responses/200/description,description,2,sha256-565339bc4d33d72817b583024112eb7f5cdf3e5eef0252d6ec1b9c9a94e12bb3
/paths/~1files/get/summary,summary,10,sha256-3ab99410333f6cfe6b332c49d099a3e7728faa65f58e3007d2db6bea344a7a30
/paths/~1files/get/x-code-samples,x-code-samples,722,sha256-72b1f0b5b08dea71a5b545374b30eaa47eedd562713b37aab9dac5da6b516e13
/paths/~1files/post/responses/200/description,description,2,sha256-565339bc4d33d72817b583024112eb7f5cdf3e5eef0252d6ec1b9c9a94e12bb3
/paths/~1files/post/summary,summary,154,sha256-df60c030a20e572ed60a50b3894d66906daaba882654935384915e104cdf952c
/paths/~1files/post/x-code-samples,x-code-samples,937,sha256-883acc83a671c412921f4540dd1b3218b83a551cc03ffc77ace587d1ccb329c4
/paths/~1files/servers/0/description,description,27,sha256-9836600675f763ce2598e0fee6eb5930d9d57a5978f92ff5c989028e9ded4ec4
/paths/~1files/servers/1/description,description,23,sha256-d811289af1a8cb3ffb208a0b7c205b5e6c03c013897c947048a4b84b0c07fde7
/paths/~1files~1{file_id}/delete/parameters/0/description,description,43,sha256-47f134ab2b46648c5dd78262c48c71d196f4d4908f4a2c8864e48bf631255169
/paths/~1files~1{file_id}/delete/responses/200/description,description,2,sha256-565339bc4d33d72817b583024112eb7f5cdf3e5eef0252d6ec1b9c9a94e12bb3
/paths/~1files~1{file_id}/delete/summary,summary,11,sha256-e1e5fe2043bd3003147a785a42a5edddccbf57d465ca32ad0f033cf7b64f04c8
/paths/~1files~1{file_id}/delete/x-code-samples,x-code-samples,750,sha256-7a9b6d351bcf86d5b374aee17c7f3fb942ed73aad0fe78020997896fc3c3e033
/paths/~1files~1{file_id}/get/parameters/0/description,description,43,sha256-47f134ab2b46648c5dd78262c48c71d196f4d4908f4a2c8864e48bf631255169
/paths/~1files~1{file_id}/get/responses/200/description,description,2,sha256-565339bc4d33d72817b583024112eb7f5cdf3e5eef0252d6ec1b9c9a94e12bb3
/paths/~1files~1{file_id}/get/summary,summary,42,sha256-db3a5f4039178100eabfbc7bbed291fd517225c3f6c894d5d486b8f6032f0310
/paths/~1files~1{file_id}/get/x-code-samples,x-code-samples,738,sha256-d23ac864948bafe0ee6b9ee7cbc547d225b86740433f1e38b7496eece820db6c
/paths/~1files~1{file_id}/servers/0/description,description,27,sha256-9836600675f763ce2598e0fee6eb5930d9d57a5978f92ff5c989028e9ded4ec4
/paths/~1files~1{file_id}/servers/1/description,description,23,sha256-d811289af1a8cb3ffb208a0b7c205b5e6c03c013897c947048a4b84b0c07fde7
/paths/~1files~1{file_id}~1content/get/parameters/0/description,description,43,sha256-47f134ab2b46648c5dd78262c48c71d196f4d4908f4a2c8864e48bf631255169
/paths/~1files~1{file_id}~1content/get/responses/200/description,description,2,sha256-565339bc4d33d72817b583024112eb7f5cdf3e5eef0252d6ec1b9c9a94e12bb3
/paths/~1files~1{file_id}~1content/get/summary,summary,43,sha256-e1c3a43cdcfce859b7e5e6b832024e46de8ca858bbae3ed19861858c3840aa71
/paths/~1files~1{file_id}~1content/get/x-code-samples,x-code-samples,755,sha256-3a5e5eddf70c59ea0ca03f9d1d5567ebe2dc97616fd60e05131478bb28d0d4d5
/paths/~1files~1{file_id}~1content/servers/0/description,description,27,sha256-9836600675f763ce2598e0fee6eb5930d9d57a5978f92ff5c989028e9ded4ec4
/paths/~1files~1{file_id}~1content/servers/1/description,description,23,sha256-d811289af1a8cb3ffb208a0b7c205b5e6c03c013897c947048a4b84b0c07fde7
/paths/~1fine_tuning~1jobs/get/parameters/0/description,description,65,sha256-f55382cd52a3242492577aed641270336b264076e2e9109defba0834ec3af9fb
/paths/~1fine_tuning~1jobs/get/parameters/1/description,description,39,sha256-b57e99cd9d0eae4f5eb4858da83db598a57837d9465a93c1ce04334499ce3dd5
/paths/~1fine_tuning~1jobs/get/responses/200/description,description,2,sha256-565339bc4d33d72817b583024112eb7f5cdf3e5eef0252d6ec1b9c9a94e12bb3
/paths/~1fine_tuning~1jobs/get/summary,summary,42,sha256-9c209ff5ebe4f87295b906691a6ce661329afc704884c1d002e147337c60e259
/paths/~1fine_tuning~1jobs/get/x-code-samples,x-code-samples,1758,sha256-4d9cfaaf91cafe5dec3a3c1e3be5c27f7fa9cd8ab9331322af645e54be0798b7
/paths/~1fine_tuning~1jobs/post/description,description,25,sha256-582a5e0610b06b16e925d29b0bab682b75d0904b041c88259114b53585f02f1c
/paths/~1fine_tuning~1jobs/post/responses/200/description,description,26,sha256-3ce8d67a78ad4e36558f57ec7e96cab9b6c68742603027ccb72d12f6c5d7928e
/paths/~1fine_tuning~1jobs/post/summary,summary,21,sha256-5ab0b03a0b1ca24746f098e3b4087e418d3ab0dfbeea639d7b2ca130a3e0403c
/paths/~1fine_tuning~1jobs/post/x-code-samples,x-code-samples,2224,sha256-aaab1ec6c2100f3d7db06f7235b3af15900032a21c67955e3bdd8a084756177e
/paths/~1fine_tuning~1jobs/servers/0/description,description,27,sha256-9836600675f763ce2598e0fee6eb5930d9d57a5978f92ff5c989028e9ded4ec4
/paths/~1fine_tuning~1jobs/servers/1/description,description,23,sha256-d811289af1a8cb3ffb208a0b7c205b5e6c03c013897c947048a4b84b0c07fde7
/paths/~1fine_tuning~1jobs~1{fine_tuning_job_id}/get/parameters/0/description,description,31,sha256-fcfdc61bc6aa4531f370ac46ec10c1ec5d35092fee6254ff2454e4a54f153495
/paths/~1fine_tuning~1jobs~1{fine_tuning_job_id}/get/parameters/0/schema/example,example,27,sha256-4cdabeb81c7235f34bbcfa64d98e22fbb414a9b7bd178fb7b55530b05b9f36e3
/paths/~1fine_tuning~1jobs~1{fine_tuning_job_id}/get/responses/200/description,description,2,sha256-565339bc4d33d72817b583024112eb7f5cdf3e5eef0252d6ec1b9c9a94e12bb3
/paths/~1fine_tuning~1jobs~1{fine_tuning_job_id}/get/summary,summary,119,sha256-f78e0fca8f97cbd51350056957dafe04c0523dd6b0349b503bd676f29212a322
/paths/~1fine_tuning~1jobs~1{fine_tuning_job_id}/get/x-code-samples,x-code-samples,1785,sha256-fd66ea5cbac5679c07d4753b764a27ddc53356cebf3e6939bd0424270f386701
/paths/~1fine_tuning~1jobs~1{fine_tuning_job_id}/servers/0/description,description,27,sha256-9836600675f763ce2598e0fee6eb5930d9d57a5978f92ff5c989028e9ded4ec4
/paths/~1fine_tuning~1jobs~1{fine_tuning_job_id}/servers/1/description,description,23,sha256-d811289af1a8cb3ffb208a0b7c205b5e6c03c013897c947048a4b84b0c07fde7
/paths/~1fine_tuning~1jobs~1{fine_tuning_job_id}~1cancel/post/parameters/0/description,description,41,sha256-9378e6904a9082f4f9796afcb3d2245c75b94b96d0f679efbf127c138859d8a0
/paths/~1fine_tuning~1jobs~1{fine_tuning_job_id}~1cancel/post/parameters/0/schema/example,example,27,sha256-4cdabeb81c7235f34bbcfa64d98e22fbb414a9b7bd178fb7b55530b05b9f36e3
/paths/~1fine_tuning~1jobs~1{fine_tuning_job_id}~1cancel/post/responses/200/description,description,2,sha256-565339bc4d33d72817b583024112eb7f5cdf3e5eef0252d6ec1b9c9a94e12bb3
/paths/~1fine_tuning~1jobs~1{fine_tuning_job_id}~1cancel/post/summary,summary,36,sha256-3878e74a380022656f1addd3437f9329425040751805588cd6f3599ec5bb2f53
/paths/~1fine_tuning~1jobs~1{fine_tuning_job_id}~1cancel/post/x-code-samples,x-code-samples,1818,sha256-d653cda87d3c414e166954da5a9365f5482cf2df7d890a26b5d6af87ab2062a2
/paths/~1fine_tuning~1jobs~1{fine_tuning_job_id}~1cancel/servers/0/description,description,27,sha256-9836600675f763ce2598e0fee6eb5930d9d57a5978f92ff5c989028e9ded4ec4
/paths/~1fine_tuning~1jobs~1{fine_tuning_job_id}~1cancel/servers/1/description,description,23,sha256-d811289af1a8cb3ffb208a0b7c205b5e6c03c013897c947048a4b84b0c07fde7
/paths/~1fine_tuning~1jobs~1{fine_tuning_job_id}~1checkpoints/get/parameters/0/description,description,54,sha256-0283701157291a806863397323258b0df6e853515e68c1624f3ef1db760bc421
/paths/~1fine_tuning~1jobs~1{fine_tuning_job_id}~1checkpoints/get/parameters/0/schema/example,example,27,sha256-4cdabeb81c7235f34bbcfa64d98e22fbb414a9b7bd178fb7b55530b05b9f36e3
/paths/~1fine_tuning~1jobs~1{fine_tuning_job_id}~1checkpoints/get/parameters/1/description,description,75,sha256-fdf73b7dcac88abefd533203e19d28f11951c242246a680a648d6bc7468ae1cc
/paths/~1fine_tuning~1jobs~1{fine_tuning_job_id}~1checkpoints/get/parameters/2/description,description,34,sha256-657470964d712878daf4361b38b0d727b3e21abf653f8642e5f7769d313ee944
/paths/~1fine_tuning~1jobs~1{fine_tuning_job_id}~1checkpoints/get/responses/200/description,description,2,sha256-565339bc4d33d72817b583024112eb7f5cdf3e5eef0252d6ec1b9c9a94e12bb3
/paths/~1fine_tuning~1jobs~1{fine_tuning_job_id}~1checkpoints/get/summary,summary,40,sha256-3b6aca276238a68a550db80529c13862eacdee21b1f705c11bcc28b0d1bb21b9
/paths/~1fine_tuning~1jobs~1{fine_tuning_job_id}~1checkpoints/get/x-code-samples,x-code-samples,1959,sha256-8b81ff9eea28784857647cd835b99dc02449a267c98d2a82bd6b91b41a395b61
/paths/~1fine_tuning~1jobs~1{fine_tuning_job_id}~1checkpoints/servers/0/description,description,27,sha256-9836600675f763ce2598e0fee6eb5930d9d57a5978f92ff5c989028e9ded4ec4
/paths/~1fine_tuning~1jobs~1{fine_tuning_job_id}~1checkpoints/servers/1/description,description,23,sha256-d811289af1a8cb3ffb208a0b7c205b5e6c03c013897c947048a4b84b0c07fde7
/paths/~1fine_tuning~1jobs~1{fine_tuning_job_id}~1events/get/parameters/0/description,description,49,sha256-c322165cbae875073a0dfe57d5b3e1a276bf108a7d2d9223f22478ca0fd01fce
/paths/~1fine_tuning~1jobs~1{fine_tuning_job_id}~1events/get/parameters/0/schema/example,example,27,sha256-4cdabeb81c7235f34bbcfa64d98e22fbb414a9b7bd178fb7b55530b05b9f36e3
/paths/~1fine_tuning~1jobs~1{fine_tuning_job_id}~1events/get/parameters/1/description,description,67,sha256-e71ffedff2979819d29686a2d0bce9915baeea9ee3fe90654d99f60013beb63e
/paths/~1fine_tuning~1jobs~1{fine_tuning_job_id}~1events/get/parameters/2/description,description,29,sha256-380d598c4bf8975b3c78a33859152e0f8e427b3fe2113f78b36b3ef9cd6ae4fc
/paths/~1fine_tuning~1jobs~1{fine_tuning_job_id}~1events/get/responses/200/description,description,2,sha256-565339bc4d33d72817b583024112eb7f5cdf3e5eef0252d6ec1b9c9a94e12bb3
/paths/~1fine_tuning~1jobs~1{fine_tuning_job_id}~1events/get/summary,summary,42,sha256-b0b9dd925cd9dbcc452abaa0b8020f018b3532fe0bf034cad70aa66f191c33b4
/paths/~1fine_tuning~1jobs~1{fine_tuning_job_id}~1events/get/x-code-samples,x-code-samples,1991,sha256-a49cb175b8a71aee99d0ee1ef870234c8b2f301ee5b7a7d9d48f71f99edb6fd3
/paths/~1fine_tuning~1jobs~1{fine_tuning_job_id}~1events/servers/0/description,description,27,sha256-9836600675f763ce2598e0fee6eb5930d9d57a5978f92ff5c989028e9ded4ec4
/paths/~1fine_tuning~1jobs~1{fine_tuning_job_id}~1events/servers/1/description,description,23,sha256-d811289af1a8cb3ffb208a0b7c205b5e6c03c013897c947048a4b84b0c07fde7
/paths/~1guardrails/get/description,description,84,sha256-ef4764f7d06150e4ab3ad3c16b8493889e842a9a4d72317c66f2e7b85cd95977
/paths/~1guardrails/get/parameters/0/description,description,35,sha256-ec875d64f6b0efa6c265ac7f3aa55abedbe0c4aafbbc98823067b6e5653f6c5b
/paths/~1guardrails/get/parameters/1/description,description,38,sha256-63304fe01ace5217b0f739d02232e53d654d65d1f180b03d57465c15e518e658
/paths/~1guardrails/get/parameters/2/description,description,24,sha256-f2e65f0a130e2d69335772c1c1dda0767a3ef9415251fdfa0cd4178a574259ca
/paths/~1guardrails/get/parameters/3/description,description,31,sha256-52fb055ff8b3309167d11e5257d13d678a2f3ac74d989a5e72b374e540e39d95
/paths/~1guardrails/get/responses/200/description,description,41,sha256-f219f59ade4f668078f4c085ca03521819fad146147747f91877139384af480e
/paths/~1guardrails/get/responses/400/description,description,32,sha256-27e8b17e1bfe209efc89130e76912b6294bacf13d32086b0ac7b1f499c20ac00
/paths/~1guardrails/get/responses/403/description,description,36,sha256-c41200b8e39c20261daf01846ce926191895c631d4a5d0b3b208bfa0017ace6b
/paths/~1guardrails/get/summary,summary,15,sha256-c4106570aa26304dab6672eb9e31dffa01ce615a508065916187af2dcb76bc3b
/paths/~1guardrails/post/description,description,57,sha256-089707f5280acdce1cbfe03d820a88a77cdefed1b012cf141a073559fa303204
/paths/~1guardrails/post/requestBody/content/application~1json/examples,examples,16886,sha256-d5a3b849b23e2fe68e99bf5d9098d3b936a5c0f3725bd1157db6fd51565ca4b2
/paths/~1guardrails/post/responses/200/description,description,30,sha256-9299f9746e02a2393f62d4bc14638bb0f554f2306922803da377970711323a1b
/paths/~1guardrails/post/responses/400/description,description,31,sha256-89699d1c97569d99469e3a78e6a7a7e26a52ca70f384e75da8a8a715dc1dfc6f
/paths/~1guardrails/post/responses/403/description,description,61,sha256-035a84cf3f53b32771d499c690fb281f6b30fffa3f4fd7ed5c5c96786c1e3b61
/paths/~1guardrails/post/responses/500/description,description,21,sha256-f74d744451ed13502cccccac6c65505d59099b6621cc4debe58575e9442d66e6
/paths/~1guardrails/post/summary,summary,22,sha256-a01ebbc6626de8dcf4009d6c42821ae7f94f17ff4935664702c021ed98058464
/paths/~1guardrails~1{guardrailId}/delete/description,description,267,sha256-43772921cc5c57f1bfbda8ed74b135b2b06140a4af8049f4b39d3a257d891378
/paths/~1guardrails~1{guardrailId}/delete/parameters/0/description,description,32,sha256-92405080e783461ccdc6cbac15bba318007409b7312090235da91f969dfff644
/paths/~1guardrails~1{guardrailId}/delete/responses/200/description,description,30,sha256-b0e4f02aff17590c20a0bf653f1558bcc2dfcf8b5b5ba0d40c5f8f35c049f3ac
/paths/~1guardrails~1{guardrailId}/delete/responses/403/description,description,59,sha256-6e6f1bf592ef868563f09a37a709f2d7e87bc9154b0ac367bc3001a97a843322
/paths/~1guardrails~1{guardrailId}/delete/responses/500/description,description,21,sha256-f74d744451ed13502cccccac6c65505d59099b6621cc4debe58575e9442d66e6
/paths/~1guardrails~1{guardrailId}/delete/summary,summary,18,sha256-0d83ec9d93e445c569ebac5a475a68ae7e98f534a772fd51d0510badfffbab70
/paths/~1guardrails~1{guardrailId}/get/description,description,55,sha256-20a75073061efad124ccbd35c2e029f98cbe54f92417276a4dae787e683fbf62
/paths/~1guardrails~1{guardrailId}/get/parameters/0/description,description,43,sha256-36d920057ea6f7ce1074c2a5b73384eefaee259d07e9ec5ac5707ae975e280ea
/paths/~1guardrails~1{guardrailId}/get/parameters/0/examples,examples,124,sha256-a118972b557be3283a7e8232bb1dc832fcc3f1ddc4dad03e7c77d9fbfe21715b
/paths/~1guardrails~1{guardrailId}/get/responses/200/description,description,40,sha256-f2efafd18137deb8e1cb3e52ebb1a042e1d1b481edb466ccb4afbfdb2806a6ec
/paths/~1guardrails~1{guardrailId}/get/responses/403/description,description,59,sha256-6e6f1bf592ef868563f09a37a709f2d7e87bc9154b0ac367bc3001a97a843322
/paths/~1guardrails~1{guardrailId}/get/responses/500/description,description,21,sha256-f74d744451ed13502cccccac6c65505d59099b6621cc4debe58575e9442d66e6
/paths/~1guardrails~1{guardrailId}/get/summary,summary,24,sha256-7f9d855911b8bae718533fe8ff3e5b7de2668f3a4455b81000c62d0bb400c0d7
/paths/~1guardrails~1{guardrailId}/put/description,description,56,sha256-0bf352f6d48f9e13a06a754164b01da0c6fc397c9caba897db789da38bdb1bb0
/paths/~1guardrails~1{guardrailId}/put/parameters/0/description,description,32,sha256-bbb1e53dec2c6c53439a3e9ce34cc4b8d4165e6812bd71c4b860d8b1ca4297d8
/paths/~1guardrails~1{guardrailId}/put/responses/200/description,description,30,sha256-1a8189037e86834cf08b3fe7f341f06399bd22365770ca75a70e88da1fc91276
/paths/~1guardrails~1{guardrailId}/put/responses/400/description,description,31,sha256-89699d1c97569d99469e3a78e6a7a7e26a52ca70f384e75da8a8a715dc1dfc6f
/paths/~1guardrails~1{guardrailId}/put/responses/403/description,description,59,sha256-6e6f1bf592ef868563f09a37a709f2d7e87bc9154b0ac367bc3001a97a843322
/paths/~1guardrails~1{guardrailId}/put/summary,summary,18,sha256-b18c83a97a02f36fc9542dbe64d69c8862799ac1d71f15b5e6194bae3e6effab
/paths/~1guardrails~1{guardrailId}~1mcp-servers/get/description,description,104,sha256-752961b4a526f0b3daa1259caf55d4a605a9be66edebbace8e09aa2738281b0f
/paths/~1guardrails~1{guardrailId}~1mcp-servers/get/responses/200/description,description,42,sha256-b7b7073062824e87cbd2f21270aea64b9ed2ed10472c9ea7f80cd05fa453460e
/paths/~1guardrails~1{guardrailId}~1mcp-servers/get/responses/403/description,description,36,sha256-c41200b8e39c20261daf01846ce926191895c631d4a5d0b3b208bfa0017ace6b
/paths/~1guardrails~1{guardrailId}~1mcp-servers/get/responses/404/description,description,31,sha256-a58afcaad1ffe8ffa838f8bf1b660e87f8f8f30a99f7cf1e92114b4794cfb50d
/paths/~1guardrails~1{guardrailId}~1mcp-servers/get/responses/500/description,description,21,sha256-f74d744451ed13502cccccac6c65505d59099b6621cc4debe58575e9442d66e6
/paths/~1guardrails~1{guardrailId}~1mcp-servers/get/summary,summary,24,sha256-61b51330dd63a6b52d40d967edd6305dd0652da5f27087486cc75b7ef1c27e01
/paths/~1guardrails~1{guardrailId}~1mcp-servers/parameters/0/description,description,51,sha256-2077d39125f8ebeb695ea88e72b4d8837ae5b172d4856b170af20485ec25c904
/paths/~1guardrails~1{guardrailId}~1mcp-servers/put/description,description,188,sha256-55a67d1eef3bebae38b4dd786284545444d1566634761181c325bcfc1a646ae3
/paths/~1guardrails~1{guardrailId}~1mcp-servers/put/requestBody/content/application~1json/examples,examples,606,sha256-b708424a335667c509713a7ee9df37cefc66a8f516eb29a3594958a121a62d56
/paths/~1guardrails~1{guardrailId}~1mcp-servers/put/responses/200/description,description,39,sha256-0256496ff6d3472d62bd35bab54d2451b0115106e543e08f6dc43add5e9490ac
/paths/~1guardrails~1{guardrailId}~1mcp-servers/put/responses/400/description,description,76,sha256-caf9549e39c568f0dc3fdf9e4f94679ade33e4d15e03f9fc5d6e08ea356ec76d
/paths/~1guardrails~1{guardrailId}~1mcp-servers/put/responses/403/description,description,59,sha256-3637521f5117d63a4744614c4ea2d25e7d25686901f3856c98157d845063d5cb
/paths/~1guardrails~1{guardrailId}~1mcp-servers/put/responses/404/description,description,58,sha256-467a7bffd9f2494e34b5882b2e4933fa6c909bb8fd5b34be42fc432fbdba389b
/paths/~1guardrails~1{guardrailId}~1mcp-servers/put/responses/500/description,description,21,sha256-f74d744451ed13502cccccac6c65505d59099b6621cc4debe58575e9442d66e6
/paths/~1guardrails~1{guardrailId}~1mcp-servers/put/summary,summary,29,sha256-701f959dbfb9561f6fe847d1f5203593745a6445d5152b6f1327613e30195f98
/paths/~1guardrails~1{guardrailId}~1mcp-servers~1{mcpServerId}/parameters/0/description,description,22,sha256-5b9a96480fe68e421874563aab9196e0c5000696906ec0ae6f57d14e7f5743a6
/paths/~1guardrails~1{guardrailId}~1mcp-servers~1{mcpServerId}/parameters/1/description,description,15,sha256-0d3c95fa912528863e6a0fd78e668e098e42ce6cc6b052eafcf2afcb4dd0606e
/paths/~1guardrails~1{guardrailId}~1mcp-servers~1{mcpServerId}/put/description,description,205,sha256-47731dbf52aefa2108372f39db4e9ceceacc1c5c83546452726009eb5c0a59c0
/paths/~1guardrails~1{guardrailId}~1mcp-servers~1{mcpServerId}/put/requestBody/content/application~1json/examples,examples,351,sha256-db6b3301528b40efa81a860c3a291ea45d671d012706c74912fe1ac492634e0c
/paths/~1guardrails~1{guardrailId}~1mcp-servers~1{mcpServerId}/put/responses/200/description,description,50,sha256-5cff92c7203f273408eee27fa7dbbd198935b5e4804fe501dec14aebd0698896
/paths/~1guardrails~1{guardrailId}~1mcp-servers~1{mcpServerId}/put/responses/400/description,description,31,sha256-89699d1c97569d99469e3a78e6a7a7e26a52ca70f384e75da8a8a715dc1dfc6f
/paths/~1guardrails~1{guardrailId}~1mcp-servers~1{mcpServerId}/put/responses/403/description,description,59,sha256-3637521f5117d63a4744614c4ea2d25e7d25686901f3856c98157d845063d5cb
/paths/~1guardrails~1{guardrailId}~1mcp-servers~1{mcpServerId}/put/responses/404/description,description,58,sha256-467a7bffd9f2494e34b5882b2e4933fa6c909bb8fd5b34be42fc432fbdba389b
/paths/~1guardrails~1{guardrailId}~1mcp-servers~1{mcpServerId}/put/responses/500/description,description,21,sha256-f74d744451ed13502cccccac6c65505d59099b6621cc4debe58575e9442d66e6
/paths/~1guardrails~1{guardrailId}~1mcp-servers~1{mcpServerId}/put/summary,summary,32,sha256-ee418b292c72b8e561c57b8227e70659fc309de16959952ee6a1294861aff73b
/paths/~1images~1edits/post/responses/200/description,description,2,sha256-565339bc4d33d72817b583024112eb7f5cdf3e5eef0252d6ec1b9c9a94e12bb3
/paths/~1images~1edits/post/summary,summary,17,sha256-29be025785a820fef148571405682bc10a3027811300bf6e265338dda499d6bc
/paths/~1images~1edits/post/x-code-samples,x-code-samples,2793,sha256-611601a7d89cf8c07a5ec80f7a69a72f13ec37d25aaedfb1431085c0f035661b
/paths/~1images~1edits/servers/0/description,description,27,sha256-9836600675f763ce2598e0fee6eb5930d9d57a5978f92ff5c989028e9ded4ec4
/paths/~1images~1edits/servers/1/description,description,23,sha256-d811289af1a8cb3ffb208a0b7c205b5e6c03c013897c947048a4b84b0c07fde7
/paths/~1images~1generations/post/responses/200/description,description,2,sha256-565339bc4d33d72817b583024112eb7f5cdf3e5eef0252d6ec1b9c9a94e12bb3
/paths/~1images~1generations/post/summary,summary,12,sha256-81fc5194eb7c935a44fe1a9001ef9dad85314a421700f124b631a3abb9db8d17
/paths/~1images~1generations/post/x-code-samples,x-code-samples,2379,sha256-c90c183a1f15155dbbe5eadced4c467be0f1d709edbfb5f3913ed4c470fdbf3c
/paths/~1images~1generations/servers/0/description,description,27,sha256-9836600675f763ce2598e0fee6eb5930d9d57a5978f92ff5c989028e9ded4ec4
/paths/~1images~1generations/servers/1/description,description,23,sha256-d811289af1a8cb3ffb208a0b7c205b5e6c03c013897c947048a4b84b0c07fde7
/paths/~1images~1variations/post/responses/200/description,description,2,sha256-565339bc4d33d72817b583024112eb7f5cdf3e5eef0252d6ec1b9c9a94e12bb3
/paths/~1images~1variations/post/summary,summary,23,sha256-fcc2fe729767e03a71b6008b9b4e0489c6025e7d67122564950ba1e4ff8a99ab
/paths/~1images~1variations/post/x-code-samples,x-code-samples,2273,sha256-1203e9093728b948d8dc0c7f673c8d442cfee0b2282948a9a55141eb8208f7e6
/paths/~1images~1variations/servers/0/description,description,27,sha256-9836600675f763ce2598e0fee6eb5930d9d57a5978f92ff5c989028e9ded4ec4
/paths/~1images~1variations/servers/1/description,description,23,sha256-d811289af1a8cb3ffb208a0b7c205b5e6c03c013897c947048a4b84b0c07fde7
/paths/~1integrations/get/parameters/0/description,description,27,sha256-08ab920b070d19d17720fee88b5257dccff0bc9f809afda3aa7f054792837cd0
/paths/~1integrations/get/parameters/1/description,description,25,sha256-187b988e31a5aca27d110ea23d245c0c1ebd8de0ff7a05af78ea88d37e08e292
/paths/~1integrations/get/parameters/2/description,description,143,sha256-bf41b51c1539f7af9f4ffc6e9f7d1d7af3803d2317fc7709bf3afb98e8016b41
/paths/~1integrations/get/parameters/3/description,description,223,sha256-fa23b25c8ee033736712e260e7e14ecd4d6b1d1100d2932e8617d134dc5a5016
/paths/~1integrations/get/responses/200/content/application~1json/schema/properties/total/description,description,28,sha256-4ce479cfc7eaed6249356e02122e20c010f7677504106289e342075510b40f69
/paths/~1integrations/get/responses/200/description,description,19,sha256-40c36e17aeb2957d4bd44663c5fa646d56ddff440280be284f0efbf5ccd87d02
/paths/~1integrations/get/summary,summary,21,sha256-ae51cec069c519c4503bb1aca687ab0f04290a238542356dfece4354ec7fac7b
/paths/~1integrations/get/x-code-samples,x-code-samples,1473,sha256-9b9a73757225d1963a7e4726fd02cf47f2d37f3e97db108dcdca6902c9ffb812
/paths/~1integrations/post/responses/200/description,description,19,sha256-40c36e17aeb2957d4bd44663c5fa646d56ddff440280be284f0efbf5ccd87d02
/paths/~1integrations/post/summary,summary,20,sha256-9baaa8b19555be9e13fcb8587088c0b849c2bc0034876a97e937e3afa199ee1a
/paths/~1integrations/post/x-code-samples,x-code-samples,2214,sha256-ca2fb75eee0c29ad1e43bf1235a0d4bb06ebb9327a17adf5c53d17b45a32fb4a
/paths/~1integrations/servers/0/description,description,27,sha256-9836600675f763ce2598e0fee6eb5930d9d57a5978f92ff5c989028e9ded4ec4
/paths/~1integrations/servers/1/description,description,29,sha256-2cc2e58054c38bb2cdfd6bd2edcbd1018ee6934d126106c292611be1bb7b62d5
/paths/~1integrations~1{slug}/delete/responses/200/description,description,19,sha256-40c36e17aeb2957d4bd44663c5fa646d56ddff440280be284f0efbf5ccd87d02
/paths/~1integrations~1{slug}/delete/summary,summary,20,sha256-b4e08ebc6ffef6481bc18566d43536d4a65c7ff47c6601694ce7262d1f9c3cc9
/paths/~1integrations~1{slug}/delete/x-code-samples,x-code-samples,1552,sha256-dbad6de30189cdca410d41950d552409695c31f0890af61a2b63d919febbd070
/paths/~1integrations~1{slug}/get/responses/200/description,description,19,sha256-40c36e17aeb2957d4bd44663c5fa646d56ddff440280be284f0efbf5ccd87d02
/paths/~1integrations~1{slug}/get/summary,summary,17,sha256-3e1c92ac61a8c93799d89d3df9c1be881b934225602802e19a9b518a5a3b7739
/paths/~1integrations~1{slug}/get/x-code-samples,x-code-samples,1647,sha256-1b971f57f2590fbf530d7e0bc77be284f3ab4fb4db04a5b881c5f1389b6e4f47
/paths/~1integrations~1{slug}/put/responses/200/description,description,19,sha256-40c36e17aeb2957d4bd44663c5fa646d56ddff440280be284f0efbf5ccd87d02
/paths/~1integrations~1{slug}/put/summary,summary,20,sha256-ded451e82cb437de9f9e4d6581353fd69edf52e92a6a132ff00e392acd2bd1a7
/paths/~1integrations~1{slug}/put/x-code-samples,x-code-samples,2142,sha256-909a89473842a987d587b44c89c484780832f29b635f3a0e9976e223dc815e56
/paths/~1integrations~1{slug}/servers/0/description,description,27,sha256-9836600675f763ce2598e0fee6eb5930d9d57a5978f92ff5c989028e9ded4ec4
/paths/~1integrations~1{slug}/servers/1/description,description,29,sha256-2cc2e58054c38bb2cdfd6bd2edcbd1018ee6934d126106c292611be1bb7b62d5
/paths/~1integrations~1{slug}~1models/delete/description,description,66,sha256-edb99ef856f9037b0319156824dfb1b2fc3f7048778df3e0174d803e3a04a0f1
/paths/~1integrations~1{slug}~1models/delete/parameters/1/description,description,45,sha256-fcd25ca359df6ff6a16f06d76d68ba01aa83135c509518f62188f94e8825782f
/paths/~1integrations~1{slug}~1models/delete/parameters/1/schema/example,example,19,sha256-45c09dfe67a2366d1e88a70953f4688077191d34bae0a9a6b22605289bbb67fd
/paths/~1integrations~1{slug}~1models/delete/responses/200/description,description,27,sha256-533cd87fc750c0d5225ba185d6ec028c88858635797a2849f6f3deebcd154ad4
/paths/~1integrations~1{slug}~1models/delete/summary,summary,37,sha256-9018c607dd5f42ba303b32d478de861d968c5dd5403bee14ca97ce29b9bd8eff
/paths/~1integrations~1{slug}~1models/get/description,description,99,sha256-580c55bcbaf272e3423602ac085b7ba55a33fdbf7b1fb2d2939a6c4dc623f808
/paths/~1integrations~1{slug}~1models/get/responses/200/description,description,26,sha256-eb538e99587dcfbf73f77e63ccf792c8ed9c624b3641d502527dc8c282051804
/paths/~1integrations~1{slug}~1models/get/summary,summary,23,sha256-e25d845e07bb6696e23dea0d2f240d19c36208949f031d8b6561bc099411d342
/paths/~1integrations~1{slug}~1models/put/description,description,153,sha256-5b301a1c1917330b2302af29cabb2501049efc6cb574e2302f875ee7ee13b7a7
/paths/~1integrations~1{slug}~1models/put/responses/200/description,description,27,sha256-3326190d0bb702aed86597eae746ab294075973b2e1e574fcbf57b66029cc6cb
/paths/~1integrations~1{slug}~1models/put/summary,summary,30,sha256-cf8251b41fd1d6038b3f770f670fcd04faa5bba41c43f8403a6ac18bef7fb1d5
/paths/~1integrations~1{slug}~1workspaces/get/description,description,100,sha256-7d4a95f76fb5b4d85665d1c38eead10e9b48abcfdd7f0aaad31c030fcccaf070
/paths/~1integrations~1{slug}~1workspaces/get/responses/200/description,description,39,sha256-cfca40c2a4ae848ea9ea092e8068d4912498092615e4a4d204286a43f4f90ac7
/paths/~1integrations~1{slug}~1workspaces/get/summary,summary,33,sha256-86f61451659b529868b074a1c6340db29be0a63033b2b80800b1d05ff9726710
/paths/~1integrations~1{slug}~1workspaces/put/description,description,153,sha256-7fdd6940c8425f20b02e224f397bb9478c4090a1f99377bf7f70061601945246
/paths/~1integrations~1{slug}~1workspaces/put/responses/200/description,description,37,sha256-187f7a91793878dd3f87d454c510214b956787b55292d4ec60ab0b38e65d2ea3
/paths/~1integrations~1{slug}~1workspaces/put/summary,summary,28,sha256-3474755589bdb20cf9e7fd3352837fa0aed1f00f8572a5ba92ae2710f1bab667
/paths/~1labels/get/description,description,41,sha256-5546f5437596e9619f45a77b7c5aa55ff6c9b3389118fe42d06ad98dbbdb6d95
/paths/~1labels/get/parameters/0/description,description,22,sha256-c3dfa797890694d62f4d798cf68ac9fdde8076eca2a65812ffdc94ecdad6a0f9
/paths/~1labels/get/parameters/1/description,description,27,sha256-b406b1901d2e95a12a49cb081ee59adff24b5c94ce2b7354edd6384768019b4e
/paths/~1labels/get/parameters/2/description,description,37,sha256-206a3bb102beaffb64a29f67d66b2490fba38f8741c668c48bcee92ba749f473
/paths/~1labels/get/parameters/3/description,description,26,sha256-f6889ee3bdc7faaf34e7880f8839b337fe2eebe475334f7f9704ecf9f1a518e0
/paths/~1labels/get/parameters/4/description,description,24,sha256-f2e65f0a130e2d69335772c1c1dda0767a3ef9415251fdfa0cd4178a574259ca
/paths/~1labels/get/responses/200/description,description,14,sha256-fbdc93c87768fddc60b6dc35a3c406be9574b0547e7967cdd8f76cd5ea6db74c
/paths/~1labels/get/responses/400/description,description,15,sha256-330509caa0f2887db626f7c8e31732090558da1931406299ed6632b20c8ab66b
/paths/~1labels/get/responses/401/description,description,12,sha256-d089c8a9fc28e4e50223eb38c9409e362521be9380a37341304fbac7a4cd9e5f
/paths/~1labels/get/responses/403/description,description,9,sha256-78342a0905a72ce44da083dcb5d23b8ea0c16992ba2a82eece97e033d76ba3d3
/paths/~1labels/get/responses/500/description,description,12,sha256-dfe0c2e802b1ff632ce6e3b43ea8d6055b4db02c3b52e6871a72b05e9cc76d5e
/paths/~1labels/get/summary,summary,11,sha256-dd323db838da2f8a9f05ca5a77bb74f2d33ad90b02e756441496ff659677e95c
/paths/~1labels/post/description,description,33,sha256-71856cc0489c7ef1fb59cfedefdfc0f788b8b5bd38632b97bbb6055d8e94c8f1
/paths/~1labels/post/responses/200/description,description,26,sha256-0d63012dc5bf1d536cfc635d91697ca41455c2a48947d96ffa9e2ce8d6b0a1c6
/paths/~1labels/post/responses/400/description,description,15,sha256-330509caa0f2887db626f7c8e31732090558da1931406299ed6632b20c8ab66b
/paths/~1labels/post/responses/401/description,description,12,sha256-d089c8a9fc28e4e50223eb38c9409e362521be9380a37341304fbac7a4cd9e5f
/paths/~1labels/post/responses/403/description,description,9,sha256-78342a0905a72ce44da083dcb5d23b8ea0c16992ba2a82eece97e033d76ba3d3
/paths/~1labels/post/responses/500/description,description,12,sha256-dfe0c2e802b1ff632ce6e3b43ea8d6055b4db02c3b52e6871a72b05e9cc76d5e
/paths/~1labels/post/summary,summary,18,sha256-838bad7d49c061c67e617ddeab3fc4500d1a99fa7a9a7b4c80fde23fc73af1ce
/paths/~1labels/servers/0/description,description,27,sha256-9836600675f763ce2598e0fee6eb5930d9d57a5978f92ff5c989028e9ded4ec4
/paths/~1labels/servers/1/description,description,29,sha256-2cc2e58054c38bb2cdfd6bd2edcbd1018ee6934d126106c292611be1bb7b62d5
/paths/~1labels~1{labelId}/delete/description,description,15,sha256-2d4d5499d9755f2cdccd5d1fa62617895170138eb46d5356a9454d827ca46b2b
/paths/~1labels~1{labelId}/delete/parameters/0/description,description,25,sha256-654b6ce69b24bbc2f65c6236613e31bf00e7668bbd6b1e0ace38060c39bc8a39
/paths/~1labels~1{labelId}/delete/responses/200/content/application~1json/example,example,3,sha256-ca3d163bab055381827226140568f3bef7eaac187cebd76878e0b63e9e442356
/paths/~1labels~1{labelId}/delete/responses/200/description,description,2,sha256-565339bc4d33d72817b583024112eb7f5cdf3e5eef0252d6ec1b9c9a94e12bb3
/paths/~1labels~1{labelId}/delete/responses/200/headers/Content-Type/schema/example,example,16,sha256-bacb769b46f6d169fb227ea026550f411d46cbe66a9c2a6ba36449c8cf8e4dea
/paths/~1labels~1{labelId}/delete/responses/400/description,description,15,sha256-330509caa0f2887db626f7c8e31732090558da1931406299ed6632b20c8ab66b
/paths/~1labels~1{labelId}/delete/responses/401/description,description,12,sha256-d089c8a9fc28e4e50223eb38c9409e362521be9380a37341304fbac7a4cd9e5f
/paths/~1labels~1{labelId}/delete/responses/403/description,description,9,sha256-78342a0905a72ce44da083dcb5d23b8ea0c16992ba2a82eece97e033d76ba3d3
/paths/~1labels~1{labelId}/delete/responses/404/description,description,15,sha256-1d86359715dbf70dd376dd99c03eb669379397e22fe0f3f889d42c8a4c46bbbe
/paths/~1labels~1{labelId}/delete/responses/500/description,description,10,sha256-ba668aa0d11f6d833bcac26ba16a84dab9d359552a1f7d9690eada5d676daa4d
/paths/~1labels~1{labelId}/delete/summary,summary,14,sha256-6ea68ed2a8059f3aa0c8ab52143f04b0adf4ef494346ace9d958e78cbfe7c597
/paths/~1labels~1{labelId}/get/description,description,34,sha256-247d69b78d5ec7a63734797b70f2565dce28835a34d4b85404d5818e9a38c590
/paths/~1labels~1{labelId}/get/parameters/0/description,description,27,sha256-1315efc92cc957fe501d81a60420c23bbb32107c0ea4ce179a8e054d6dd424bd
/paths/~1labels~1{labelId}/get/parameters/1/description,description,22,sha256-c3dfa797890694d62f4d798cf68ac9fdde8076eca2a65812ffdc94ecdad6a0f9
/paths/~1labels~1{labelId}/get/parameters/2/description,description,27,sha256-b406b1901d2e95a12a49cb081ee59adff24b5c94ce2b7354edd6384768019b4e
/paths/~1labels~1{labelId}/get/responses/200/description,description,13,sha256-0a3c34d5e8d880fb5e22ee445ba1792efd9508265f134c6cc67edbf7f1dd4771
/paths/~1labels~1{labelId}/get/responses/400/description,description,15,sha256-330509caa0f2887db626f7c8e31732090558da1931406299ed6632b20c8ab66b
/paths/~1labels~1{labelId}/get/responses/401/description,description,12,sha256-d089c8a9fc28e4e50223eb38c9409e362521be9380a37341304fbac7a4cd9e5f
/paths/~1labels~1{labelId}/get/responses/403/description,description,9,sha256-78342a0905a72ce44da083dcb5d23b8ea0c16992ba2a82eece97e033d76ba3d3
/paths/~1labels~1{labelId}/get/responses/404/description,description,15,sha256-1d86359715dbf70dd376dd99c03eb669379397e22fe0f3f889d42c8a4c46bbbe
/paths/~1labels~1{labelId}/get/responses/500/description,description,12,sha256-dfe0c2e802b1ff632ce6e3b43ea8d6055b4db02c3b52e6871a72b05e9cc76d5e
/paths/~1labels~1{labelId}/get/summary,summary,17,sha256-1524cb2b91b820cec493a3c17d1bb0d2509f011f6ddcbddce29ed2624bff4602
/paths/~1labels~1{labelId}/put/description,description,25,sha256-69e681252b9be93ef790b83da8a04263e13225a879cf9e10331e7fd6ca0f913f
/paths/~1labels~1{labelId}/put/parameters/0/description,description,25,sha256-b065ade67b7d0561c6fdd2dafc35c05e2c76904b27a49dd3500c990e4df81bac
/paths/~1labels~1{labelId}/put/responses/200/content/application~1json/example,example,3,sha256-ca3d163bab055381827226140568f3bef7eaac187cebd76878e0b63e9e442356
/paths/~1labels~1{labelId}/put/responses/200/description,description,2,sha256-565339bc4d33d72817b583024112eb7f5cdf3e5eef0252d6ec1b9c9a94e12bb3
/paths/~1labels~1{labelId}/put/responses/200/headers/Content-Type/schema/example,example,16,sha256-bacb769b46f6d169fb227ea026550f411d46cbe66a9c2a6ba36449c8cf8e4dea
/paths/~1labels~1{labelId}/put/responses/400/description,description,15,sha256-330509caa0f2887db626f7c8e31732090558da1931406299ed6632b20c8ab66b
/paths/~1labels~1{labelId}/put/responses/401/description,description,12,sha256-d089c8a9fc28e4e50223eb38c9409e362521be9380a37341304fbac7a4cd9e5f
/paths/~1labels~1{labelId}/put/responses/403/description,description,9,sha256-78342a0905a72ce44da083dcb5d23b8ea0c16992ba2a82eece97e033d76ba3d3
/paths/~1labels~1{labelId}/put/responses/404/description,description,15,sha256-1d86359715dbf70dd376dd99c03eb669379397e22fe0f3f889d42c8a4c46bbbe
/paths/~1labels~1{labelId}/put/responses/500/description,description,12,sha256-dfe0c2e802b1ff632ce6e3b43ea8d6055b4db02c3b52e6871a72b05e9cc76d5e
/paths/~1labels~1{labelId}/put/summary,summary,14,sha256-0f02a59e873d5314a22576e09a05b88ee9f352457416006df5f51de2b8ea4293
/paths/~1labels~1{labelId}/servers/0/description,description,27,sha256-9836600675f763ce2598e0fee6eb5930d9d57a5978f92ff5c989028e9ded4ec4
/paths/~1labels~1{labelId}/servers/1/description,description,29,sha256-2cc2e58054c38bb2cdfd6bd2edcbd1018ee6934d126106c292611be1bb7b62d5
/paths/~1logs/post/description,description,30,sha256-bd95b2ed90898c54f0f3a8f6bed881549439fd7a794335159cfc8ef8c05b24b7
/paths/~1logs/post/responses/200/description,description,19,sha256-40c36e17aeb2957d4bd44663c5fa646d56ddff440280be284f0efbf5ccd87d02
/paths/~1logs/post/summary,summary,15,sha256-4823e9899790db9cabea11ba98f21c360f128737096e59b5da68ef8cf16cb9fc
/paths/~1logs/post/x-code-samples,x-code-samples,4960,sha256-f968ef6721572c137b437f978806359c367ea5c28ed3788547246664e6d6df07
/paths/~1logs/servers/0/description,description,27,sha256-9836600675f763ce2598e0fee6eb5930d9d57a5978f92ff5c989028e9ded4ec4
/paths/~1logs/servers/1/description,description,23,sha256-d811289af1a8cb3ffb208a0b7c205b5e6c03c013897c947048a4b84b0c07fde7
/paths/~1logs~1exports/get/responses/200/description,description,19,sha256-40c36e17aeb2957d4bd44663c5fa646d56ddff440280be284f0efbf5ccd87d02
/paths/~1logs~1exports/get/summary,summary,20,sha256-b2dc8e7342e87a10f64dcd3c1664638a6aa389cdac139fe70ca9ec695c1494fa
/paths/~1logs~1exports/get/x-code-samples,x-code-samples,1595,sha256-c4002ed4e7ef7b194519d7db0fb276ecbe67086b96539ea6d6174196253732b0
/paths/~1logs~1exports/post/responses/200/description,description,19,sha256-40c36e17aeb2957d4bd44663c5fa646d56ddff440280be284f0efbf5ccd87d02
/paths/~1logs~1exports/post/summary,summary,17,sha256-d6dfe8f9509fb8649c2646bcc730656aee61ddeccd1e5789088dd92bb929b233
/paths/~1logs~1exports/post/x-code-samples,x-code-samples,4916,sha256-62e09206c07c5dc48dde58abfcbcc4e6ce6a4dae1af3bb0d33bb4467094e4e08
/paths/~1logs~1exports/servers/0/description,description,27,sha256-9836600675f763ce2598e0fee6eb5930d9d57a5978f92ff5c989028e9ded4ec4
/paths/~1logs~1exports/servers/1/description,description,29,sha256-2cc2e58054c38bb2cdfd6bd2edcbd1018ee6934d126106c292611be1bb7b62d5
/paths/~1logs~1exports~1{exportId}/get/responses/200/description,description,19,sha256-40c36e17aeb2957d4bd44663c5fa646d56ddff440280be284f0efbf5ccd87d02
/paths/~1logs~1exports~1{exportId}/get/summary,summary,26,sha256-c3b39a335aef8b253918d77987d049e36a2f0667b4acbe98605fd64055e87210
/paths/~1logs~1exports~1{exportId}/get/x-code-samples,x-code-samples,1528,sha256-c6a9eb957d82af4606b4618d7283c91309eb5314200023ecab48c6e58cf3c1bd
/paths/~1logs~1exports~1{exportId}/put/responses/200/description,description,19,sha256-40c36e17aeb2957d4bd44663c5fa646d56ddff440280be284f0efbf5ccd87d02
/paths/~1logs~1exports~1{exportId}/put/summary,summary,20,sha256-bbb3ff4db79995dca7eff6386cdbe5bf12355e6b7f3780fe07c6316d8af0a4a3
/paths/~1logs~1exports~1{exportId}/put/x-code-samples,x-code-samples,2289,sha256-e832e28a87ebfed9da1ac90d41e8c2a8004d6682884e3019ec3bec65a480c6e7
/paths/~1logs~1exports~1{exportId}/servers/0/description,description,27,sha256-9836600675f763ce2598e0fee6eb5930d9d57a5978f92ff5c989028e9ded4ec4
/paths/~1logs~1exports~1{exportId}/servers/1/description,description,29,sha256-2cc2e58054c38bb2cdfd6bd2edcbd1018ee6934d126106c292611be1bb7b62d5
/paths/~1logs~1exports~1{exportId}~1cancel/post/responses/200/description,description,19,sha256-40c36e17aeb2957d4bd44663c5fa646d56ddff440280be284f0efbf5ccd87d02
/paths/~1logs~1exports~1{exportId}~1cancel/post/summary,summary,17,sha256-67d4997259c90c37e2d100423d79021ef72db183e62e9f7fc217a276b29dd479
/paths/~1logs~1exports~1{exportId}~1cancel/post/x-code-samples,x-code-samples,1401,sha256-78cc11d61ff8192f759046bc5612a13aaea3311c9def1a322deec2b5d36f7c9a
/paths/~1logs~1exports~1{exportId}~1cancel/servers/0/description,description,27,sha256-9836600675f763ce2598e0fee6eb5930d9d57a5978f92ff5c989028e9ded4ec4
/paths/~1logs~1exports~1{exportId}~1cancel/servers/1/description,description,29,sha256-2cc2e58054c38bb2cdfd6bd2edcbd1018ee6934d126106c292611be1bb7b62d5
/paths/~1logs~1exports~1{exportId}~1download/get/responses/200/description,description,19,sha256-40c36e17aeb2957d4bd44663c5fa646d56ddff440280be284f0efbf5ccd87d02
/paths/~1logs~1exports~1{exportId}~1download/get/summary,summary,19,sha256-a87ca1a59c08792ca7ba7ae402de3e4e1cf1692467845b0ca0efb35c6717ccf3
/paths/~1logs~1exports~1{exportId}~1download/get/x-code-samples,x-code-samples,1417,sha256-ba9fa561582a6b4f6487104d5bb0028a81decb0e7fbc0ec105a82fba699a61d4
/paths/~1logs~1exports~1{exportId}~1download/servers/0/description,description,27,sha256-9836600675f763ce2598e0fee6eb5930d9d57a5978f92ff5c989028e9ded4ec4
/paths/~1logs~1exports~1{exportId}~1download/servers/1/description,description,29,sha256-2cc2e58054c38bb2cdfd6bd2edcbd1018ee6934d126106c292611be1bb7b62d5
/paths/~1logs~1exports~1{exportId}~1start/post/responses/200/description,description,19,sha256-40c36e17aeb2957d4bd44663c5fa646d56ddff440280be284f0efbf5ccd87d02
/paths/~1logs~1exports~1{exportId}~1start/post/summary,summary,16,sha256-3c923f825091b35d37c3f536f901624a9cfb8a7fe34d8853de67aa9e7fe1e7cf
/paths/~1logs~1exports~1{exportId}~1start/post/x-code-samples,x-code-samples,1395,sha256-9d71450329df0e562278b58f1c842d4fa3115ae9fe7676fa0de725594c3034fd
/paths/~1logs~1exports~1{exportId}~1start/servers/0/description,description,27,sha256-9836600675f763ce2598e0fee6eb5930d9d57a5978f92ff5c989028e9ded4ec4
/paths/~1logs~1exports~1{exportId}~1start/servers/1/description,description,29,sha256-2cc2e58054c38bb2cdfd6bd2edcbd1018ee6934d126106c292611be1bb7b62d5
/paths/~1logs~1{logId}/get/parameters/1/description,description,130,sha256-2b726f9b79ba67109c6458361b06e60e3ff6c375e09edaf6b7724c41b776628e
/paths/~1logs~1{logId}/get/parameters/2/description,description,118,sha256-d6b5538c546bde1c91fd51a2bbfe395ceb5db4420f95caac46884c1a80e6beb2
/paths/~1logs~1{logId}/get/parameters/2/example,example,24,sha256-4f503ef0e2a8c4e32d35fdc7b30b3090abb593be7f8e8be848ad79bdbc485f92
/paths/~1logs~1{logId}/get/parameters/3/description,description,119,sha256-14d33a4d7118b56c5ec093c332851b990ab80fd9d21d0f9dec9ebfc7c8e250e1
/paths/~1logs~1{logId}/get/responses/200/description,description,19,sha256-40c36e17aeb2957d4bd44663c5fa646d56ddff440280be284f0efbf5ccd87d02
/paths/~1logs~1{logId}/get/summary,summary,18,sha256-38670fcd90bdda36520252d7d51028d3236256f0a5333cc9c13be7bc472e0bee
/paths/~1logs~1{logId}/servers/0/description,description,27,sha256-9836600675f763ce2598e0fee6eb5930d9d57a5978f92ff5c989028e9ded4ec4
/paths/~1logs~1{logId}/servers/1/description,description,23,sha256-d811289af1a8cb3ffb208a0b7c205b5e6c03c013897c947048a4b84b0c07fde7
/paths/~1mcp-integrations/get/description,description,141,sha256-8e3c74e30c48c5b9069d9713341a9d2b246debf594dbfa759c1c9f65c44e4101
/paths/~1mcp-integrations/get/parameters/0/description,description,55,sha256-b408bdc859cfe816de7970b07ded14e0dcea221033a68ac4631f762325099c78
/paths/~1mcp-integrations/get/responses/200/description,description,2,sha256-565339bc4d33d72817b583024112eb7f5cdf3e5eef0252d6ec1b9c9a94e12bb3
/paths/~1mcp-integrations/get/summary,summary,21,sha256-5f8159b7eb306549cd6af9e9903c7a9b55a41e65ab77b7b25cce3a17345ef3d4
/paths/~1mcp-integrations/post/description,description,107,sha256-b9590f41c70578eceff656b0d13bbe8a8ced985a96ce4d82a241072e91c52b63
/paths/~1mcp-integrations/post/requestBody/content/application~1json/examples,examples,161,sha256-a7472bbadad8ee103ed3425fb59694c94b4e504769de4120abf27060644184c0
/paths/~1mcp-integrations/post/responses/200/description,description,2,sha256-565339bc4d33d72817b583024112eb7f5cdf3e5eef0252d6ec1b9c9a94e12bb3
/paths/~1mcp-integrations/post/summary,summary,22,sha256-db4b4a9323e8294e669d9298fbd04f6e17b47ffba975e7669f9cb6e697d7ca16
/paths/~1mcp-integrations/servers/0/description,description,27,sha256-9836600675f763ce2598e0fee6eb5930d9d57a5978f92ff5c989028e9ded4ec4
/paths/~1mcp-integrations/servers/1/description,description,29,sha256-2cc2e58054c38bb2cdfd6bd2edcbd1018ee6934d126106c292611be1bb7b62d5
/paths/~1mcp-integrations~1{mcpIntegrationId}/delete/responses/200/description,description,2,sha256-565339bc4d33d72817b583024112eb7f5cdf3e5eef0252d6ec1b9c9a94e12bb3
/paths/~1mcp-integrations~1{mcpIntegrationId}/delete/summary,summary,22,sha256-0f7de86e652a5186f58a074ebf47e06193198213afb3315e9051380d62eede35
/paths/~1mcp-integrations~1{mcpIntegrationId}/get/responses/200/description,description,2,sha256-565339bc4d33d72817b583024112eb7f5cdf3e5eef0252d6ec1b9c9a94e12bb3
/paths/~1mcp-integrations~1{mcpIntegrationId}/get/summary,summary,19,sha256-d9702c3e750a6b348cdb7b039e4a94ba37ae54d2dc746999ad53dc36dde8d090
/paths/~1mcp-integrations~1{mcpIntegrationId}/parameters/0/description,description,33,sha256-47c0f656630d8d7ed744186b337b2a50d9fa741a99e43393ae859791c3d2f487
/paths/~1mcp-integrations~1{mcpIntegrationId}/put/responses/200/description,description,2,sha256-565339bc4d33d72817b583024112eb7f5cdf3e5eef0252d6ec1b9c9a94e12bb3
/paths/~1mcp-integrations~1{mcpIntegrationId}/put/summary,summary,22,sha256-c0782e3081f8f3c0e38e9f6363c4365c4b1327b7d92956e0129921f3a1e69704
/paths/~1mcp-integrations~1{mcpIntegrationId}/servers/0/description,description,27,sha256-9836600675f763ce2598e0fee6eb5930d9d57a5978f92ff5c989028e9ded4ec4
/paths/~1mcp-integrations~1{mcpIntegrationId}/servers/1/description,description,29,sha256-2cc2e58054c38bb2cdfd6bd2edcbd1018ee6934d126106c292611be1bb7b62d5
/paths/~1mcp-integrations~1{mcpIntegrationId}~1capabilities/get/responses/200/description,description,2,sha256-565339bc4d33d72817b583024112eb7f5cdf3e5eef0252d6ec1b9c9a94e12bb3
/paths/~1mcp-integrations~1{mcpIntegrationId}~1capabilities/get/summary,summary,33,sha256-50805102e84fed23d492314cc01066acc620a7a30adbfe29e342d59ddaf92da2
/paths/~1mcp-integrations~1{mcpIntegrationId}~1capabilities/parameters/0/description,description,33,sha256-47c0f656630d8d7ed744186b337b2a50d9fa741a99e43393ae859791c3d2f487
/paths/~1mcp-integrations~1{mcpIntegrationId}~1capabilities/put/responses/200/description,description,2,sha256-565339bc4d33d72817b583024112eb7f5cdf3e5eef0252d6ec1b9c9a94e12bb3
/paths/~1mcp-integrations~1{mcpIntegrationId}~1capabilities/put/summary,summary,40,sha256-db1d3df22d3a85668ffa7f8ad6f16a15c371386e4e8db888d2816abfe94fad70
/paths/~1mcp-integrations~1{mcpIntegrationId}~1capabilities/servers/0/description,description,27,sha256-9836600675f763ce2598e0fee6eb5930d9d57a5978f92ff5c989028e9ded4ec4
/paths/~1mcp-integrations~1{mcpIntegrationId}~1capabilities/servers/1/description,description,29,sha256-2cc2e58054c38bb2cdfd6bd2edcbd1018ee6934d126106c292611be1bb7b62d5
/paths/~1mcp-integrations~1{mcpIntegrationId}~1metadata/get/responses/200/description,description,2,sha256-565339bc4d33d72817b583024112eb7f5cdf3e5eef0252d6ec1b9c9a94e12bb3
/paths/~1mcp-integrations~1{mcpIntegrationId}~1metadata/get/summary,summary,28,sha256-0b1b73b213bbbaa461fded060cf849fe2307464594edc6ed7b614d98dc05342f
/paths/~1mcp-integrations~1{mcpIntegrationId}~1metadata/parameters/0/description,description,33,sha256-47c0f656630d8d7ed744186b337b2a50d9fa741a99e43393ae859791c3d2f487
/paths/~1mcp-integrations~1{mcpIntegrationId}~1metadata/servers/0/description,description,27,sha256-9836600675f763ce2598e0fee6eb5930d9d57a5978f92ff5c989028e9ded4ec4
/paths/~1mcp-integrations~1{mcpIntegrationId}~1metadata/servers/1/description,description,29,sha256-2cc2e58054c38bb2cdfd6bd2edcbd1018ee6934d126106c292611be1bb7b62d5
/paths/~1mcp-integrations~1{mcpIntegrationId}~1workspaces/get/parameters/0/description,description,62,sha256-710b1f132903912514b56b7cae381b37b0e80d3a688bffb7b91c3b1240dfd266
/paths/~1mcp-integrations~1{mcpIntegrationId}~1workspaces/get/responses/200/description,description,2,sha256-565339bc4d33d72817b583024112eb7f5cdf3e5eef0252d6ec1b9c9a94e12bb3
/paths/~1mcp-integrations~1{mcpIntegrationId}~1workspaces/get/summary,summary,31,sha256-05cf82551421b37f0b8041f4ba776236622f14eb990682de24440c6da2d7ed56
/paths/~1mcp-integrations~1{mcpIntegrationId}~1workspaces/parameters/0/description,description,33,sha256-47c0f656630d8d7ed744186b337b2a50d9fa741a99e43393ae859791c3d2f487
/paths/~1mcp-integrations~1{mcpIntegrationId}~1workspaces/put/responses/200/description,description,2,sha256-565339bc4d33d72817b583024112eb7f5cdf3e5eef0252d6ec1b9c9a94e12bb3
/paths/~1mcp-integrations~1{mcpIntegrationId}~1workspaces/put/summary,summary,38,sha256-aa22eb03915ae09e2beaf2c7bd081e11cba70628d339921553b70b4078c7cd39
/paths/~1mcp-integrations~1{mcpIntegrationId}~1workspaces/servers/0/description,description,27,sha256-9836600675f763ce2598e0fee6eb5930d9d57a5978f92ff5c989028e9ded4ec4
/paths/~1mcp-integrations~1{mcpIntegrationId}~1workspaces/servers/1/description,description,29,sha256-2cc2e58054c38bb2cdfd6bd2edcbd1018ee6934d126106c292611be1bb7b62d5
/paths/~1mcp-servers/get/description,description,86,sha256-fb70f204bc71ca53d416e52c880eb912cb8e0c0026f807a2f2d6dfc727a0ffeb
/paths/~1mcp-servers/get/parameters/0/description,description,103,sha256-ea59740b1b01c106563ab87ca667134b468a950e1f734826033a2ab6990d6a80
/paths/~1mcp-servers/get/parameters/3/description,description,43,sha256-5ece1bde9c0d38f5eee1f0f78aace3b1fed1cb46f6a787736e539871a578d746
/paths/~1mcp-servers/get/responses/200/description,description,2,sha256-565339bc4d33d72817b583024112eb7f5cdf3e5eef0252d6ec1b9c9a94e12bb3
/paths/~1mcp-servers/get/summary,summary,16,sha256-1a729348fdc9898f893da0a39c7c192bea27058fde9c13475713cb9623b680e8
/paths/~1mcp-servers/post/description,description,118,sha256-1c59a6c66db07c0a7bbc345140ff9080ff293f216806631be492cd9c93e9ff06
/paths/~1mcp-servers/post/requestBody/content/application~1json/examples,examples,135,sha256-166bd1ad4a85bac1676f7bd748ef97e01307367179ada871f22e2ecaf23297b0
/paths/~1mcp-servers/post/responses/200/description,description,2,sha256-565339bc4d33d72817b583024112eb7f5cdf3e5eef0252d6ec1b9c9a94e12bb3
/paths/~1mcp-servers/post/summary,summary,17,sha256-fe4c1450e8ea5e0e54c29dda28dadf7124c8849752768b115afb098ecbf477c8
/paths/~1mcp-servers/servers/0/description,description,27,sha256-9836600675f763ce2598e0fee6eb5930d9d57a5978f92ff5c989028e9ded4ec4
/paths/~1mcp-servers/servers/1/description,description,29,sha256-2cc2e58054c38bb2cdfd6bd2edcbd1018ee6934d126106c292611be1bb7b62d5
/paths/~1mcp-servers~1{mcpServerId}/delete/responses/200/description,description,2,sha256-565339bc4d33d72817b583024112eb7f5cdf3e5eef0252d6ec1b9c9a94e12bb3
/paths/~1mcp-servers~1{mcpServerId}/delete/summary,summary,17,sha256-da3473b94bfa5b29526c33c3a71e94a1df5e76d29f580a85f54d6e8c78b961be
/paths/~1mcp-servers~1{mcpServerId}/get/responses/200/description,description,2,sha256-565339bc4d33d72817b583024112eb7f5cdf3e5eef0252d6ec1b9c9a94e12bb3
/paths/~1mcp-servers~1{mcpServerId}/get/summary,summary,14,sha256-476cb05a38967d690a02d3dc3afc9e88a137d3de3efe20f1f2db351cb80c43aa
/paths/~1mcp-servers~1{mcpServerId}/parameters/0/description,description,28,sha256-d32793613be36a13b53acdea14b9c1149f6059e711cee6698cc5492dd69ee98d
/paths/~1mcp-servers~1{mcpServerId}/put/responses/200/description,description,2,sha256-565339bc4d33d72817b583024112eb7f5cdf3e5eef0252d6ec1b9c9a94e12bb3
/paths/~1mcp-servers~1{mcpServerId}/put/summary,summary,17,sha256-d4aa524d95b1701990edea85eeac2f9d3297224b66f45dbf81ab2e7398edeb6d
/paths/~1mcp-servers~1{mcpServerId}/servers/0/description,description,27,sha256-9836600675f763ce2598e0fee6eb5930d9d57a5978f92ff5c989028e9ded4ec4
/paths/~1mcp-servers~1{mcpServerId}/servers/1/description,description,29,sha256-2cc2e58054c38bb2cdfd6bd2edcbd1018ee6934d126106c292611be1bb7b62d5
/paths/~1mcp-servers~1{mcpServerId}~1capabilities/get/responses/200/description,description,2,sha256-565339bc4d33d72817b583024112eb7f5cdf3e5eef0252d6ec1b9c9a94e12bb3
/paths/~1mcp-servers~1{mcpServerId}~1capabilities/get/summary,summary,28,sha256-582149f2c89e60ec9a8f77948efdb457d7c0677219227936680cad752d3c2370
/paths/~1mcp-servers~1{mcpServerId}~1capabilities/parameters/0/description,description,28,sha256-d32793613be36a13b53acdea14b9c1149f6059e711cee6698cc5492dd69ee98d
/paths/~1mcp-servers~1{mcpServerId}~1capabilities/put/responses/200/description,description,2,sha256-565339bc4d33d72817b583024112eb7f5cdf3e5eef0252d6ec1b9c9a94e12bb3
/paths/~1mcp-servers~1{mcpServerId}~1capabilities/put/summary,summary,35,sha256-f4e755b09f04279178509e37f04b1a2192d080608d290448f3de594f9c1981a0
/paths/~1mcp-servers~1{mcpServerId}~1capabilities/servers/0/description,description,27,sha256-9836600675f763ce2598e0fee6eb5930d9d57a5978f92ff5c989028e9ded4ec4
/paths/~1mcp-servers~1{mcpServerId}~1capabilities/servers/1/description,description,29,sha256-2cc2e58054c38bb2cdfd6bd2edcbd1018ee6934d126106c292611be1bb7b62d5
/paths/~1mcp-servers~1{mcpServerId}~1connections/delete/parameters/0/description,description,164,sha256-ce25c7d5dfcd84f597c9bab721581209d458d6a7bf82a8feb950488e390611e6
/paths/~1mcp-servers~1{mcpServerId}~1connections/delete/parameters/1/description,description,103,sha256-ea59740b1b01c106563ab87ca667134b468a950e1f734826033a2ab6990d6a80
/paths/~1mcp-servers~1{mcpServerId}~1connections/delete/responses/200/description,description,2,sha256-565339bc4d33d72817b583024112eb7f5cdf3e5eef0252d6ec1b9c9a94e12bb3
/paths/~1mcp-servers~1{mcpServerId}~1connections/delete/summary,summary,28,sha256-bf8a95de4167002d7de83ac8d9e31a8074fd5f37e338ef01497d47a8f115c587
/paths/~1mcp-servers~1{mcpServerId}~1connections/get/parameters/0/description,description,186,sha256-00c82c774e2df688c6def3498d04c3fbc0b8427411898e4eca3b1802244d87c1
/paths/~1mcp-servers~1{mcpServerId}~1connections/get/parameters/1/description,description,103,sha256-ea59740b1b01c106563ab87ca667134b468a950e1f734826033a2ab6990d6a80
/paths/~1mcp-servers~1{mcpServerId}~1connections/get/responses/200/description,description,2,sha256-565339bc4d33d72817b583024112eb7f5cdf3e5eef0252d6ec1b9c9a94e12bb3
/paths/~1mcp-servers~1{mcpServerId}~1connections/get/summary,summary,27,sha256-8424438de1e9e940952134d8f4bf364cd557d4c239b10a04808baddfd52f2f12
/paths/~1mcp-servers~1{mcpServerId}~1connections/parameters/0/description,description,28,sha256-d32793613be36a13b53acdea14b9c1149f6059e711cee6698cc5492dd69ee98d
/paths/~1mcp-servers~1{mcpServerId}~1connections/servers/0/description,description,27,sha256-9836600675f763ce2598e0fee6eb5930d9d57a5978f92ff5c989028e9ded4ec4
/paths/~1mcp-servers~1{mcpServerId}~1connections/servers/1/description,description,29,sha256-2cc2e58054c38bb2cdfd6bd2edcbd1018ee6934d126106c292611be1bb7b62d5
/paths/~1mcp-servers~1{mcpServerId}~1test/parameters/0/description,description,28,sha256-d32793613be36a13b53acdea14b9c1149f6059e711cee6698cc5492dd69ee98d
/paths/~1mcp-servers~1{mcpServerId}~1test/post/description,description,60,sha256-0d578263a6bf83046ee12aa322e79a40754846f0ff0e0a35240c70dd02a45d11
/paths/~1mcp-servers~1{mcpServerId}~1test/post/responses/200/description,description,2,sha256-565339bc4d33d72817b583024112eb7f5cdf3e5eef0252d6ec1b9c9a94e12bb3
/paths/~1mcp-servers~1{mcpServerId}~1test/post/summary,summary,26,sha256-9866d56b0668db0276502e8568f705743d30bbd525f77687c2a09943ca04742d
/paths/~1mcp-servers~1{mcpServerId}~1test/servers/0/description,description,27,sha256-9836600675f763ce2598e0fee6eb5930d9d57a5978f92ff5c989028e9ded4ec4
/paths/~1mcp-servers~1{mcpServerId}~1test/servers/1/description,description,29,sha256-2cc2e58054c38bb2cdfd6bd2edcbd1018ee6934d126106c292611be1bb7b62d5
/paths/~1mcp-servers~1{mcpServerId}~1user-access/get/parameters/2/description,description,28,sha256-be9788a8b91c0146caf6c107474efb576df6d1de12f26508a0c53873296fa259
/paths/~1mcp-servers~1{mcpServerId}~1user-access/get/responses/200/description,description,2,sha256-565339bc4d33d72817b583024112eb7f5cdf3e5eef0252d6ec1b9c9a94e12bb3
/paths/~1mcp-servers~1{mcpServerId}~1user-access/get/summary,summary,27,sha256-ae2e8515b1f802e5334db3015b455e876cfa472c7f773b090d9cd5ab03606569
/paths/~1mcp-servers~1{mcpServerId}~1user-access/parameters/0/description,description,28,sha256-d32793613be36a13b53acdea14b9c1149f6059e711cee6698cc5492dd69ee98d
/paths/~1mcp-servers~1{mcpServerId}~1user-access/put/responses/200/description,description,2,sha256-565339bc4d33d72817b583024112eb7f5cdf3e5eef0252d6ec1b9c9a94e12bb3
/paths/~1mcp-servers~1{mcpServerId}~1user-access/put/summary,summary,34,sha256-6a0276766aa440303e0103a971b01f460259991eac24d7c397a7712e17051fd4
/paths/~1mcp-servers~1{mcpServerId}~1user-access/servers/0/description,description,27,sha256-9836600675f763ce2598e0fee6eb5930d9d57a5978f92ff5c989028e9ded4ec4
/paths/~1mcp-servers~1{mcpServerId}~1user-access/servers/1/description,description,29,sha256-2cc2e58054c38bb2cdfd6bd2edcbd1018ee6934d126106c292611be1bb7b62d5
/paths/~1model-configs~1pricing~1{provider}~1{model}/get/description,description,718,sha256-0f5cda0ca20296278f4e77d0d580eb9eabb0b01203e90339cee2e3ee41d74c5a
/paths/~1model-configs~1pricing~1{provider}~1{model}/get/parameters/0/description,description,127,sha256-04427e97c9e5585082abf2d20932a8aadf134a0e554b40e48d6883b3c3d5a074
/paths/~1model-configs~1pricing~1{provider}~1{model}/get/parameters/0/schema/example,example,6,sha256-7d3194f79e645c42e4396dda38be04766810ec6a00d00aced3ffc2a0a1f1a9ef
/paths/~1model-configs~1pricing~1{provider}~1{model}/get/parameters/1/description,description,149,sha256-fab4ba925d3641c49ca35fb70e1fbad8274d95d10d9651be6d12a86132f478df
/paths/~1model-configs~1pricing~1{provider}~1{model}/get/parameters/1/schema/example,example,5,sha256-b0a9d642d12f553129c39513f7ce26058c34ba4b9062475a8eaac157603e1233
/paths/~1model-configs~1pricing~1{provider}~1{model}/get/responses/200/content/application~1json/examples,examples,2153,sha256-813b740ef5f20f81491d037f133be2cc24a6f8fa5ed41a80c85fb0bf635f9a86
/paths/~1model-configs~1pricing~1{provider}~1{model}/get/responses/200/description,description,45,sha256-5345f9ab35921962f96df2d15c385e1069936af00ac45c707afa5929eca7a980
/paths/~1model-configs~1pricing~1{provider}~1{model}/get/responses/404/content/application~1json/schema/properties/error/example,example,15,sha256-ad048e33705c93a6721d39872e32b40f07c2cbe7dd990acca048c47aca4e6656
/paths/~1model-configs~1pricing~1{provider}~1{model}/get/responses/404/description,description,27,sha256-bca0744de6b76b499fa82eeb9f66e3004d2aa0555d891b2643828bc7af90db46
/paths/~1model-configs~1pricing~1{provider}~1{model}/get/summary,summary,17,sha256-f8a4bf3393c3b2ec52dc65973e983b368ae47959c75af260ce79a9e66041dff3
/paths/~1model-configs~1pricing~1{provider}~1{model}/servers/0/description,description,37,sha256-9608ebbdf5a4231340f981ed296976c16c0ef1945f7724636583c2444af06e71
/paths/~1models/get/description,description,117,sha256-9b74469351dca7aa2428d5f623972a0739fef92ee4674547a95dbd652bbd74d7
/paths/~1models/get/parameters/0/description,description,62,sha256-93c98de97d18a51d9bfd263c0e3bb85319c61acacdcbde906299811e65b794c6
/paths/~1models/get/parameters/1/description,description,30,sha256-67ad7ac5bfabbb8aaaaca8fd232dd602fd6805d2148c928799b451684be9bb98
/paths/~1models/get/parameters/2/description,description,39,sha256-ee70d4c71007c2ecbb27576b6a3e9b62fc0581fe14e02d8c280d780eed39915f
/paths/~1models/get/parameters/3/description,description,71,sha256-8e2feb65d17eba06cafe8f63484af8fec1f8dbad021bd42baed0b4cbcc3f13a9
/paths/~1models/get/parameters/4/description,description,33,sha256-890ef2aca38342b596bfbcd2714116f9d993b75b2c292336fa878916929a8d13
/paths/~1models/get/parameters/5/description,description,33,sha256-8553d9f57572f6702070625661b2bdd84b3de4f77bf9be58b4ec38b768ed219c
/paths/~1models/get/responses/200/content/application~1json/example,example,116,sha256-84078fe3427742765327eb60ec71f152a5436a81a236290f8ce6d933877b5898
/paths/~1models/get/responses/200/description,description,2,sha256-565339bc4d33d72817b583024112eb7f5cdf3e5eef0252d6ec1b9c9a94e12bb3
/paths/~1models/get/summary,summary,21,sha256-6f93500528e5d8d5977fbf831e236cac47e6b1d1cf6dcd9e9122de7791b09b3d
/paths/~1models/get/x-code-samples,x-code-samples,1865,sha256-1475a138f2c974f7761f912bd960909057dede6cb177846f0260f465855e0b1f
/paths/~1models/servers/0/description,description,27,sha256-9836600675f763ce2598e0fee6eb5930d9d57a5978f92ff5c989028e9ded4ec4
/paths/~1models/servers/1/description,description,23,sha256-d811289af1a8cb3ffb208a0b7c205b5e6c03c013897c947048a4b84b0c07fde7
/paths/~1models~1{model}/delete/parameters/0/description,description,19,sha256-71c21f77c6122cff1c1284fe33e06282f75b38cb29b60996439e2e26f1af7241
/paths/~1models~1{model}/delete/parameters/0/schema/example,example,38,sha256-8ea1fc9f1956ffb3ab5818bf8b48679781de1521fe588f14f6c4e1b7c08376db
/paths/~1models~1{model}/delete/responses/200/description,description,2,sha256-565339bc4d33d72817b583024112eb7f5cdf3e5eef0252d6ec1b9c9a94e12bb3
/paths/~1models~1{model}/delete/summary,summary,95,sha256-1cdc7e639043011cf55a83f43337e9712acc18cd0547415b0e037d777fc1fd15
/paths/~1models~1{model}/delete/x-code-samples,x-code-samples,830,sha256-349e6f81a5430e4856f5addba0b5cf9d4db3c31b750b983f778120a85e4cff90
/paths/~1models~1{model}/get/parameters/0/description,description,43,sha256-e841902ff80a4fb218be72f73e70aca69fbf5e5e6f998249c8f916be87eb3258
/paths/~1models~1{model}/get/parameters/0/schema/example,example,13,sha256-744814b5b3011642470e6bdcb61792a561073f5ccdec0dbb84d4f3bfc6438c88
/paths/~1models~1{model}/get/responses/200/description,description,2,sha256-565339bc4d33d72817b583024112eb7f5cdf3e5eef0252d6ec1b9c9a94e12bb3
/paths/~1models~1{model}/get/summary,summary,108,sha256-6f5ab0967662636bdc6198319301e8481cd19ba586b2b0d974bf9e9282a21621
/paths/~1models~1{model}/get/x-code-samples,x-code-samples,750,sha256-657e85198d776326c58bd7710c97fbd1c2a3700e19eca6f724d2510313ccd2af
/paths/~1moderations/post/responses/200/description,description,2,sha256-565339bc4d33d72817b583024112eb7f5cdf3e5eef0252d6ec1b9c9a94e12bb3
/paths/~1moderations/post/summary,summary,172,sha256-eb3a3b87cfa1967893ec877336f4ef8c5ba84b40d4c2f43c89ab5d13d9eecf03
/paths/~1moderations/post/x-code-samples,x-code-samples,2060,sha256-7084207597ba60205a5aeb767972304a1ec9d7edc31249b9f428be054f819c17
/paths/~1moderations/servers/0/description,description,27,sha256-9836600675f763ce2598e0fee6eb5930d9d57a5978f92ff5c989028e9ded4ec4
/paths/~1moderations/servers/1/description,description,23,sha256-d811289af1a8cb3ffb208a0b7c205b5e6c03c013897c947048a4b84b0c07fde7
/paths/~1ocr/post/description,description,339,sha256-d72fcb83def631869d0dac79cc0593f28b21f930878af60b10d4234dd5864a3b
/paths/~1ocr/post/responses/200/description,description,2,sha256-565339bc4d33d72817b583024112eb7f5cdf3e5eef0252d6ec1b9c9a94e12bb3
/paths/~1ocr/post/summary,summary,3,sha256-5e5bea5354e3f22eb70cc9df456ef31b0f9e9c1b0fc37e9f9826fc6b339fc719
/paths/~1ocr/post/x-code-samples,x-code-samples,3467,sha256-93ae852ce114579c2c9628f56a3651d5782bb5db6f975d33261ec1ccdf587f37
/paths/~1ocr/servers/0/description,description,27,sha256-9836600675f763ce2598e0fee6eb5930d9d57a5978f92ff5c989028e9ded4ec4
/paths/~1ocr/servers/1/description,description,23,sha256-d811289af1a8cb3ffb208a0b7c205b5e6c03c013897c947048a4b84b0c07fde7
/paths/~1policies~1rate-limits/get/description,description,54,sha256-011742f17773faf9c18925a8953067a3759ec62d0df73688b25e8ffa480bc7bc
/paths/~1policies~1rate-limits/get/parameters/1/description,description,16,sha256-94d5a7703a8250de4c9e24b29839ffafa5d8477efb19c56ebce83470102e6212
/paths/~1policies~1rate-limits/get/parameters/2/description,description,21,sha256-b0b4b97c80bb4f99ce18886a7290900ead7f375a2f21f33648993255d77630d0
/paths/~1policies~1rate-limits/get/parameters/3/description,description,19,sha256-6042b8b0c35d6e13f85ad633e08b1fe9816b4ee92f91738e0641445efa08e602
/paths/~1policies~1rate-limits/get/parameters/4/description,description,25,sha256-9a9e3f2c72579ceaf0269a020e469716a251a42bbe3dd8513ae33c24c872fd32
/paths/~1policies~1rate-limits/get/responses/200/description,description,28,sha256-0f5c6ed1f0b89d1067fac063e06aba57f500e58337e39910ad41a0699865d762
/paths/~1policies~1rate-limits/get/responses/400/description,description,11,sha256-917ef22f94f460141928531e1945453e29d89dcd58e3383c2b3ba0e2e19eb0d7
/paths/~1policies~1rate-limits/get/responses/401/description,description,12,sha256-d089c8a9fc28e4e50223eb38c9409e362521be9380a37341304fbac7a4cd9e5f
/paths/~1policies~1rate-limits/get/responses/403/description,description,9,sha256-78342a0905a72ce44da083dcb5d23b8ea0c16992ba2a82eece97e033d76ba3d3
/paths/~1policies~1rate-limits/get/responses/404/description,description,16,sha256-cb871a720dcb3101dd56f283d10ffa92dbbd4525d384df799c02c6728e3cc71c
/paths/~1policies~1rate-limits/get/responses/500/description,description,12,sha256-dfe0c2e802b1ff632ce6e3b43ea8d6055b4db02c3b52e6871a72b05e9cc76d5e
/paths/~1policies~1rate-limits/get/summary,summary,25,sha256-d1ad28957c15c2e688c4452fc0bc4bd59535a8299fffe8e0fe964f62edd2ee1d
/paths/~1policies~1rate-limits/post/description,description,108,sha256-e1a9c9ae979321d33218f1aad9139e6409e880009f361b31f71080e9920f094d
/paths/~1policies~1rate-limits/post/requestBody/content/application~1json/examples,examples,513,sha256-1450e245f8e3d8d243acf963e42936c93714508dc30871c6ac1e84a294609d21
/paths/~1policies~1rate-limits/post/responses/200/description,description,27,sha256-5ab1e5e02923308939b5f7146b4b0dd1ff1c3e0e954cf31e47f1ddf296bb8726
/paths/~1policies~1rate-limits/post/responses/400/description,description,11,sha256-917ef22f94f460141928531e1945453e29d89dcd58e3383c2b3ba0e2e19eb0d7
/paths/~1policies~1rate-limits/post/responses/401/description,description,12,sha256-d089c8a9fc28e4e50223eb38c9409e362521be9380a37341304fbac7a4cd9e5f
/paths/~1policies~1rate-limits/post/responses/403/description,description,9,sha256-78342a0905a72ce44da083dcb5d23b8ea0c16992ba2a82eece97e033d76ba3d3
/paths/~1policies~1rate-limits/post/responses/500/description,description,12,sha256-dfe0c2e802b1ff632ce6e3b43ea8d6055b4db02c3b52e6871a72b05e9cc76d5e
/paths/~1policies~1rate-limits/post/summary,summary,25,sha256-8f8d8274bedb16ad63c320be42ffe3be1660f7d45c1a7d5ae0c4bd4def633ed2
/paths/~1policies~1rate-limits~1{rateLimitsPolicyId}/delete/description,description,28,sha256-9f1291e5d6210b36929fb613b1736afab4937395e344763169b23ff8dccf09fb
/paths/~1policies~1rate-limits~1{rateLimitsPolicyId}/delete/responses/200/content/application~1json/example,example,3,sha256-ca3d163bab055381827226140568f3bef7eaac187cebd76878e0b63e9e442356
/paths/~1policies~1rate-limits~1{rateLimitsPolicyId}/delete/responses/200/description,description,2,sha256-565339bc4d33d72817b583024112eb7f5cdf3e5eef0252d6ec1b9c9a94e12bb3
/paths/~1policies~1rate-limits~1{rateLimitsPolicyId}/delete/responses/200/headers/Content-Type/schema/example,example,16,sha256-bacb769b46f6d169fb227ea026550f411d46cbe66a9c2a6ba36449c8cf8e4dea
/paths/~1policies~1rate-limits~1{rateLimitsPolicyId}/delete/responses/400/description,description,11,sha256-917ef22f94f460141928531e1945453e29d89dcd58e3383c2b3ba0e2e19eb0d7
/paths/~1policies~1rate-limits~1{rateLimitsPolicyId}/delete/responses/401/description,description,12,sha256-d089c8a9fc28e4e50223eb38c9409e362521be9380a37341304fbac7a4cd9e5f
/paths/~1policies~1rate-limits~1{rateLimitsPolicyId}/delete/responses/403/description,description,9,sha256-78342a0905a72ce44da083dcb5d23b8ea0c16992ba2a82eece97e033d76ba3d3
/paths/~1policies~1rate-limits~1{rateLimitsPolicyId}/delete/responses/404/description,description,16,sha256-cb871a720dcb3101dd56f283d10ffa92dbbd4525d384df799c02c6728e3cc71c
/paths/~1policies~1rate-limits~1{rateLimitsPolicyId}/delete/responses/500/description,description,12,sha256-dfe0c2e802b1ff632ce6e3b43ea8d6055b4db02c3b52e6871a72b05e9cc76d5e
/paths/~1policies~1rate-limits~1{rateLimitsPolicyId}/delete/summary,summary,25,sha256-c0d6d2bbcad89b45fdccfbbb844b544cbdbd717fde3eef35cefb7466c9799821
/paths/~1policies~1rate-limits~1{rateLimitsPolicyId}/get/description,description,38,sha256-8d86b240602b953393c3a4814e2dad2dd8560abbbe447c5e6270633030fddeef
/paths/~1policies~1rate-limits~1{rateLimitsPolicyId}/get/parameters/1/description,description,16,sha256-94d5a7703a8250de4c9e24b29839ffafa5d8477efb19c56ebce83470102e6212
/paths/~1policies~1rate-limits~1{rateLimitsPolicyId}/get/responses/200/description,description,26,sha256-f489021d28fd9a786ccd0cd3e3e568f0ffb0b4dc66580d993119b3549cdcd94a
/paths/~1policies~1rate-limits~1{rateLimitsPolicyId}/get/responses/400/description,description,11,sha256-917ef22f94f460141928531e1945453e29d89dcd58e3383c2b3ba0e2e19eb0d7
/paths/~1policies~1rate-limits~1{rateLimitsPolicyId}/get/responses/401/description,description,12,sha256-d089c8a9fc28e4e50223eb38c9409e362521be9380a37341304fbac7a4cd9e5f
/paths/~1policies~1rate-limits~1{rateLimitsPolicyId}/get/responses/403/description,description,9,sha256-78342a0905a72ce44da083dcb5d23b8ea0c16992ba2a82eece97e033d76ba3d3
/paths/~1policies~1rate-limits~1{rateLimitsPolicyId}/get/responses/404/description,description,16,sha256-cb871a720dcb3101dd56f283d10ffa92dbbd4525d384df799c02c6728e3cc71c
/paths/~1policies~1rate-limits~1{rateLimitsPolicyId}/get/responses/500/description,description,12,sha256-dfe0c2e802b1ff632ce6e3b43ea8d6055b4db02c3b52e6871a72b05e9cc76d5e
/paths/~1policies~1rate-limits~1{rateLimitsPolicyId}/get/summary,summary,22,sha256-a71918390a2c9708153fc748ad08205bf488a365e964c0e454681651f0047ba0
/paths/~1policies~1rate-limits~1{rateLimitsPolicyId}/put/description,description,38,sha256-a1d7a7e9cb20121362c16afdfc0aff228e2a61d609af4b2a222893a29a5566ab
/paths/~1policies~1rate-limits~1{rateLimitsPolicyId}/put/requestBody/content/application~1json/example,example,21,sha256-bd74931d31c6358a10f813ec70f00679ab1c33428736cd30fff59c9590496d01
/paths/~1policies~1rate-limits~1{rateLimitsPolicyId}/put/responses/200/content/application~1json/example,example,3,sha256-ca3d163bab055381827226140568f3bef7eaac187cebd76878e0b63e9e442356
/paths/~1policies~1rate-limits~1{rateLimitsPolicyId}/put/responses/200/description,description,2,sha256-565339bc4d33d72817b583024112eb7f5cdf3e5eef0252d6ec1b9c9a94e12bb3
/paths/~1policies~1rate-limits~1{rateLimitsPolicyId}/put/responses/200/headers/Content-Type/schema/example,example,16,sha256-bacb769b46f6d169fb227ea026550f411d46cbe66a9c2a6ba36449c8cf8e4dea
/paths/~1policies~1rate-limits~1{rateLimitsPolicyId}/put/responses/400/description,description,11,sha256-917ef22f94f460141928531e1945453e29d89dcd58e3383c2b3ba0e2e19eb0d7
/paths/~1policies~1rate-limits~1{rateLimitsPolicyId}/put/responses/401/description,description,12,sha256-d089c8a9fc28e4e50223eb38c9409e362521be9380a37341304fbac7a4cd9e5f
/paths/~1policies~1rate-limits~1{rateLimitsPolicyId}/put/responses/403/description,description,9,sha256-78342a0905a72ce44da083dcb5d23b8ea0c16992ba2a82eece97e033d76ba3d3
/paths/~1policies~1rate-limits~1{rateLimitsPolicyId}/put/responses/404/description,description,16,sha256-cb871a720dcb3101dd56f283d10ffa92dbbd4525d384df799c02c6728e3cc71c
/paths/~1policies~1rate-limits~1{rateLimitsPolicyId}/put/responses/500/description,description,12,sha256-dfe0c2e802b1ff632ce6e3b43ea8d6055b4db02c3b52e6871a72b05e9cc76d5e
/paths/~1policies~1rate-limits~1{rateLimitsPolicyId}/put/summary,summary,25,sha256-b72c297a11f39fdafaf5e1f0c2ab8b4526c144625365ec43f2040ddad5b888dc
/paths/~1policies~1usage-limits/get/description,description,55,sha256-ff7701fa05558e0fc9ad0949a6bda782e527fab768af09ba009066b50d72b00c
/paths/~1policies~1usage-limits/get/parameters/1/description,description,16,sha256-94d5a7703a8250de4c9e24b29839ffafa5d8477efb19c56ebce83470102e6212
/paths/~1policies~1usage-limits/get/parameters/2/description,description,21,sha256-b0b4b97c80bb4f99ce18886a7290900ead7f375a2f21f33648993255d77630d0
/paths/~1policies~1usage-limits/get/responses/200/description,description,29,sha256-0546ecbd1dcf207d1e31edd596bd01c896808c5602141d993793620aa449928f
/paths/~1policies~1usage-limits/get/responses/400/description,description,11,sha256-917ef22f94f460141928531e1945453e29d89dcd58e3383c2b3ba0e2e19eb0d7
/paths/~1policies~1usage-limits/get/responses/401/description,description,12,sha256-d089c8a9fc28e4e50223eb38c9409e362521be9380a37341304fbac7a4cd9e5f
/paths/~1policies~1usage-limits/get/responses/403/description,description,9,sha256-78342a0905a72ce44da083dcb5d23b8ea0c16992ba2a82eece97e033d76ba3d3
/paths/~1policies~1usage-limits/get/responses/404/description,description,16,sha256-cb871a720dcb3101dd56f283d10ffa92dbbd4525d384df799c02c6728e3cc71c
/paths/~1policies~1usage-limits/get/responses/500/description,description,12,sha256-dfe0c2e802b1ff632ce6e3b43ea8d6055b4db02c3b52e6871a72b05e9cc76d5e
/paths/~1policies~1usage-limits/get/summary,summary,26,sha256-bb33ef93cd50dd8b8357232bde89e58df1a77070d1f17e3ef491e7c6a874dfe5
/paths/~1policies~1usage-limits/post/description,description,87,sha256-f38baf1ef777b95ecdee6faddd99d5fcec03045af7497ee3251a134f553920f0
/paths/~1policies~1usage-limits/post/requestBody/content/application~1json/examples,examples,568,sha256-aef9732943cf440fbc8bf2584565771f79732c10224b075cef17266a79eaab78
/paths/~1policies~1usage-limits/post/responses/200/description,description,27,sha256-5ab1e5e02923308939b5f7146b4b0dd1ff1c3e0e954cf31e47f1ddf296bb8726
/paths/~1policies~1usage-limits/post/responses/400/description,description,11,sha256-917ef22f94f460141928531e1945453e29d89dcd58e3383c2b3ba0e2e19eb0d7
/paths/~1policies~1usage-limits/post/responses/401/description,description,12,sha256-d089c8a9fc28e4e50223eb38c9409e362521be9380a37341304fbac7a4cd9e5f
/paths/~1policies~1usage-limits/post/responses/403/description,description,9,sha256-78342a0905a72ce44da083dcb5d23b8ea0c16992ba2a82eece97e033d76ba3d3
/paths/~1policies~1usage-limits/post/responses/404/description,description,16,sha256-cb871a720dcb3101dd56f283d10ffa92dbbd4525d384df799c02c6728e3cc71c
/paths/~1policies~1usage-limits/post/responses/500/description,description,12,sha256-dfe0c2e802b1ff632ce6e3b43ea8d6055b4db02c3b52e6871a72b05e9cc76d5e
/paths/~1policies~1usage-limits/post/summary,summary,26,sha256-61b3f127049755c0cf6e914366a693da9621bc9615d7121f1f28f5c4371a57db
/paths/~1policies~1usage-limits~1{policyUsageLimitsId}/delete/description,description,44,sha256-7f4e1fed42c3275bd690e9fff77e19e17db70219479e355c2e969153cd78c58d
/paths/~1policies~1usage-limits~1{policyUsageLimitsId}/delete/responses/200/content/application~1json/example,example,3,sha256-ca3d163bab055381827226140568f3bef7eaac187cebd76878e0b63e9e442356
/paths/~1policies~1usage-limits~1{policyUsageLimitsId}/delete/responses/200/description,description,2,sha256-565339bc4d33d72817b583024112eb7f5cdf3e5eef0252d6ec1b9c9a94e12bb3
/paths/~1policies~1usage-limits~1{policyUsageLimitsId}/delete/responses/200/headers/Content-Type/schema/example,example,16,sha256-bacb769b46f6d169fb227ea026550f411d46cbe66a9c2a6ba36449c8cf8e4dea
/paths/~1policies~1usage-limits~1{policyUsageLimitsId}/delete/responses/400/description,description,11,sha256-917ef22f94f460141928531e1945453e29d89dcd58e3383c2b3ba0e2e19eb0d7
/paths/~1policies~1usage-limits~1{policyUsageLimitsId}/delete/responses/401/description,description,12,sha256-d089c8a9fc28e4e50223eb38c9409e362521be9380a37341304fbac7a4cd9e5f
/paths/~1policies~1usage-limits~1{policyUsageLimitsId}/delete/responses/403/description,description,9,sha256-78342a0905a72ce44da083dcb5d23b8ea0c16992ba2a82eece97e033d76ba3d3
/paths/~1policies~1usage-limits~1{policyUsageLimitsId}/delete/responses/404/description,description,16,sha256-cb871a720dcb3101dd56f283d10ffa92dbbd4525d384df799c02c6728e3cc71c
/paths/~1policies~1usage-limits~1{policyUsageLimitsId}/delete/responses/500/description,description,12,sha256-dfe0c2e802b1ff632ce6e3b43ea8d6055b4db02c3b52e6871a72b05e9cc76d5e
/paths/~1policies~1usage-limits~1{policyUsageLimitsId}/delete/summary,summary,26,sha256-4046507345d052898a86996b9ac5c52711cd479e501c6f0588581c63ae0d3a31
/paths/~1policies~1usage-limits~1{policyUsageLimitsId}/get/description,description,39,sha256-710577f362021e60a4f0ccc655e84b3a74b4b5df07c715cc1a0cc150eb622ea7
/paths/~1policies~1usage-limits~1{policyUsageLimitsId}/get/parameters/1/description,description,16,sha256-94d5a7703a8250de4c9e24b29839ffafa5d8477efb19c56ebce83470102e6212
/paths/~1policies~1usage-limits~1{policyUsageLimitsId}/get/parameters/2/description,description,44,sha256-80c8f9f9f48568d3b2a84d2efe3b11debc831070e313569ccb3774b61dfe2cc0
/paths/~1policies~1usage-limits~1{policyUsageLimitsId}/get/responses/200/description,description,27,sha256-393df23952ddef16a971a0c1fcc4fda9155b149770beadee6b448fbc59200f35
/paths/~1policies~1usage-limits~1{policyUsageLimitsId}/get/responses/400/description,description,11,sha256-917ef22f94f460141928531e1945453e29d89dcd58e3383c2b3ba0e2e19eb0d7
/paths/~1policies~1usage-limits~1{policyUsageLimitsId}/get/responses/401/description,description,12,sha256-d089c8a9fc28e4e50223eb38c9409e362521be9380a37341304fbac7a4cd9e5f
/paths/~1policies~1usage-limits~1{policyUsageLimitsId}/get/responses/403/description,description,9,sha256-78342a0905a72ce44da083dcb5d23b8ea0c16992ba2a82eece97e033d76ba3d3
/paths/~1policies~1usage-limits~1{policyUsageLimitsId}/get/responses/404/description,description,16,sha256-cb871a720dcb3101dd56f283d10ffa92dbbd4525d384df799c02c6728e3cc71c
/paths/~1policies~1usage-limits~1{policyUsageLimitsId}/get/responses/500/description,description,12,sha256-dfe0c2e802b1ff632ce6e3b43ea8d6055b4db02c3b52e6871a72b05e9cc76d5e
/paths/~1policies~1usage-limits~1{policyUsageLimitsId}/get/summary,summary,23,sha256-9d026f6058574b06dd74dd8d25361e3d43dd60e98c7d6415e5bcb3027bf9ceb4
/paths/~1policies~1usage-limits~1{policyUsageLimitsId}/put/description,description,39,sha256-0085322a1c3ee03c33453df9506df8edcf6586e7f31e7f5d1eee57aaa2348738
/paths/~1policies~1usage-limits~1{policyUsageLimitsId}/put/requestBody/content/application~1json/examples,examples,343,sha256-6ee057d7ac9163304629fcc52a5a9f3469cea5931d30309fc619f115aad03eae
/paths/~1policies~1usage-limits~1{policyUsageLimitsId}/put/responses/200/content/application~1json/example,example,3,sha256-ca3d163bab055381827226140568f3bef7eaac187cebd76878e0b63e9e442356
/paths/~1policies~1usage-limits~1{policyUsageLimitsId}/put/responses/200/description,description,2,sha256-565339bc4d33d72817b583024112eb7f5cdf3e5eef0252d6ec1b9c9a94e12bb3
/paths/~1policies~1usage-limits~1{policyUsageLimitsId}/put/responses/200/headers/Content-Type/schema/example,example,16,sha256-bacb769b46f6d169fb227ea026550f411d46cbe66a9c2a6ba36449c8cf8e4dea
/paths/~1policies~1usage-limits~1{policyUsageLimitsId}/put/responses/400/description,description,11,sha256-917ef22f94f460141928531e1945453e29d89dcd58e3383c2b3ba0e2e19eb0d7
/paths/~1policies~1usage-limits~1{policyUsageLimitsId}/put/responses/401/description,description,12,sha256-d089c8a9fc28e4e50223eb38c9409e362521be9380a37341304fbac7a4cd9e5f
/paths/~1policies~1usage-limits~1{policyUsageLimitsId}/put/responses/403/description,description,9,sha256-78342a0905a72ce44da083dcb5d23b8ea0c16992ba2a82eece97e033d76ba3d3
/paths/~1policies~1usage-limits~1{policyUsageLimitsId}/put/responses/404/description,description,16,sha256-cb871a720dcb3101dd56f283d10ffa92dbbd4525d384df799c02c6728e3cc71c
/paths/~1policies~1usage-limits~1{policyUsageLimitsId}/put/responses/500/description,description,12,sha256-dfe0c2e802b1ff632ce6e3b43ea8d6055b4db02c3b52e6871a72b05e9cc76d5e
/paths/~1policies~1usage-limits~1{policyUsageLimitsId}/put/summary,summary,26,sha256-bb9a67e3c218a5207a5fba186f445cd700839dc04c178ae7d9983ea33a28ba53
/paths/~1policies~1usage-limits~1{policyUsageLimitsId}~1entities/get/description,description,72,sha256-88f85d739575feac02935de9810847d7771cbc0ae2f5198a957e9c4b69a48502
/paths/~1policies~1usage-limits~1{policyUsageLimitsId}~1entities/get/parameters/1/description,description,29,sha256-7ea5cd6b2130a8d7f7b70b0b7ec0d3da6832e02f007b62a5f24ad24b83c11ed7
/paths/~1policies~1usage-limits~1{policyUsageLimitsId}~1entities/get/parameters/2/description,description,28,sha256-d7d32999f3dd4b42ccf75061085a9c0ce6bf0d5e4bef0e80a5d155d6964aba5d
/paths/~1policies~1usage-limits~1{policyUsageLimitsId}~1entities/get/parameters/3/description,description,24,sha256-f2e65f0a130e2d69335772c1c1dda0767a3ef9415251fdfa0cd4178a574259ca
/paths/~1policies~1usage-limits~1{policyUsageLimitsId}~1entities/get/responses/200/description,description,31,sha256-549db0e8dc6ad84c85a991861424f7b054d8324746c314da77ee6d72e5a694c7
/paths/~1policies~1usage-limits~1{policyUsageLimitsId}~1entities/get/responses/400/description,description,11,sha256-917ef22f94f460141928531e1945453e29d89dcd58e3383c2b3ba0e2e19eb0d7
/paths/~1policies~1usage-limits~1{policyUsageLimitsId}~1entities/get/responses/401/description,description,12,sha256-d089c8a9fc28e4e50223eb38c9409e362521be9380a37341304fbac7a4cd9e5f
/paths/~1policies~1usage-limits~1{policyUsageLimitsId}~1entities/get/responses/403/description,description,9,sha256-78342a0905a72ce44da083dcb5d23b8ea0c16992ba2a82eece97e033d76ba3d3
/paths/~1policies~1usage-limits~1{policyUsageLimitsId}~1entities/get/responses/404/description,description,16,sha256-cb871a720dcb3101dd56f283d10ffa92dbbd4525d384df799c02c6728e3cc71c
/paths/~1policies~1usage-limits~1{policyUsageLimitsId}~1entities/get/responses/500/description,description,12,sha256-dfe0c2e802b1ff632ce6e3b43ea8d6055b4db02c3b52e6871a72b05e9cc76d5e
/paths/~1policies~1usage-limits~1{policyUsageLimitsId}~1entities/get/summary,summary,33,sha256-ca603d77e64bcad68f690ea1a34c9e3b4145171a9b29be111f7a7b68f02f3ea9
/paths/~1policies~1usage-limits~1{policyUsageLimitsId}~1entities~1{entityId}~1reset/put/description,description,71,sha256-7f72e728336f13e2b56b3fb8ad6384bb6c9892fbe7827389d0666add6367dd39
/paths/~1policies~1usage-limits~1{policyUsageLimitsId}~1entities~1{entityId}~1reset/put/responses/200/content/application~1json/example,example,3,sha256-ca3d163bab055381827226140568f3bef7eaac187cebd76878e0b63e9e442356
/paths/~1policies~1usage-limits~1{policyUsageLimitsId}~1entities~1{entityId}~1reset/put/responses/200/description,description,31,sha256-97882c93ea99428e212c088189c056df0b50096e50cc9711d587030c9328b329
/paths/~1policies~1usage-limits~1{policyUsageLimitsId}~1entities~1{entityId}~1reset/put/responses/400/description,description,11,sha256-917ef22f94f460141928531e1945453e29d89dcd58e3383c2b3ba0e2e19eb0d7
/paths/~1policies~1usage-limits~1{policyUsageLimitsId}~1entities~1{entityId}~1reset/put/responses/401/description,description,12,sha256-d089c8a9fc28e4e50223eb38c9409e362521be9380a37341304fbac7a4cd9e5f
/paths/~1policies~1usage-limits~1{policyUsageLimitsId}~1entities~1{entityId}~1reset/put/responses/403/description,description,9,sha256-78342a0905a72ce44da083dcb5d23b8ea0c16992ba2a82eece97e033d76ba3d3
/paths/~1policies~1usage-limits~1{policyUsageLimitsId}~1entities~1{entityId}~1reset/put/responses/404/description,description,26,sha256-679308c017b0232f76c7218dae405e5c708321339a7dea27565e1912181f69a0
/paths/~1policies~1usage-limits~1{policyUsageLimitsId}~1entities~1{entityId}~1reset/put/responses/500/description,description,12,sha256-dfe0c2e802b1ff632ce6e3b43ea8d6055b4db02c3b52e6871a72b05e9cc76d5e
/paths/~1policies~1usage-limits~1{policyUsageLimitsId}~1entities~1{entityId}~1reset/put/summary,summary,32,sha256-668c67ccb7191f79b1826d72d433100d3d6313fcb251bb4a71a7980f29c7ee2e
/paths/~1prompts/get/responses/200/description,description,15,sha256-ea5451a7e76fa24f2c42874bcfa670f237f54698f5764e4044f2c2b3289d977a
/paths/~1prompts/get/responses/400/description,description,11,sha256-917ef22f94f460141928531e1945453e29d89dcd58e3383c2b3ba0e2e19eb0d7
/paths/~1prompts/get/responses/401/description,description,12,sha256-d089c8a9fc28e4e50223eb38c9409e362521be9380a37341304fbac7a4cd9e5f
/paths/~1prompts/get/responses/403/description,description,9,sha256-78342a0905a72ce44da083dcb5d23b8ea0c16992ba2a82eece97e033d76ba3d3
/paths/~1prompts/get/responses/500/description,description,12,sha256-dfe0c2e802b1ff632ce6e3b43ea8d6055b4db02c3b52e6871a72b05e9cc76d5e
/paths/~1prompts/get/summary,summary,12,sha256-029ebd14d3060bec35e3d99cbb7405cac37ff0dc8757117b7b95fbffaeab166d
/paths/~1prompts/post/requestBody/content/application~1json/schema/properties/collection_id/description,description,30,sha256-736642cef67d8bfa62c6995430855e756412196d6bbb6fdf52984dce2811f258
/paths/~1prompts/post/requestBody/content/application~1json/schema/properties/functions/description,description,24,sha256-d083ef99422dd10aebf6c4955a8fd107cc8ded5e67fe65b68a56e45127b2f103
/paths/~1prompts/post/requestBody/content/application~1json/schema/properties/model/description,description,31,sha256-2534c59079650806ca2f524921851685c378167f8b4aa0e268717da56e5e485a
/paths/~1prompts/post/requestBody/content/application~1json/schema/properties/parameters/description,description,25,sha256-9ee89355102a4c8d1bccfad070a84a1df5e4fb41a2fbde651d246a70369530d9
/paths/~1prompts/post/requestBody/content/application~1json/schema/properties/string/description,description,32,sha256-b56ccbd059925b187a0f02067ee5886d8654256dd8d36a9bef9581a929a91bb9
/paths/~1prompts/post/requestBody/content/application~1json/schema/properties/template_metadata/description,description,23,sha256-ff908160a207dec02f46ede064ed39fd60ec2c4270e06420874eacebc5ee40aa
/paths/~1prompts/post/requestBody/content/application~1json/schema/properties/tool_choice/description,description,26,sha256-786a754d1c8bad9ce853a312143521fb52950c4fc026a674aa3623528b814656
/paths/~1prompts/post/requestBody/content/application~1json/schema/properties/tools/description,description,20,sha256-bdae247581d5c236fdc252a3c84b19d13cd665639939f5d2380ea2eb0bb94c0d
/paths/~1prompts/post/requestBody/content/application~1json/schema/properties/version_description/description,description,37,sha256-f33dd8706bd67d7cd1358749bd0866a92619502fb88c906703b47a352ed6a617
/paths/~1prompts/post/requestBody/content/application~1json/schema/properties/virtual_key/description,description,37,sha256-81fe8a6e9844f47529b5bc20383edd3546f5e5077c30b3776d1ed5179868e5b7
/paths/~1prompts/post/responses/200/description,description,27,sha256-0c1de99161c785e076b38353ddf8a2319957eb878aeaf6e4ffa589f96cc60a07
/paths/~1prompts/post/responses/400/description,description,11,sha256-917ef22f94f460141928531e1945453e29d89dcd58e3383c2b3ba0e2e19eb0d7
/paths/~1prompts/post/responses/401/description,description,12,sha256-d089c8a9fc28e4e50223eb38c9409e362521be9380a37341304fbac7a4cd9e5f
/paths/~1prompts/post/responses/403/description,description,9,sha256-78342a0905a72ce44da083dcb5d23b8ea0c16992ba2a82eece97e033d76ba3d3
/paths/~1prompts/post/responses/500/description,description,12,sha256-dfe0c2e802b1ff632ce6e3b43ea8d6055b4db02c3b52e6871a72b05e9cc76d5e
/paths/~1prompts/post/summary,summary,19,sha256-8e13d0695e15030603898d54ac2de81e064a020165dba515a2fd323f47dadfec
/paths/~1prompts/servers/0/description,description,27,sha256-9836600675f763ce2598e0fee6eb5930d9d57a5978f92ff5c989028e9ded4ec4
/paths/~1prompts/servers/1/description,description,29,sha256-2cc2e58054c38bb2cdfd6bd2edcbd1018ee6934d126106c292611be1bb7b62d5
/paths/~1prompts~1partials/get/responses/200/description,description,23,sha256-027dc849aad664fd5561d07e10a559ad4677a5ba89c6b937e8044f74ec0d68e0
/paths/~1prompts~1partials/get/responses/400/description,description,11,sha256-917ef22f94f460141928531e1945453e29d89dcd58e3383c2b3ba0e2e19eb0d7
/paths/~1prompts~1partials/get/responses/401/description,description,12,sha256-d089c8a9fc28e4e50223eb38c9409e362521be9380a37341304fbac7a4cd9e5f
/paths/~1prompts~1partials/get/responses/403/description,description,9,sha256-78342a0905a72ce44da083dcb5d23b8ea0c16992ba2a82eece97e033d76ba3d3
/paths/~1prompts~1partials/get/responses/404/description,description,9,sha256-e3ebaa16dd9d9b9fc107c42183fb6cf9d22927e1af03dbbdfa0ccc38e4e4ac31
/paths/~1prompts~1partials/get/responses/500/description,description,12,sha256-dfe0c2e802b1ff632ce6e3b43ea8d6055b4db02c3b52e6871a72b05e9cc76d5e
/paths/~1prompts~1partials/get/summary,summary,20,sha256-359282b14dda5fb34acdfa0903ab14985a63a6de9926adfbd79e7dba8bfd2bd4
/paths/~1prompts~1partials/post/requestBody/content/application~1json/schema/properties/string/description,description,40,sha256-d0593154d425753045ac8f3b08fa064ad8a8e7bd0f354624e6e6aea302e6bb06
/paths/~1prompts~1partials/post/requestBody/content/application~1json/schema/properties/workspace_id/description,description,23,sha256-b44044ef2e109536d7d66747f7f192cb44147bda965e17d7e0b969067ece1c8c
/paths/~1prompts~1partials/post/responses/200/description,description,35,sha256-e851d276f91bc99bf23f45e99d3dbb21cc432b20a19bf7f0417537c7def67b77
/paths/~1prompts~1partials/post/responses/400/description,description,11,sha256-917ef22f94f460141928531e1945453e29d89dcd58e3383c2b3ba0e2e19eb0d7
/paths/~1prompts~1partials/post/responses/401/description,description,12,sha256-d089c8a9fc28e4e50223eb38c9409e362521be9380a37341304fbac7a4cd9e5f
/paths/~1prompts~1partials/post/responses/403/description,description,9,sha256-78342a0905a72ce44da083dcb5d23b8ea0c16992ba2a82eece97e033d76ba3d3
/paths/~1prompts~1partials/post/responses/500/description,description,12,sha256-dfe0c2e802b1ff632ce6e3b43ea8d6055b4db02c3b52e6871a72b05e9cc76d5e
/paths/~1prompts~1partials/post/summary,summary,27,sha256-545c64b36716c27da003e65676dac7e2f4ff8699bb291e62efca119ad0c6a526
/paths/~1prompts~1partials/servers/0/description,description,27,sha256-9836600675f763ce2598e0fee6eb5930d9d57a5978f92ff5c989028e9ded4ec4
/paths/~1prompts~1partials/servers/1/description,description,29,sha256-2cc2e58054c38bb2cdfd6bd2edcbd1018ee6934d126106c292611be1bb7b62d5
/paths/~1prompts~1partials~1{promptPartialId}/delete/responses/200/description,description,35,sha256-a2f509bab3bff2206c445a6e2ee5a2b4957c134b6e83e08167df0a4c19fde77a
/paths/~1prompts~1partials~1{promptPartialId}/delete/responses/400/description,description,11,sha256-917ef22f94f460141928531e1945453e29d89dcd58e3383c2b3ba0e2e19eb0d7
/paths/~1prompts~1partials~1{promptPartialId}/delete/responses/401/description,description,12,sha256-d089c8a9fc28e4e50223eb38c9409e362521be9380a37341304fbac7a4cd9e5f
/paths/~1prompts~1partials~1{promptPartialId}/delete/responses/403/description,description,9,sha256-78342a0905a72ce44da083dcb5d23b8ea0c16992ba2a82eece97e033d76ba3d3
/paths/~1prompts~1partials~1{promptPartialId}/delete/responses/404/description,description,24,sha256-159745686cf26a09d780fb7dc9039720e5b774627473732ae50778ec0a22968e
/paths/~1prompts~1partials~1{promptPartialId}/delete/responses/500/description,description,12,sha256-dfe0c2e802b1ff632ce6e3b43ea8d6055b4db02c3b52e6871a72b05e9cc76d5e
/paths/~1prompts~1partials~1{promptPartialId}/delete/summary,summary,23,sha256-b7df5fa0c8ae13ba69a003a23e41099b4566ad9d51fd401d45b57162b29b1ec8
/paths/~1prompts~1partials~1{promptPartialId}/get/responses/200/description,description,22,sha256-e28dd26882a3e313b7d74b4262e7149ca980d8c7e15ea495792afdca2bfd5c3b
/paths/~1prompts~1partials~1{promptPartialId}/get/responses/400/description,description,11,sha256-917ef22f94f460141928531e1945453e29d89dcd58e3383c2b3ba0e2e19eb0d7
/paths/~1prompts~1partials~1{promptPartialId}/get/responses/401/description,description,12,sha256-d089c8a9fc28e4e50223eb38c9409e362521be9380a37341304fbac7a4cd9e5f
/paths/~1prompts~1partials~1{promptPartialId}/get/responses/403/description,description,9,sha256-78342a0905a72ce44da083dcb5d23b8ea0c16992ba2a82eece97e033d76ba3d3
/paths/~1prompts~1partials~1{promptPartialId}/get/responses/404/description,description,24,sha256-159745686cf26a09d780fb7dc9039720e5b774627473732ae50778ec0a22968e
/paths/~1prompts~1partials~1{promptPartialId}/get/responses/500/description,description,12,sha256-dfe0c2e802b1ff632ce6e3b43ea8d6055b4db02c3b52e6871a72b05e9cc76d5e
/paths/~1prompts~1partials~1{promptPartialId}/get/summary,summary,34,sha256-57dd93d5552262a5908dd5f93718f9b51e9b455059090e3bba5307ab4056b5e2
/paths/~1prompts~1partials~1{promptPartialId}/put/responses/200/description,description,35,sha256-8d17f6c5ddc5e84f1a18a6ce16d17397f790dddda609e40f6dde8d5ecde9afe8
/paths/~1prompts~1partials~1{promptPartialId}/put/responses/400/description,description,11,sha256-917ef22f94f460141928531e1945453e29d89dcd58e3383c2b3ba0e2e19eb0d7
/paths/~1prompts~1partials~1{promptPartialId}/put/responses/401/description,description,12,sha256-d089c8a9fc28e4e50223eb38c9409e362521be9380a37341304fbac7a4cd9e5f
/paths/~1prompts~1partials~1{promptPartialId}/put/responses/403/description,description,9,sha256-78342a0905a72ce44da083dcb5d23b8ea0c16992ba2a82eece97e033d76ba3d3
/paths/~1prompts~1partials~1{promptPartialId}/put/responses/404/description,description,24,sha256-159745686cf26a09d780fb7dc9039720e5b774627473732ae50778ec0a22968e
/paths/~1prompts~1partials~1{promptPartialId}/put/responses/500/description,description,12,sha256-dfe0c2e802b1ff632ce6e3b43ea8d6055b4db02c3b52e6871a72b05e9cc76d5e
/paths/~1prompts~1partials~1{promptPartialId}/put/summary,summary,23,sha256-59444780da8c2d66cf2a6d72f84cb9c1afd1ea8b7f2e9c032c96ef99325e6a30
/paths/~1prompts~1partials~1{promptPartialId}/servers/0/description,description,27,sha256-9836600675f763ce2598e0fee6eb5930d9d57a5978f92ff5c989028e9ded4ec4
/paths/~1prompts~1partials~1{promptPartialId}/servers/1/description,description,29,sha256-2cc2e58054c38bb2cdfd6bd2edcbd1018ee6934d126106c292611be1bb7b62d5
/paths/~1prompts~1partials~1{promptPartialId}~1makeDefault/put/requestBody/content/application~1json/schema/properties/version/description,description,32,sha256-9cd0c2cdc07e50554124af63206fd25f0d64bd4b79d123966b5f94bcaf2cd770
/paths/~1prompts~1partials~1{promptPartialId}~1makeDefault/put/responses/200/description,description,32,sha256-36b2836de54f90836d57d6bca031357073d5227f25878ad6a08edc1d415e5f02
/paths/~1prompts~1partials~1{promptPartialId}~1makeDefault/put/responses/400/description,description,11,sha256-917ef22f94f460141928531e1945453e29d89dcd58e3383c2b3ba0e2e19eb0d7
/paths/~1prompts~1partials~1{promptPartialId}~1makeDefault/put/responses/401/description,description,12,sha256-d089c8a9fc28e4e50223eb38c9409e362521be9380a37341304fbac7a4cd9e5f
/paths/~1prompts~1partials~1{promptPartialId}~1makeDefault/put/responses/403/description,description,9,sha256-78342a0905a72ce44da083dcb5d23b8ea0c16992ba2a82eece97e033d76ba3d3
/paths/~1prompts~1partials~1{promptPartialId}~1makeDefault/put/responses/404/description,description,35,sha256-c815e214aa9bdac85abc29c560389bac6f6e59e7521d981b5560f15e721467fa
/paths/~1prompts~1partials~1{promptPartialId}~1makeDefault/put/responses/500/description,description,12,sha256-dfe0c2e802b1ff632ce6e3b43ea8d6055b4db02c3b52e6871a72b05e9cc76d5e
/paths/~1prompts~1partials~1{promptPartialId}~1makeDefault/put/summary,summary,49,sha256-7dc1a9100d11e82986c07372c169f5c2bd5acfb29bc78177e675a0a7370a20cd
/paths/~1prompts~1partials~1{promptPartialId}~1makeDefault/servers/0/description,description,27,sha256-9836600675f763ce2598e0fee6eb5930d9d57a5978f92ff5c989028e9ded4ec4
/paths/~1prompts~1partials~1{promptPartialId}~1makeDefault/servers/1/description,description,29,sha256-2cc2e58054c38bb2cdfd6bd2edcbd1018ee6934d126106c292611be1bb7b62d5
/paths/~1prompts~1partials~1{promptPartialId}~1versions/get/responses/200/description,description,31,sha256-a1d85c5d08045d27c9d24c7dbfb2f9ce34e92be05e83673a8f8cc3d929235666
/paths/~1prompts~1partials~1{promptPartialId}~1versions/get/responses/400/description,description,11,sha256-917ef22f94f460141928531e1945453e29d89dcd58e3383c2b3ba0e2e19eb0d7
/paths/~1prompts~1partials~1{promptPartialId}~1versions/get/responses/401/description,description,12,sha256-d089c8a9fc28e4e50223eb38c9409e362521be9380a37341304fbac7a4cd9e5f
/paths/~1prompts~1partials~1{promptPartialId}~1versions/get/responses/403/description,description,9,sha256-78342a0905a72ce44da083dcb5d23b8ea0c16992ba2a82eece97e033d76ba3d3
/paths/~1prompts~1partials~1{promptPartialId}~1versions/get/responses/404/description,description,24,sha256-159745686cf26a09d780fb7dc9039720e5b774627473732ae50778ec0a22968e
/paths/~1prompts~1partials~1{promptPartialId}~1versions/get/responses/500/description,description,12,sha256-dfe0c2e802b1ff632ce6e3b43ea8d6055b4db02c3b52e6871a72b05e9cc76d5e
/paths/~1prompts~1partials~1{promptPartialId}~1versions/get/summary,summary,36,sha256-af9a32ea8d48c8882b5fcbf7e95a5746b3fcd3a18028e41d98c08f3d0807442f
/paths/~1prompts~1partials~1{promptPartialId}~1versions/servers/0/description,description,27,sha256-9836600675f763ce2598e0fee6eb5930d9d57a5978f92ff5c989028e9ded4ec4
/paths/~1prompts~1partials~1{promptPartialId}~1versions/servers/1/description,description,29,sha256-2cc2e58054c38bb2cdfd6bd2edcbd1018ee6934d126106c292611be1bb7b62d5
/paths/~1prompts~1{promptId}/delete/responses/200/description,description,27,sha256-cd0bb2930e968263ac1152479994f424358b109d172864f458f5ee611ce64bbd
/paths/~1prompts~1{promptId}/delete/responses/400/description,description,11,sha256-917ef22f94f460141928531e1945453e29d89dcd58e3383c2b3ba0e2e19eb0d7
/paths/~1prompts~1{promptId}/delete/responses/401/description,description,12,sha256-d089c8a9fc28e4e50223eb38c9409e362521be9380a37341304fbac7a4cd9e5f
/paths/~1prompts~1{promptId}/delete/responses/403/description,description,9,sha256-78342a0905a72ce44da083dcb5d23b8ea0c16992ba2a82eece97e033d76ba3d3
/paths/~1prompts~1{promptId}/delete/responses/404/description,description,16,sha256-a3b61d69f6f77528bcb3c83238f4d718a3f8e2189481afad6446de5a328019a7
/paths/~1prompts~1{promptId}/delete/responses/500/description,description,12,sha256-dfe0c2e802b1ff632ce6e3b43ea8d6055b4db02c3b52e6871a72b05e9cc76d5e
/paths/~1prompts~1{promptId}/delete/summary,summary,15,sha256-6d4b218e4c822bab41672d1094967c142724aa051fd47a4e2f600ab41057fc8f
/paths/~1prompts~1{promptId}/get/responses/200/description,description,14,sha256-f855be1104d55c4d03cb47fe732e68ee737750ac794ba29333dc97fd2f4c2a74
/paths/~1prompts~1{promptId}/get/responses/400/description,description,11,sha256-917ef22f94f460141928531e1945453e29d89dcd58e3383c2b3ba0e2e19eb0d7
/paths/~1prompts~1{promptId}/get/responses/401/description,description,12,sha256-d089c8a9fc28e4e50223eb38c9409e362521be9380a37341304fbac7a4cd9e5f
/paths/~1prompts~1{promptId}/get/responses/403/description,description,9,sha256-78342a0905a72ce44da083dcb5d23b8ea0c16992ba2a82eece97e033d76ba3d3
/paths/~1prompts~1{promptId}/get/responses/404/description,description,16,sha256-a3b61d69f6f77528bcb3c83238f4d718a3f8e2189481afad6446de5a328019a7
/paths/~1prompts~1{promptId}/get/responses/500/description,description,12,sha256-dfe0c2e802b1ff632ce6e3b43ea8d6055b4db02c3b52e6871a72b05e9cc76d5e
/paths/~1prompts~1{promptId}/get/summary,summary,26,sha256-ef393e359eb4ecfd53d4e4589456ee537ae9d4c34ae36e0715bd3ba42958cb84
/paths/~1prompts~1{promptId}/put/description,description,766,sha256-287abc007c9eb737fb3774e901d73703efb245e7b2427d46e9aee460545b8c5e
/paths/~1prompts~1{promptId}/put/requestBody/content/application~1json/schema/properties/functions/description,description,157,sha256-f0acc7a3215c10f3a3733e91f8d913bd12ed2011873162d95428135e4704fcd7
/paths/~1prompts~1{promptId}/put/requestBody/content/application~1json/schema/properties/is_raw_template/description,description,169,sha256-0c2c86693dde92b64c0a4a415944edeb1bd2b9ab551a5bbd569d9a6f72211653
/paths/~1prompts~1{promptId}/put/requestBody/content/application~1json/schema/properties/model/description,description,134,sha256-38b32062e1477253ff2a8e19a3c590b462adbf81fc36fa68f762795c5dee2d23
/paths/~1prompts~1{promptId}/put/requestBody/content/application~1json/schema/properties/parameters/description,description,161,sha256-cfec54e91b33dbc73b3cdc67cd66399d8514f82c56c9ea811bd3e5c8aafd31b8
/paths/~1prompts~1{promptId}/put/requestBody/content/application~1json/schema/properties/patch/description,description,307,sha256-dfc817ca628690cb82c2c377f4ec32649704a358e7c0cd5fbc4d6e42a8e8b4fe
/paths/~1prompts~1{promptId}/put/requestBody/content/application~1json/schema/properties/prompt_metadata/description,description,156,sha256-ccf582a16e3d7dc6fecd8bff1ab16f0a79ea1c04fca3caf16e8352d36e60a588
/paths/~1prompts~1{promptId}/put/requestBody/content/application~1json/schema/properties/string/description,description,140,sha256-866358b1fc8bec2898b87decd4b36772f44d2dd4aa9d547d7625b4361df98e1d
/paths/~1prompts~1{promptId}/put/requestBody/content/application~1json/schema/properties/tool_choice/description,description,148,sha256-7dd7959566026a1605f67e7bbf14dc9abb5687c2e80a47067a5e5e9e28608f89
/paths/~1prompts~1{promptId}/put/requestBody/content/application~1json/schema/properties/tools/description,description,153,sha256-59907939db495d2879a6eef8dfc2c69e3e3e8a73cf70e0147904a2051b748603
/paths/~1prompts~1{promptId}/put/requestBody/content/application~1json/schema/properties/version_description/description,description,159,sha256-7737a5d4c69ae0397a8577caf861863fc1a7ba1758d59fa23cb09ab4eff0b16c
/paths/~1prompts~1{promptId}/put/requestBody/content/application~1json/schema/properties/virtual_key/description,description,160,sha256-f2e73fccc58839fde63509b901ad71e23ccece482228bf9d64bc60698ae4a67c
/paths/~1prompts~1{promptId}/put/responses/200/description,description,27,sha256-8468cf1bff2699acbcce0a15176bf4f75af054a05a7e2b2b4b199ccb18182f7d
/paths/~1prompts~1{promptId}/put/responses/400/description,description,11,sha256-917ef22f94f460141928531e1945453e29d89dcd58e3383c2b3ba0e2e19eb0d7
/paths/~1prompts~1{promptId}/put/responses/401/description,description,12,sha256-d089c8a9fc28e4e50223eb38c9409e362521be9380a37341304fbac7a4cd9e5f
/paths/~1prompts~1{promptId}/put/responses/403/description,description,9,sha256-78342a0905a72ce44da083dcb5d23b8ea0c16992ba2a82eece97e033d76ba3d3
/paths/~1prompts~1{promptId}/put/responses/404/description,description,16,sha256-a3b61d69f6f77528bcb3c83238f4d718a3f8e2189481afad6446de5a328019a7
/paths/~1prompts~1{promptId}/put/responses/500/description,description,12,sha256-dfe0c2e802b1ff632ce6e3b43ea8d6055b4db02c3b52e6871a72b05e9cc76d5e
/paths/~1prompts~1{promptId}/put/summary,summary,15,sha256-3a1bf2f14af994fb3180db81c8be807d93debae08568ff2979b7bb3af9f1dd8a
/paths/~1prompts~1{promptId}/servers/0/description,description,27,sha256-9836600675f763ce2598e0fee6eb5930d9d57a5978f92ff5c989028e9ded4ec4
/paths/~1prompts~1{promptId}/servers/1/description,description,29,sha256-2cc2e58054c38bb2cdfd6bd2edcbd1018ee6934d126106c292611be1bb7b62d5
/paths/~1prompts~1{promptId}~1completions/post/description,description,47,sha256-4c538ff0a419ce7248cadcc6ba587f2d4712400b4d976b2090ac08bf0951a954
/paths/~1prompts~1{promptId}~1completions/post/parameters/0/description,description,51,sha256-8c315b01c24570f7c95b8e7790f4dc30c64ab5b637be71fc1263a8086acb8884
/paths/~1prompts~1{promptId}~1completions/post/requestBody/content/application~1json/schema/allOf/0/description,description,275,sha256-e7bd7e69c8caf4447a06f34722d855a693dd7bab52454e149a518354465c2044
/paths/~1prompts~1{promptId}~1completions/post/requestBody/content/application~1json/schema/allOf/0/properties/hyperparameters/description,description,167,sha256-0fe712a7131ee9b292cd9752b2de34ec06cd5391d7327d289f65d192fb4431e3
/paths/~1prompts~1{promptId}~1completions/post/requestBody/content/application~1json/schema/allOf/0/properties/stream/description,description,62,sha256-031776fa7972932d2a1ee3ccb7c3b677a8c4c9b2508196ac414aa37440ee3d36
/paths/~1prompts~1{promptId}~1completions/post/requestBody/content/application~1json/schema/allOf/0/properties/variables/description,description,46,sha256-e13726c06f1cd5f355a5568e2e3105b6ff72ecffd8deda8b0a88099ee46f36ae
/paths/~1prompts~1{promptId}~1completions/post/responses/200/content/application~1json/schema/properties/headers/description,description,16,sha256-4857ffa158305455e61a9920986a784b4c351ca0518dd5836cbefb3a92e21700
/paths/~1prompts~1{promptId}~1completions/post/responses/200/content/application~1json/schema/properties/status/description,description,15,sha256-1d018994c5d29819f6ac8c2a7c31d885c5d78a544e73e745e298c694fab76902
/paths/~1prompts~1{promptId}~1completions/post/responses/200/description,description,30,sha256-152fab96883c172d679f2000ed7cded1b60078f55bafd3fe4e431aef685c2e6a
/paths/~1prompts~1{promptId}~1completions/post/summary,summary,19,sha256-330b4d98537a4f587d51dd5e3f310fb83863dc3d515bd42b3d689a6c7d947a51
/paths/~1prompts~1{promptId}~1completions/post/x-code-samples,x-code-samples,2501,sha256-bad44858d2719ffd849723db1378c399be1148486ff316fd37a200eee66d393b
/paths/~1prompts~1{promptId}~1completions/servers/0/description,description,27,sha256-9836600675f763ce2598e0fee6eb5930d9d57a5978f92ff5c989028e9ded4ec4
/paths/~1prompts~1{promptId}~1completions/servers/1/description,description,23,sha256-d811289af1a8cb3ffb208a0b7c205b5e6c03c013897c947048a4b84b0c07fde7
/paths/~1prompts~1{promptId}~1makeDefault/put/requestBody/content/application~1json/schema/properties/version/description,description,32,sha256-9cd0c2cdc07e50554124af63206fd25f0d64bd4b79d123966b5f94bcaf2cd770
/paths/~1prompts~1{promptId}~1makeDefault/put/responses/200/description,description,32,sha256-36b2836de54f90836d57d6bca031357073d5227f25878ad6a08edc1d415e5f02
/paths/~1prompts~1{promptId}~1makeDefault/put/responses/400/description,description,11,sha256-917ef22f94f460141928531e1945453e29d89dcd58e3383c2b3ba0e2e19eb0d7
/paths/~1prompts~1{promptId}~1makeDefault/put/responses/401/description,description,12,sha256-d089c8a9fc28e4e50223eb38c9409e362521be9380a37341304fbac7a4cd9e5f
/paths/~1prompts~1{promptId}~1makeDefault/put/responses/403/description,description,9,sha256-78342a0905a72ce44da083dcb5d23b8ea0c16992ba2a82eece97e033d76ba3d3
/paths/~1prompts~1{promptId}~1makeDefault/put/responses/404/description,description,27,sha256-4e3d408147f42d3d7bf997e37dfb25bc3d0151e9764810179ba56ea364e1746e
/paths/~1prompts~1{promptId}~1makeDefault/put/responses/500/description,description,12,sha256-dfe0c2e802b1ff632ce6e3b43ea8d6055b4db02c3b52e6871a72b05e9cc76d5e
/paths/~1prompts~1{promptId}~1makeDefault/put/summary,summary,41,sha256-287a2b97e7783ff089de62d23616dfcf918b91299eb6b835b78e8822db041046
/paths/~1prompts~1{promptId}~1makeDefault/servers/0/description,description,27,sha256-9836600675f763ce2598e0fee6eb5930d9d57a5978f92ff5c989028e9ded4ec4
/paths/~1prompts~1{promptId}~1makeDefault/servers/1/description,description,29,sha256-2cc2e58054c38bb2cdfd6bd2edcbd1018ee6934d126106c292611be1bb7b62d5
/paths/~1prompts~1{promptId}~1render/post/description,description,61,sha256-040ac2ddd1e5126a990cf26775131eb5b2db2e5fe54ee135b776a819a350fe7b
/paths/~1prompts~1{promptId}~1render/post/parameters/0/description,description,54,sha256-57451cffd715d630c15947b34a8b6d53b87240fb59335c0454bd8fa91281f203
/paths/~1prompts~1{promptId}~1render/post/requestBody/content/application~1json/schema/allOf/0/description,description,275,sha256-e7bd7e69c8caf4447a06f34722d855a693dd7bab52454e149a518354465c2044
/paths/~1prompts~1{promptId}~1render/post/requestBody/content/application~1json/schema/allOf/0/properties/hyperparameters/description,description,167,sha256-0fe712a7131ee9b292cd9752b2de34ec06cd5391d7327d289f65d192fb4431e3
/paths/~1prompts~1{promptId}~1render/post/requestBody/content/application~1json/schema/allOf/0/properties/variables/description,description,46,sha256-e13726c06f1cd5f355a5568e2e3105b6ff72ecffd8deda8b0a88099ee46f36ae
/paths/~1prompts~1{promptId}~1render/post/responses/200/description,description,26,sha256-f7cc814da3045567d00ae9833364bbec8fc3d2cb0017320693dd8a963fc58b20
/paths/~1prompts~1{promptId}~1render/post/summary,summary,14,sha256-ec8ec25f66cfffc98b51ec2c3102ed6e30b34d22a632e602a2b4c27342cb8f5b
/paths/~1prompts~1{promptId}~1render/post/x-code-samples,x-code-samples,2445,sha256-677d445558f84fabdccbba145fc319378cb5b6f76a76bbd39bd9e5a8077bdbbd
/paths/~1prompts~1{promptId}~1render/servers/0/description,description,27,sha256-9836600675f763ce2598e0fee6eb5930d9d57a5978f92ff5c989028e9ded4ec4
/paths/~1prompts~1{promptId}~1render/servers/1/description,description,23,sha256-d811289af1a8cb3ffb208a0b7c205b5e6c03c013897c947048a4b84b0c07fde7
/paths/~1prompts~1{promptId}~1versions/get/responses/200/description,description,23,sha256-5273996c0e65f7854c1bed069d2464debafdbb19a407563813d39f019452c1e0
/paths/~1prompts~1{promptId}~1versions/get/responses/400/description,description,11,sha256-917ef22f94f460141928531e1945453e29d89dcd58e3383c2b3ba0e2e19eb0d7
/paths/~1prompts~1{promptId}~1versions/get/responses/401/description,description,12,sha256-d089c8a9fc28e4e50223eb38c9409e362521be9380a37341304fbac7a4cd9e5f
/paths/~1prompts~1{promptId}~1versions/get/responses/403/description,description,9,sha256-78342a0905a72ce44da083dcb5d23b8ea0c16992ba2a82eece97e033d76ba3d3
/paths/~1prompts~1{promptId}~1versions/get/responses/404/description,description,16,sha256-a3b61d69f6f77528bcb3c83238f4d718a3f8e2189481afad6446de5a328019a7
/paths/~1prompts~1{promptId}~1versions/get/responses/500/description,description,12,sha256-dfe0c2e802b1ff632ce6e3b43ea8d6055b4db02c3b52e6871a72b05e9cc76d5e
/paths/~1prompts~1{promptId}~1versions/get/summary,summary,28,sha256-a47cff8e2d98d296c94dda0d4cef20c8106fbeaddaaae9aae1d9791c553c971d
/paths/~1prompts~1{promptId}~1versions/servers/0/description,description,27,sha256-9836600675f763ce2598e0fee6eb5930d9d57a5978f92ff5c989028e9ded4ec4
/paths/~1prompts~1{promptId}~1versions/servers/1/description,description,29,sha256-2cc2e58054c38bb2cdfd6bd2edcbd1018ee6934d126106c292611be1bb7b62d5
/paths/~1prompts~1{promptId}~1versions~1{versionId}/get/responses/200/description,description,22,sha256-c61db0ccd18576bbb7ba8128b6b9f4eff128edaaeb0601dc4439a3c9a4b14ae2
/paths/~1prompts~1{promptId}~1versions~1{versionId}/get/responses/400/description,description,11,sha256-917ef22f94f460141928531e1945453e29d89dcd58e3383c2b3ba0e2e19eb0d7
/paths/~1prompts~1{promptId}~1versions~1{versionId}/get/responses/401/description,description,12,sha256-d089c8a9fc28e4e50223eb38c9409e362521be9380a37341304fbac7a4cd9e5f
/paths/~1prompts~1{promptId}~1versions~1{versionId}/get/responses/403/description,description,9,sha256-78342a0905a72ce44da083dcb5d23b8ea0c16992ba2a82eece97e033d76ba3d3
/paths/~1prompts~1{promptId}~1versions~1{versionId}/get/responses/404/description,description,24,sha256-d233828f95a4c0801a30c08a42be76c86c1f03d93d5eca3a7d06df1cc302054b
/paths/~1prompts~1{promptId}~1versions~1{versionId}/get/responses/500/description,description,12,sha256-dfe0c2e802b1ff632ce6e3b43ea8d6055b4db02c3b52e6871a72b05e9cc76d5e
/paths/~1prompts~1{promptId}~1versions~1{versionId}/get/summary,summary,34,sha256-8c13b08f145654acb9d694381ea85042c46f357fdbe6cc2d40a204f6dfafc8ae
/paths/~1prompts~1{promptId}~1versions~1{versionId}/put/description,description,338,sha256-b8d66843740263fa5652f8365a5a5482f9059a24d78f474aacc656e16a8d6d67
/paths/~1prompts~1{promptId}~1versions~1{versionId}/put/requestBody/content/application~1json/schema/properties/label_id/description,description,36,sha256-3cc734c7309c22a2ca3f5b132c31c0262eed95cc47f499b30ec4564993af4632
/paths/~1prompts~1{promptId}~1versions~1{versionId}/put/responses/200/description,description,35,sha256-45db66d425b80b13eb98d1f7218f6abda0110667a039102e21123f7474db6030
/paths/~1prompts~1{promptId}~1versions~1{versionId}/put/responses/400/description,description,11,sha256-917ef22f94f460141928531e1945453e29d89dcd58e3383c2b3ba0e2e19eb0d7
/paths/~1prompts~1{promptId}~1versions~1{versionId}/put/responses/401/description,description,12,sha256-d089c8a9fc28e4e50223eb38c9409e362521be9380a37341304fbac7a4cd9e5f
/paths/~1prompts~1{promptId}~1versions~1{versionId}/put/responses/403/description,description,9,sha256-78342a0905a72ce44da083dcb5d23b8ea0c16992ba2a82eece97e033d76ba3d3
/paths/~1prompts~1{promptId}~1versions~1{versionId}/put/responses/404/description,description,24,sha256-d233828f95a4c0801a30c08a42be76c86c1f03d93d5eca3a7d06df1cc302054b
/paths/~1prompts~1{promptId}~1versions~1{versionId}/put/responses/500/description,description,12,sha256-dfe0c2e802b1ff632ce6e3b43ea8d6055b4db02c3b52e6871a72b05e9cc76d5e
/paths/~1prompts~1{promptId}~1versions~1{versionId}/put/summary,summary,37,sha256-321d776d13406efa833c4d77d47adf4f833d48d7a34c0e88ae7e34d041a6521f
/paths/~1prompts~1{promptId}~1versions~1{versionId}/servers/0/description,description,27,sha256-9836600675f763ce2598e0fee6eb5930d9d57a5978f92ff5c989028e9ded4ec4
/paths/~1prompts~1{promptId}~1versions~1{versionId}/servers/1/description,description,29,sha256-2cc2e58054c38bb2cdfd6bd2edcbd1018ee6934d126106c292611be1bb7b62d5
/paths/~1providers/get/parameters/0/description,description,27,sha256-08ab920b070d19d17720fee88b5257dccff0bc9f809afda3aa7f054792837cd0
/paths/~1providers/get/parameters/1/description,description,24,sha256-5a858a0534b79b60adb61b8b125dc437deb8e5a223da35d3199d15bd8aa3b1c3
/paths/~1providers/get/parameters/2/description,description,87,sha256-e392d5c0cfbdbc42e4e10eb7f41c80f8c9d97a333110feac53021b8df439e13f
/paths/~1providers/get/responses/200/content/application~1json/schema/properties/total/description,description,25,sha256-490eb4298d2f8409f81b26e5eb2f62d9e7203205cdcb9876c194fdb92982546e
/paths/~1providers/get/responses/200/description,description,19,sha256-40c36e17aeb2957d4bd44663c5fa646d56ddff440280be284f0efbf5ccd87d02
/paths/~1providers/get/summary,summary,18,sha256-7ba1ec5d9f559509b2c5e1bcfde0c730c27963be6d886747b1b22b52d24086f6
/paths/~1providers/get/x-code-samples,x-code-samples,1624,sha256-bd89412f2f9ea021e3e999255a999e67a35e61371d64344f4a3f0e6cb865665d
/paths/~1providers/post/requestBody/content/application~1json/examples,examples,268,sha256-8dfeb1fa973a50c184e2f3552104e4a7db0e042ad9bed6e9e9e61f3ad1f99e9b
/paths/~1providers/post/requestBody/content/application~1json/schema/properties/integration_id/description,description,48,sha256-8b835aa49f9d73289e0996473869bb50ccf139a09bfa5c1988efe0147529f6ae
/paths/~1providers/post/requestBody/content/application~1json/schema/properties/slug/description,description,97,sha256-d5cb0cf7cdd6f95f0f18e78c89e1408543d966134f7a37c09b9a0f5b089924ef
/paths/~1providers/post/requestBody/content/application~1json/schema/properties/workspace_id/description,description,55,sha256-658c9abf2780f8c15fa6e55a5eab5489050104d5368c484769defe4fc4c4f88a
/paths/~1providers/post/responses/200/description,description,19,sha256-40c36e17aeb2957d4bd44663c5fa646d56ddff440280be284f0efbf5ccd87d02
/paths/~1providers/post/summary,summary,17,sha256-c08a415214ff44aa8a598a28121f4313fa0e9009c25fb989248639d24d25019a
/paths/~1providers/post/x-code-samples,x-code-samples,2146,sha256-0489f89b7aa66e4f29f9b07b5c93c9b97d4c6bab402c85bcc44f226b80467236
/paths/~1providers/servers/0/description,description,27,sha256-9836600675f763ce2598e0fee6eb5930d9d57a5978f92ff5c989028e9ded4ec4
/paths/~1providers/servers/1/description,description,29,sha256-2cc2e58054c38bb2cdfd6bd2edcbd1018ee6934d126106c292611be1bb7b62d5
/paths/~1providers~1{slug}/delete/parameters/0/description,description,51,sha256-38710d7b1fd70b35ce33c8d51748c6d9d7bf0bd30aaaf72d17e9dfb9f7aaf931
/paths/~1providers~1{slug}/delete/parameters/1/description,description,13,sha256-da48892b4f4fb686ca2a575167a89309573d4ef7f9c158a1e26397d5174df77f
/paths/~1providers~1{slug}/delete/responses/200/description,description,19,sha256-40c36e17aeb2957d4bd44663c5fa646d56ddff440280be284f0efbf5ccd87d02
/paths/~1providers~1{slug}/delete/summary,summary,17,sha256-c811c6ab2b9a9889671f44218302f1f229f41e2abca5971467e37e84d7238a82
/paths/~1providers~1{slug}/delete/x-code-samples,x-code-samples,1650,sha256-4e9e23278e568d3082ff7e2ea4372d1173400da39397ba3214f89a8c81669c2a
/paths/~1providers~1{slug}/get/parameters/0/description,description,51,sha256-38710d7b1fd70b35ce33c8d51748c6d9d7bf0bd30aaaf72d17e9dfb9f7aaf931
/paths/~1providers~1{slug}/get/parameters/1/description,description,13,sha256-da48892b4f4fb686ca2a575167a89309573d4ef7f9c158a1e26397d5174df77f
/paths/~1providers~1{slug}/get/responses/200/description,description,19,sha256-40c36e17aeb2957d4bd44663c5fa646d56ddff440280be284f0efbf5ccd87d02
/paths/~1providers~1{slug}/get/summary,summary,14,sha256-b3012ce35a271648973970a9fb1d5a924def04ac6756c673d0939fda12a4fa8f
/paths/~1providers~1{slug}/get/x-code-samples,x-code-samples,1753,sha256-ad358bad872c7a5e72263cbdb17c6e3b2b918e235c7a34d05db0e6c6a537e0f9
/paths/~1providers~1{slug}/put/parameters/0/description,description,51,sha256-38710d7b1fd70b35ce33c8d51748c6d9d7bf0bd30aaaf72d17e9dfb9f7aaf931
/paths/~1providers~1{slug}/put/parameters/1/description,description,13,sha256-da48892b4f4fb686ca2a575167a89309573d4ef7f9c158a1e26397d5174df77f
/paths/~1providers~1{slug}/put/responses/200/description,description,19,sha256-40c36e17aeb2957d4bd44663c5fa646d56ddff440280be284f0efbf5ccd87d02
/paths/~1providers~1{slug}/put/summary,summary,17,sha256-6b677c757616c2194840e3e17709c1e289558b9bf9b2a18f5484718f8517b560
/paths/~1providers~1{slug}/put/x-code-samples,x-code-samples,2336,sha256-615ed872952308ffb59a6c2dd06d0f8c9eed644d2be112902157295d79c1c7d1
/paths/~1providers~1{slug}/servers/0/description,description,27,sha256-9836600675f763ce2598e0fee6eb5930d9d57a5978f92ff5c989028e9ded4ec4
/paths/~1providers~1{slug}/servers/1/description,description,29,sha256-2cc2e58054c38bb2cdfd6bd2edcbd1018ee6934d126106c292611be1bb7b62d5
/paths/~1realtime/get/description,description,37,sha256-7d5636ee2db2a49e09434c43de718856d14f203e7b1104a77ca5f73adbb723db
/paths/~1realtime/get/parameters/7/description,description,84,sha256-c0ec201f40b12efa1596ec4d21999b9561d175a38db9d7d380d95c3557b3363e
/paths/~1realtime/get/responses/101/description,description,18,sha256-62305cdc509d35761d2d4d5d392e75e7be97362029e85cbb5af550ee709efb02
/paths/~1realtime/get/responses/default/description,description,5,sha256-54a0e8c17ebb21a11f8a25b8042786ef7efe52441e6cc87e92c67e0c4c0c6e78
/paths/~1realtime/get/summary,summary,8,sha256-c8cdbd2d94cf9a22ce917b7df573babc0adbb529bd49c1fb95b99f791eb9d00d
/paths/~1realtime/get/x-code-samples,x-code-samples,2679,sha256-18a1370fe752c373c7fa2ef26a49e5a489a1b593ae96f8b4620807b83ad6a7fc
/paths/~1realtime/servers/0/description,description,27,sha256-9836600675f763ce2598e0fee6eb5930d9d57a5978f92ff5c989028e9ded4ec4
/paths/~1realtime/servers/1/description,description,23,sha256-d811289af1a8cb3ffb208a0b7c205b5e6c03c013897c947048a4b84b0c07fde7
/paths/~1rerank/post/description,description,375,sha256-ae70ef0aeaa7d749ba8a7fc08520ec9e80156ce330a234a2a6eb4c3d1fbd8a9e
/paths/~1rerank/post/responses/200/description,description,2,sha256-565339bc4d33d72817b583024112eb7f5cdf3e5eef0252d6ec1b9c9a94e12bb3
/paths/~1rerank/post/summary,summary,6,sha256-f45041366fea43372da8bd1e9854f033ebef061d687609faff8b25f8d6134dfd
/paths/~1rerank/post/x-code-samples,x-code-samples,3433,sha256-eb70b01cf00b0a07b6970bddff390de84c05b3322b81201fe69430c07cfcfaac
/paths/~1rerank/servers/0/description,description,27,sha256-9836600675f763ce2598e0fee6eb5930d9d57a5978f92ff5c989028e9ded4ec4
/paths/~1rerank/servers/1/description,description,23,sha256-d811289af1a8cb3ffb208a0b7c205b5e6c03c013897c947048a4b84b0c07fde7
/paths/~1responses/post/responses/200/description,description,2,sha256-565339bc4d33d72817b583024112eb7f5cdf3e5eef0252d6ec1b9c9a94e12bb3
/paths/~1responses/post/summary,summary,25,sha256-ec2aeea4b769e874f9115303104b02af5715de464e7eee82d36cb5341be8de65
/paths/~1responses/servers/0/description,description,27,sha256-9836600675f763ce2598e0fee6eb5930d9d57a5978f92ff5c989028e9ded4ec4
/paths/~1responses/servers/1/description,description,23,sha256-d811289af1a8cb3ffb208a0b7c205b5e6c03c013897c947048a4b84b0c07fde7
/paths/~1responses~1{response_id}/delete/parameters/0/description,description,33,sha256-c5db2e6154f2f120250c6facfc0a86bd47c193dd801df8bccc11dcde5c3c6f3d
/paths/~1responses~1{response_id}/delete/parameters/0/schema/example,example,37,sha256-caee8d60646adb88a63ca5843fb55c223045eb08b78ddcc2cf1e5f05d0477936
/paths/~1responses~1{response_id}/delete/responses/200/description,description,2,sha256-565339bc4d33d72817b583024112eb7f5cdf3e5eef0252d6ec1b9c9a94e12bb3
/paths/~1responses~1{response_id}/delete/responses/404/description,description,9,sha256-0019dfc4b32d63c1392aa264aed2253c1e0c2fb09216f8e2cc269bbfb8bb49b5
/paths/~1responses~1{response_id}/delete/summary,summary,44,sha256-2424baa94e378121aae041a1cd097d2bf4fee5b3abac3de0289f688aa098da85
/paths/~1responses~1{response_id}/get/parameters/0/description,description,35,sha256-c81a80ff590509d6aad28f260e09f2e26f03bd6b8f2a4fb3783f2d26d6992394
/paths/~1responses~1{response_id}/get/parameters/0/schema/example,example,37,sha256-caee8d60646adb88a63ca5843fb55c223045eb08b78ddcc2cf1e5f05d0477936
/paths/~1responses~1{response_id}/get/parameters/1/description,description,351,sha256-c4c462de628b680a754d245f36d4b4b6100cb6e19de538f24b9e962e5380b64c
/paths/~1responses~1{response_id}/get/responses/200/description,description,2,sha256-565339bc4d33d72817b583024112eb7f5cdf3e5eef0252d6ec1b9c9a94e12bb3
/paths/~1responses~1{response_id}/get/summary,summary,46,sha256-3eee92e9e4165338f1b5f66d80649ae68d5a5bfa31e7b4ae2ad83130053f5998
/paths/~1responses~1{response_id}/servers/0/description,description,27,sha256-9836600675f763ce2598e0fee6eb5930d9d57a5978f92ff5c989028e9ded4ec4
/paths/~1responses~1{response_id}/servers/1/description,description,23,sha256-d811289af1a8cb3ffb208a0b7c205b5e6c03c013897c947048a4b84b0c07fde7
/paths/~1responses~1{response_id}~1input_items/get/parameters/0/description,description,51,sha256-91d7d2a25943f10dee11765a2f141ae6d8adf0cefc43de61f2b0ab925489b09a
/paths/~1responses~1{response_id}~1input_items/get/parameters/1/description,description,107,sha256-e135e35f97193d4931919649f1c82fed5d98c03c7b48771cc429ab3932f97fbe
/paths/~1responses~1{response_id}~1input_items/get/parameters/2/description,description,164,sha256-fa5a18f4a2f2d0539ebcc1657cbe69fd7bedd2e8e4558607f7f4b1d5f4ac5c06
/paths/~1responses~1{response_id}~1input_items/get/parameters/3/description,description,52,sha256-4cc75d5f1c625e647bf3aa495a71dab6978718289e925e1258a5f5c5cc794efa
/paths/~1responses~1{response_id}~1input_items/get/parameters/4/description,description,53,sha256-0414b5d7c226b5fb34ad4a1b79443187ffef73b57a8582a9732b4ecd1032294d
/paths/~1responses~1{response_id}~1input_items/get/responses/200/description,description,2,sha256-565339bc4d33d72817b583024112eb7f5cdf3e5eef0252d6ec1b9c9a94e12bb3
/paths/~1responses~1{response_id}~1input_items/get/summary,summary,51,sha256-2937faba22fe6b3c62b8d967fe049ab89183747f8b887f246f26b08aa3dab55a
/paths/~1responses~1{response_id}~1input_items/servers/0/description,description,27,sha256-9836600675f763ce2598e0fee6eb5930d9d57a5978f92ff5c989028e9ded4ec4
/paths/~1responses~1{response_id}~1input_items/servers/1/description,description,23,sha256-d811289af1a8cb3ffb208a0b7c205b5e6c03c013897c947048a4b84b0c07fde7
/paths/~1scim~1workspaces/get/description,description,128,sha256-d8c3c989f3c2a3264a7c68dd87552a8edec205f042b1d1ee7a89dd6c908ff8e6
/paths/~1scim~1workspaces/get/parameters/0/description,description,40,sha256-ed5db9a61bd37ad8cf990dcc97d87b5fd450d7e5b4966df932a690a7004f4aa8
/paths/~1scim~1workspaces/get/parameters/1/description,description,33,sha256-3206f7ad2c7e993c10813573f837d24c8def0e9d9fa7a46a0301a5f06b931571
/paths/~1scim~1workspaces/get/parameters/2/description,description,24,sha256-82f4e58aa0b39aec7911a34eb58b5584c2a3b5723e65f5909b1e7eb2e63e6180
/paths/~1scim~1workspaces/get/responses/200/content/application~1json/example,example,200,sha256-40ad2383515966e852e8ae48ca763f84649332791d0657ee474be36fc998e4a9
/paths/~1scim~1workspaces/get/responses/200/content/application~1json/schema/properties/mappings/items/properties/id/description,description,40,sha256-06678b03e5ed8e9f33aeee483f0ba771a29f1dcf9293b540e26baf68c2f2b534
/paths/~1scim~1workspaces/get/responses/200/content/application~1json/schema/properties/mappings/items/properties/role/description,description,48,sha256-b0ee0e2fdb51e4f79ee21fa1d4e9f23cc988150784027e39f032c60c2c57e786
/paths/~1scim~1workspaces/get/responses/200/content/application~1json/schema/properties/mappings/items/properties/scim_group/description,description,31,sha256-3f368eba3a4aa708021565afc86acc6241f03325ddcdbc81187267898f7a691a
/paths/~1scim~1workspaces/get/responses/200/content/application~1json/schema/properties/mappings/items/properties/scim_group_id/description,description,21,sha256-02d105d3652422e3b66895e0fdcc5698c02c6e0470eec03f114a13cb00cfa6bd
/paths/~1scim~1workspaces/get/responses/200/content/application~1json/schema/properties/mappings/items/properties/workspace_id/description,description,27,sha256-4216d3ba3f21b41fc39673d7c062c8c438cc1cd32a1e4fe1ec8d0ab99c3d889c
/paths/~1scim~1workspaces/get/responses/200/content/application~1json/schema/properties/total_count/description,description,34,sha256-934c17f62b53729fcf87f84ae1dbfaeaa81f41e6c546f2c9d95c02d567430cf4
/paths/~1scim~1workspaces/get/responses/200/description,description,2,sha256-565339bc4d33d72817b583024112eb7f5cdf3e5eef0252d6ec1b9c9a94e12bb3
/paths/~1scim~1workspaces/get/responses/200/headers/Content-Type/schema/example,example,16,sha256-bacb769b46f6d169fb227ea026550f411d46cbe66a9c2a6ba36449c8cf8e4dea
/paths/~1scim~1workspaces/get/summary,summary,37,sha256-bd1521a31ce1340bd82331d3ff6b40e90446c941b4c2ffd76ca3846ada091ef8
/paths/~1scim~1workspaces/get/x-code-samples,x-code-samples,502,sha256-be8ae810802da280b71cff630056894dca7a527ef24bfe9da3860ac2461758a6
/paths/~1scim~1workspaces/post/description,description,195,sha256-6f69319b53ac8d254000a61f8135efec7c6ee571735fb3f6063121fe8e7e35df
/paths/~1scim~1workspaces/post/requestBody/content/application~1json/examples,examples,182,sha256-add64e73210cdf362fd1e44c3f02af51f45915214c12d1f84d5c6d1e0b4db313
/paths/~1scim~1workspaces/post/requestBody/content/application~1json/schema/properties/role/description,description,48,sha256-b0ee0e2fdb51e4f79ee21fa1d4e9f23cc988150784027e39f032c60c2c57e786
/paths/~1scim~1workspaces/post/requestBody/content/application~1json/schema/properties/scim_group_id/description,description,74,sha256-84b42c262541ac7df591233af1eec36aa139e06d0b2555d33fe5f5d8615cdedc
/paths/~1scim~1workspaces/post/requestBody/content/application~1json/schema/properties/scim_group_name/description,description,208,sha256-866b26ec19da96d721a5c2e2ebdbfa903a40811d282b344c581ddfbc2b43b690
/paths/~1scim~1workspaces/post/requestBody/content/application~1json/schema/properties/workspace_id/description,description,66,sha256-de7691fe1fcf361f658ffac45891a8b41ab9a2457cfe8c892e05b1d7ed32b1bc
/paths/~1scim~1workspaces/post/responses/200/description,description,2,sha256-565339bc4d33d72817b583024112eb7f5cdf3e5eef0252d6ec1b9c9a94e12bb3
/paths/~1scim~1workspaces/post/responses/200/headers/Content-Type/schema/example,example,16,sha256-bacb769b46f6d169fb227ea026550f411d46cbe66a9c2a6ba36449c8cf8e4dea
/paths/~1scim~1workspaces/post/summary,summary,38,sha256-541ecdcfb4bc2c7743b9e1e3bf73a2062a5ad8eaf092fd4531c5b0de47bf6124
/paths/~1scim~1workspaces/post/x-code-samples,x-code-samples,1051,sha256-cba195fd3499c1b154d1a342eb89c00e913740c8fad338775257f9cd45d83e1c
/paths/~1scim~1workspaces/servers/0/description,description,27,sha256-9836600675f763ce2598e0fee6eb5930d9d57a5978f92ff5c989028e9ded4ec4
/paths/~1scim~1workspaces/servers/1/description,description,29,sha256-2cc2e58054c38bb2cdfd6bd2edcbd1018ee6934d126106c292611be1bb7b62d5
/paths/~1scim~1workspaces~1{scimWorkspaceGroupId}/delete/description,description,116,sha256-05bb28c20a7f08cd22c41ab30a5d815b97f14b88903ddbc3003faaaf04e73834
/paths/~1scim~1workspaces~1{scimWorkspaceGroupId}/delete/parameters/0/description,description,42,sha256-bb7da8535ddf8b089f0206274dfe72d0e1779f9f05ac041f63b79bddcd679276
/paths/~1scim~1workspaces~1{scimWorkspaceGroupId}/delete/responses/200/content/application~1json/schema/example,example,14,sha256-6a6e00f3afcb332d0100b5788e8c0e86252043a9c6d92655a68e291f3215713a
/paths/~1scim~1workspaces~1{scimWorkspaceGroupId}/delete/responses/200/description,description,2,sha256-565339bc4d33d72817b583024112eb7f5cdf3e5eef0252d6ec1b9c9a94e12bb3
/paths/~1scim~1workspaces~1{scimWorkspaceGroupId}/delete/responses/200/headers/Content-Type/schema/example,example,16,sha256-bacb769b46f6d169fb227ea026550f411d46cbe66a9c2a6ba36449c8cf8e4dea
/paths/~1scim~1workspaces~1{scimWorkspaceGroupId}/delete/summary,summary,38,sha256-882716e8382d3b3211530de98a0ea1f48b89ab01c6a3b11c62a11bb9eaa1ce1a
/paths/~1scim~1workspaces~1{scimWorkspaceGroupId}/delete/x-code-samples,x-code-samples,338,sha256-457c93550364b37259e39a2eb2956c297d57ae208e48912e7d085d4cba2a9cf5
/paths/~1scim~1workspaces~1{scimWorkspaceGroupId}/servers/0/description,description,27,sha256-9836600675f763ce2598e0fee6eb5930d9d57a5978f92ff5c989028e9ded4ec4
/paths/~1scim~1workspaces~1{scimWorkspaceGroupId}/servers/1/description,description,29,sha256-2cc2e58054c38bb2cdfd6bd2edcbd1018ee6934d126106c292611be1bb7b62d5
/paths/~1secret-references/get/parameters/0/description,description,29,sha256-a76970ce602fa99f1d5f3820fd4bd98265deb72a8e4dae724c59984f763a2123
/paths/~1secret-references/get/parameters/1/description,description,37,sha256-7f7a2145425eb935da069f8f5b11d27010b4b057b4f6338e95033b9f5df0f6f3
/paths/~1secret-references/get/parameters/2/description,description,14,sha256-4ae2b33364bca975916fba81e47f6764060b4fd737fa0f208f1e4f51708d9cca
/paths/~1secret-references/get/parameters/3/description,description,35,sha256-85faa217e9e039726d33b36b29868abc759c64ae5413df3fa67a8ebfea469bf1
/paths/~1secret-references/get/parameters/4/description,description,38,sha256-f2f00cd12f3d8df027231ac328b875084a296ab1f3d87bfd44e23a1983fd3bbc
/paths/~1secret-references/get/responses/200/description,description,19,sha256-40c36e17aeb2957d4bd44663c5fa646d56ddff440280be284f0efbf5ccd87d02
/paths/~1secret-references/get/summary,summary,26,sha256-0ddf4489f16991007ce3022cf885d280551d998e09ef9a6720a7ad044c511c5b
/paths/~1secret-references/get/x-code-samples,x-code-samples,378,sha256-6562ea8d413e43981b39335813039f7dfac6d1a44112f397e9b737b8fb704fc2
/paths/~1secret-references/post/responses/200/description,description,19,sha256-40c36e17aeb2957d4bd44663c5fa646d56ddff440280be284f0efbf5ccd87d02
/paths/~1secret-references/post/responses/400/description,description,118,sha256-d24b619fa15531cc5943711f604d04c3220c27297c66724529cd6f53a089487f
/paths/~1secret-references/post/responses/403/description,description,52,sha256-f6a0a554461cfb24e88863a4daf95866bc3c5fc8a4f2fb162d5310a07223165b
/paths/~1secret-references/post/summary,summary,25,sha256-6a7ed9f48899214ab0752253af68c32c9f37b2253d65d94524d86957b514610e
/paths/~1secret-references/post/x-code-samples,x-code-samples,1131,sha256-adb557d81954b46294cb04ed86fa53212484d606c0f2d833c3a80713398fc537
/paths/~1secret-references/servers/0/description,description,27,sha256-9836600675f763ce2598e0fee6eb5930d9d57a5978f92ff5c989028e9ded4ec4
/paths/~1secret-references/servers/1/description,description,29,sha256-2cc2e58054c38bb2cdfd6bd2edcbd1018ee6934d126106c292611be1bb7b62d5
/paths/~1secret-references~1{secretReferenceId}/delete/parameters/0/description,description,36,sha256-db77e73292e65b9c8babc394c6686769e908ad283d3858c955208df58b1caf12
/paths/~1secret-references~1{secretReferenceId}/delete/responses/200/description,description,19,sha256-40c36e17aeb2957d4bd44663c5fa646d56ddff440280be284f0efbf5ccd87d02
/paths/~1secret-references~1{secretReferenceId}/delete/responses/400/description,description,58,sha256-9278d9919413d3b46e94b4931e72b92b7b074bad99701018b33b3303a0e9852b
/paths/~1secret-references~1{secretReferenceId}/delete/responses/404/description,description,26,sha256-eece378e84c1d064ca859cdacded9949178354b983020ad23c3730d10ae085dd
/paths/~1secret-references~1{secretReferenceId}/delete/summary,summary,25,sha256-7a72415839427101445bbd8b21da9606636233f32c11b38cc3d8a7048709400d
/paths/~1secret-references~1{secretReferenceId}/delete/x-code-samples,x-code-samples,364,sha256-dadad07b5375a54a8bf58de8d88e405581b65aaf7334762b77a732a461f4f7e4
/paths/~1secret-references~1{secretReferenceId}/get/parameters/0/description,description,36,sha256-db77e73292e65b9c8babc394c6686769e908ad283d3858c955208df58b1caf12
/paths/~1secret-references~1{secretReferenceId}/get/responses/200/description,description,19,sha256-40c36e17aeb2957d4bd44663c5fa646d56ddff440280be284f0efbf5ccd87d02
/paths/~1secret-references~1{secretReferenceId}/get/responses/404/description,description,26,sha256-eece378e84c1d064ca859cdacded9949178354b983020ad23c3730d10ae085dd
/paths/~1secret-references~1{secretReferenceId}/get/summary,summary,22,sha256-d9543b178d6db57d4817fb2cacddfd6c6d57d9f7221bd1cb59743a68c9b9d10e
/paths/~1secret-references~1{secretReferenceId}/get/x-code-samples,x-code-samples,358,sha256-fe458b4e3a8a2a6d03b76b60b2b7da35564d2e7a0185ec3d3e513e688c651d9e
/paths/~1secret-references~1{secretReferenceId}/put/parameters/0/description,description,36,sha256-db77e73292e65b9c8babc394c6686769e908ad283d3858c955208df58b1caf12
/paths/~1secret-references~1{secretReferenceId}/put/responses/200/description,description,19,sha256-40c36e17aeb2957d4bd44663c5fa646d56ddff440280be284f0efbf5ccd87d02
/paths/~1secret-references~1{secretReferenceId}/put/responses/400/description,description,47,sha256-17a33ffc20b7ff3cb6c5340020362abd64f32127d70e94daf67c77bc8ea3a861
/paths/~1secret-references~1{secretReferenceId}/put/responses/404/description,description,26,sha256-eece378e84c1d064ca859cdacded9949178354b983020ad23c3730d10ae085dd
/paths/~1secret-references~1{secretReferenceId}/put/summary,summary,25,sha256-e89debfce34bf3e699e3c5e1cf0607736e8d8140e1001e19d1c39da7f2472926
/paths/~1secret-references~1{secretReferenceId}/put/x-code-samples,x-code-samples,668,sha256-54c9d2f5f80929add71b17ff6b5ba43e8e4459bdbb9d96a2331c48c1fe71ad92
/paths/~1secret-references~1{secretReferenceId}/servers/0/description,description,27,sha256-9836600675f763ce2598e0fee6eb5930d9d57a5978f92ff5c989028e9ded4ec4
/paths/~1secret-references~1{secretReferenceId}/servers/1/description,description,29,sha256-2cc2e58054c38bb2cdfd6bd2edcbd1018ee6934d126106c292611be1bb7b62d5
/paths/~1threads/post/responses/200/description,description,2,sha256-565339bc4d33d72817b583024112eb7f5cdf3e5eef0252d6ec1b9c9a94e12bb3
/paths/~1threads/post/summary,summary,16,sha256-49358323c885f7897cc853f5c99d25492646b2f1556a907eaf6d9f878c2f1aea
/paths/~1threads/post/x-code-samples,x-code-samples,1756,sha256-5365bfc2111c57350cfeeb274612afca20708b3973c23a90314e1983e6ef26d9
/paths/~1threads/servers/0/description,description,27,sha256-9836600675f763ce2598e0fee6eb5930d9d57a5978f92ff5c989028e9ded4ec4
/paths/~1threads/servers/1/description,description,23,sha256-d811289af1a8cb3ffb208a0b7c205b5e6c03c013897c947048a4b84b0c07fde7
/paths/~1threads~1runs/post/responses/200/description,description,2,sha256-565339bc4d33d72817b583024112eb7f5cdf3e5eef0252d6ec1b9c9a94e12bb3
/paths/~1threads~1runs/post/summary,summary,42,sha256-847aabc79eaa72540b8114bacc4e0ef7ed680c27426245099735cd65bbd3d520
/paths/~1threads~1runs/post/x-code-samples,x-code-samples,2431,sha256-2ec3794838f277edc6da41538e8190fc4d2921d52855ef6ec75b7e8323717391
/paths/~1threads~1runs/servers/0/description,description,27,sha256-9836600675f763ce2598e0fee6eb5930d9d57a5978f92ff5c989028e9ded4ec4
/paths/~1threads~1runs/servers/1/description,description,23,sha256-d811289af1a8cb3ffb208a0b7c205b5e6c03c013897c947048a4b84b0c07fde7
/paths/~1threads~1{thread_id}/delete/parameters/0/description,description,31,sha256-5b1e202beb7d2ea4b44e2bce376d35f56a2204221534f24ccb2e71eb35cc9a5c
/paths/~1threads~1{thread_id}/delete/responses/200/description,description,2,sha256-565339bc4d33d72817b583024112eb7f5cdf3e5eef0252d6ec1b9c9a94e12bb3
/paths/~1threads~1{thread_id}/delete/summary,summary,16,sha256-d5d5dbbc24da425eb2cf24ef7e5e6a0f1ba3130f239b2b5ac39847ef60b04af5
/paths/~1threads~1{thread_id}/delete/x-code-samples,x-code-samples,1008,sha256-695fa7af8d5e181b1a6fcd7a129890f1f5b00be4601bc1b700e9246af53797e4
/paths/~1threads~1{thread_id}/get/parameters/0/description,description,33,sha256-8ad9ef787dcb77f88be50a227116dee61f8fb086a585a369e65ff18efec6094f
/paths/~1threads~1{thread_id}/get/responses/200/description,description,2,sha256-565339bc4d33d72817b583024112eb7f5cdf3e5eef0252d6ec1b9c9a94e12bb3
/paths/~1threads~1{thread_id}/get/summary,summary,19,sha256-269a72db65ab436da4e3d516b55dcb5dd3ca58dc028815aedc04f9eb9c5f1142
/paths/~1threads~1{thread_id}/get/x-code-samples,x-code-samples,1131,sha256-4a935fbad8a21df34a3741c2f0801d16588d1ac82450632ed30c34f276fac581
/paths/~1threads~1{thread_id}/post/parameters/0/description,description,68,sha256-79732d18dde307a43c9e512f72240654d80e5029c439d41320dcd0496378aabe
/paths/~1threads~1{thread_id}/post/responses/200/description,description,2,sha256-565339bc4d33d72817b583024112eb7f5cdf3e5eef0252d6ec1b9c9a94e12bb3
/paths/~1threads~1{thread_id}/post/summary,summary,18,sha256-4b176c7c9b2b681d6381d55b4213fc491f567191cc0b6b121cf390e17f160088
/paths/~1threads~1{thread_id}/post/x-code-samples,x-code-samples,1438,sha256-6cc25144ec7e614b3eb2bc7b3f9bb4cb2480e62cf16df8986f05a7d7ce5d920a
/paths/~1threads~1{thread_id}/servers/0/description,description,27,sha256-9836600675f763ce2598e0fee6eb5930d9d57a5978f92ff5c989028e9ded4ec4
/paths/~1threads~1{thread_id}/servers/1/description,description,23,sha256-d811289af1a8cb3ffb208a0b7c205b5e6c03c013897c947048a4b84b0c07fde7
/paths/~1threads~1{thread_id}~1messages/get/parameters/0/description,description,102,sha256-392de255da601162d2318405879a9338dcfa239a498f31266937ecf4f93f120d
/paths/~1threads~1{thread_id}~1messages/get/parameters/1/description,description,107,sha256-49d68a8184e90629fe616fd6d5522ee2a22e2060aba7e2672bda50f79bca6c24
/paths/~1threads~1{thread_id}~1messages/get/parameters/2/description,description,116,sha256-40e43b8a9d6d97a694aba14039e72995ff1b5b1b58f5125a8c284d5a8dc73695
/paths/~1threads~1{thread_id}~1messages/get/parameters/3/description,description,272,sha256-6c47cb4c15883e308e435187921bb8d31b5eb90f8ca461f34d459e8a23ce5f12
/paths/~1threads~1{thread_id}~1messages/get/parameters/4/description,description,278,sha256-2859e329e1842ffaa1ee889b8769368937d784959591468dcc6a8efd82e363ca
/paths/~1threads~1{thread_id}~1messages/get/parameters/5/description,description,51,sha256-154e07e490bfb1e68f34bab8becbe983db229d9be0db35ad65e3f22dac046ce4
/paths/~1threads~1{thread_id}~1messages/get/responses/200/description,description,2,sha256-565339bc4d33d72817b583024112eb7f5cdf3e5eef0252d6ec1b9c9a94e12bb3
/paths/~1threads~1{thread_id}~1messages/get/summary,summary,46,sha256-ee60faec3284fca0dd9e361ad2be246591e0fe163d6d0c9491c9594acfba4022
/paths/~1threads~1{thread_id}~1messages/get/x-code-samples,x-code-samples,2216,sha256-5dc99ef026219499936596392793489212295c9369d684542a5e75b0997e17a8
/paths/~1threads~1{thread_id}~1messages/post/parameters/0/description,description,103,sha256-e79a4b8d550e29f7826d26a25c733bee1ec1eb3d41037eb2ecb069750346be3b
/paths/~1threads~1{thread_id}~1messages/post/responses/200/description,description,2,sha256-565339bc4d33d72817b583024112eb7f5cdf3e5eef0252d6ec1b9c9a94e12bb3
/paths/~1threads~1{thread_id}~1messages/post/summary,summary,17,sha256-95b0f88741c7e0fe6e7c3582e2c5528756b0978fd8119ac331678968d113b11c
/paths/~1threads~1{thread_id}~1messages/post/x-code-samples,x-code-samples,1746,sha256-20fe477f591f4686e26062f9d257723fa8f218131313423efcd77dd69ddc1b3f
/paths/~1threads~1{thread_id}~1messages/servers/0/description,description,27,sha256-9836600675f763ce2598e0fee6eb5930d9d57a5978f92ff5c989028e9ded4ec4
/paths/~1threads~1{thread_id}~1messages/servers/1/description,description,23,sha256-d811289af1a8cb3ffb208a0b7c205b5e6c03c013897c947048a4b84b0c07fde7
/paths/~1threads~1{thread_id}~1messages~1{message_id}/delete/parameters/0/description,description,51,sha256-893eda99b59203bd5844c1c9b153b3a2d2bcc11cbba283a984bd89559fb99563
/paths/~1threads~1{thread_id}~1messages~1{message_id}/delete/parameters/1/description,description,32,sha256-8216eb1d70603de3ddef94061b44ecc131b26c9e066deee501bed77e79698222
/paths/~1threads~1{thread_id}~1messages~1{message_id}/delete/responses/200/description,description,2,sha256-565339bc4d33d72817b583024112eb7f5cdf3e5eef0252d6ec1b9c9a94e12bb3
/paths/~1threads~1{thread_id}~1messages~1{message_id}/delete/summary,summary,18,sha256-2ba6dc7d33655b5fae33c9855892782615002ad16c73dc07cb994ff9823b82ab
/paths/~1threads~1{thread_id}~1messages~1{message_id}/delete/x-code-samples,x-code-samples,1145,sha256-98e40f01efd43404868cfcc68e916e0295314e77875bf2f6a504727c0527d4ae
/paths/~1threads~1{thread_id}~1messages~1{message_id}/get/parameters/0/description,description,109,sha256-d1a87c81b0d8415159cc4e77d604873de22f53704b817424ed293fe3fe810a54
/paths/~1threads~1{thread_id}~1messages~1{message_id}/get/parameters/1/description,description,34,sha256-66ce11ea5c7225a6c3513f61917bffd50f8be4338991d6dcb72bf8aaf621e26e
/paths/~1threads~1{thread_id}~1messages~1{message_id}/get/responses/200/description,description,2,sha256-565339bc4d33d72817b583024112eb7f5cdf3e5eef0252d6ec1b9c9a94e12bb3
/paths/~1threads~1{thread_id}~1messages~1{message_id}/get/summary,summary,19,sha256-19dd19ebdf9681d665840dca8f1f8f79a036c4690369f116fe5c66715902c646
/paths/~1threads~1{thread_id}~1messages~1{message_id}/get/x-code-samples,x-code-samples,1498,sha256-9f519ba0bc93c98d21968fa252b7f4e886dcda4f388947b8480d45e1dc925db3
/paths/~1threads~1{thread_id}~1messages~1{message_id}/post/parameters/0/description,description,51,sha256-893eda99b59203bd5844c1c9b153b3a2d2bcc11cbba283a984bd89559fb99563
/paths/~1threads~1{thread_id}~1messages~1{message_id}/post/parameters/1/description,description,32,sha256-6932c35558ec7da438dbdaa1cd016bac3cf560f210c077099f5c1ca409690c93
/paths/~1threads~1{thread_id}~1messages~1{message_id}/post/responses/200/description,description,2,sha256-565339bc4d33d72817b583024112eb7f5cdf3e5eef0252d6ec1b9c9a94e12bb3
/paths/~1threads~1{thread_id}~1messages~1{message_id}/post/summary,summary,19,sha256-d0fdd81e4bed82d1d3879be225aa4a44ae8134763f7336c72a646963557858a3
/paths/~1threads~1{thread_id}~1messages~1{message_id}/post/x-code-samples,x-code-samples,1820,sha256-8c11d9dcce6e5fbb90bc78f51f1e257c1cc4bd11c186bdcc58fdc704364d6e60
/paths/~1threads~1{thread_id}~1messages~1{message_id}/servers/0/description,description,27,sha256-9836600675f763ce2598e0fee6eb5930d9d57a5978f92ff5c989028e9ded4ec4
/paths/~1threads~1{thread_id}~1messages~1{message_id}/servers/1/description,description,23,sha256-d811289af1a8cb3ffb208a0b7c205b5e6c03c013897c947048a4b84b0c07fde7
/paths/~1threads~1{thread_id}~1runs/get/parameters/0/description,description,40,sha256-e8579b51fd78fea5f563aa3f4128cce1f1c6c7e1cd8521be01af0ca3b95a7a24
/paths/~1threads~1{thread_id}~1runs/get/parameters/1/description,description,107,sha256-49d68a8184e90629fe616fd6d5522ee2a22e2060aba7e2672bda50f79bca6c24
/paths/~1threads~1{thread_id}~1runs/get/parameters/2/description,description,116,sha256-40e43b8a9d6d97a694aba14039e72995ff1b5b1b58f5125a8c284d5a8dc73695
/paths/~1threads~1{thread_id}~1runs/get/parameters/3/description,description,272,sha256-6c47cb4c15883e308e435187921bb8d31b5eb90f8ca461f34d459e8a23ce5f12
/paths/~1threads~1{thread_id}~1runs/get/parameters/4/description,description,278,sha256-2859e329e1842ffaa1ee889b8769368937d784959591468dcc6a8efd82e363ca
/paths/~1threads~1{thread_id}~1runs/get/responses/200/description,description,2,sha256-565339bc4d33d72817b583024112eb7f5cdf3e5eef0252d6ec1b9c9a94e12bb3
/paths/~1threads~1{thread_id}~1runs/get/summary,summary,45,sha256-37e22b7b5e0af94324b5e454431d9b97c4ccc891af076f7014e7d9a1611f67df
/paths/~1threads~1{thread_id}~1runs/get/x-code-samples,x-code-samples,3872,sha256-7ab21977f4280d6b5ca4810e48f1b2db52827c15482e3be49ecd077ed32a6e11
/paths/~1threads~1{thread_id}~1runs/post/parameters/0/description,description,28,sha256-0ed2b48a0e6b86bce0bb9e82d78d3b61f120ea4155ece1adcd689e43da889a1a
/paths/~1threads~1{thread_id}~1runs/post/responses/200/description,description,2,sha256-565339bc4d33d72817b583024112eb7f5cdf3e5eef0252d6ec1b9c9a94e12bb3
/paths/~1threads~1{thread_id}~1runs/post/summary,summary,13,sha256-447ca8f33d892fc67ee990351c827b40d2066e93da87985846a2319f92b420c4
/paths/~1threads~1{thread_id}~1runs/post/x-code-samples,x-code-samples,1981,sha256-5552b2f467ac9ba5d387c5d61e1a4c6bbaba57eb60f89ac2f22756e7214b333f
/paths/~1threads~1{thread_id}~1runs/servers/0/description,description,27,sha256-9836600675f763ce2598e0fee6eb5930d9d57a5978f92ff5c989028e9ded4ec4
/paths/~1threads~1{thread_id}~1runs/servers/1/description,description,23,sha256-d811289af1a8cb3ffb208a0b7c205b5e6c03c013897c947048a4b84b0c07fde7
/paths/~1threads~1{thread_id}~1runs~1{run_id}/get/parameters/0/description,description,92,sha256-20db35130223dc17ac18b8efec30c0d27da027ee90639c0aeeb1cbdc668cb64a
/paths/~1threads~1{thread_id}~1runs~1{run_id}/get/parameters/1/description,description,30,sha256-c2c3a0b044df58117de34ff32ad9967a03ec02cd5877c032ea1a542c2d9c0307
/paths/~1threads~1{thread_id}~1runs~1{run_id}/get/responses/200/description,description,2,sha256-565339bc4d33d72817b583024112eb7f5cdf3e5eef0252d6ec1b9c9a94e12bb3
/paths/~1threads~1{thread_id}~1runs~1{run_id}/get/summary,summary,16,sha256-ef3c827eeac0c6f1ef5585f63583de92d22b8937481091841ab09d21e137021d
/paths/~1threads~1{thread_id}~1runs~1{run_id}/get/x-code-samples,x-code-samples,1961,sha256-56661fd5131e95dd9d7f9b29eaf3851522754d9acea0f748ff0c62fd88d3fc0f
/paths/~1threads~1{thread_id}~1runs~1{run_id}/post/parameters/0/description,description,92,sha256-20db35130223dc17ac18b8efec30c0d27da027ee90639c0aeeb1cbdc668cb64a
/paths/~1threads~1{thread_id}~1runs~1{run_id}/post/parameters/1/description,description,28,sha256-e9dddd8380f8ff3cf08c034998667866fa0a02da78422af130a1fe04fdece98d
/paths/~1threads~1{thread_id}~1runs~1{run_id}/post/responses/200/description,description,2,sha256-565339bc4d33d72817b583024112eb7f5cdf3e5eef0252d6ec1b9c9a94e12bb3
/paths/~1threads~1{thread_id}~1runs~1{run_id}/post/summary,summary,15,sha256-15ae404480c79e72c653287494cfc7b6f32c7bd28b757ea74a9263254a9d8e20
/paths/~1threads~1{thread_id}~1runs~1{run_id}/post/x-code-samples,x-code-samples,2443,sha256-cde442d93a013e6cbb097c73f82fb75d553b8baf501b15592207663783af0211
/paths/~1threads~1{thread_id}~1runs~1{run_id}/servers/0/description,description,27,sha256-9836600675f763ce2598e0fee6eb5930d9d57a5978f92ff5c989028e9ded4ec4
/paths/~1threads~1{thread_id}~1runs~1{run_id}/servers/1/description,description,23,sha256-d811289af1a8cb3ffb208a0b7c205b5e6c03c013897c947048a4b84b0c07fde7
/paths/~1threads~1{thread_id}~1runs~1{run_id}~1cancel/post/parameters/0/description,description,47,sha256-3dd2635e30b8945328bc08a2b69d8c1f397099504f0be89f74c2a9564c656a10
/paths/~1threads~1{thread_id}~1runs~1{run_id}~1cancel/post/parameters/1/description,description,28,sha256-a2c0410c42a6cb2188c206795558c939c70d5169c4fbac256c2ffca85d4a598b
/paths/~1threads~1{thread_id}~1runs~1{run_id}~1cancel/post/responses/200/description,description,2,sha256-565339bc4d33d72817b583024112eb7f5cdf3e5eef0252d6ec1b9c9a94e12bb3
/paths/~1threads~1{thread_id}~1runs~1{run_id}~1cancel/post/summary,summary,36,sha256-a5aae2b5b6f20129542cc63d375a333b8983dc1e900768e28e36ac13d8c72f7c
/paths/~1threads~1{thread_id}~1runs~1{run_id}~1cancel/post/x-code-samples,x-code-samples,1810,sha256-1d1239aacc5bcfd458a7900cbb0e3ce5eb06ff31497d02409a466d40d74e931e
/paths/~1threads~1{thread_id}~1runs~1{run_id}~1cancel/servers/0/description,description,27,sha256-9836600675f763ce2598e0fee6eb5930d9d57a5978f92ff5c989028e9ded4ec4
/paths/~1threads~1{thread_id}~1runs~1{run_id}~1cancel/servers/1/description,description,23,sha256-d811289af1a8cb3ffb208a0b7c205b5e6c03c013897c947048a4b84b0c07fde7
/paths/~1threads~1{thread_id}~1runs~1{run_id}~1steps/get/parameters/0/description,description,53,sha256-d2f185e860681e78e38f27daabedf3367076a88a1dc6bececf91aecb3b13ceb4
/paths/~1threads~1{thread_id}~1runs~1{run_id}~1steps/get/parameters/1/description,description,42,sha256-f8adc025f18ca2089af5915f5c74a8e48162e7442274bd9da223b041d3571820
/paths/~1threads~1{thread_id}~1runs~1{run_id}~1steps/get/parameters/2/description,description,107,sha256-49d68a8184e90629fe616fd6d5522ee2a22e2060aba7e2672bda50f79bca6c24
/paths/~1threads~1{thread_id}~1runs~1{run_id}~1steps/get/parameters/3/description,description,116,sha256-40e43b8a9d6d97a694aba14039e72995ff1b5b1b58f5125a8c284d5a8dc73695
/paths/~1threads~1{thread_id}~1runs~1{run_id}~1steps/get/parameters/4/description,description,272,sha256-6c47cb4c15883e308e435187921bb8d31b5eb90f8ca461f34d459e8a23ce5f12
/paths/~1threads~1{thread_id}~1runs~1{run_id}~1steps/get/parameters/5/description,description,278,sha256-2859e329e1842ffaa1ee889b8769368937d784959591468dcc6a8efd82e363ca
/paths/~1threads~1{thread_id}~1runs~1{run_id}~1steps/get/responses/200/description,description,2,sha256-565339bc4d33d72817b583024112eb7f5cdf3e5eef0252d6ec1b9c9a94e12bb3
/paths/~1threads~1{thread_id}~1runs~1{run_id}~1steps/get/summary,summary,47,sha256-fd60ef7b538e927d6dbdf27b58e52b83f87ab158d984a4e49d6073b0394c2d5e
/paths/~1threads~1{thread_id}~1runs~1{run_id}~1steps/get/x-code-samples,x-code-samples,1997,sha256-3c37b5eee9c7c9be8dd0e236fae583a0acc4a2b0a4a14769bb98900d09d44402
/paths/~1threads~1{thread_id}~1runs~1{run_id}~1steps/servers/0/description,description,27,sha256-9836600675f763ce2598e0fee6eb5930d9d57a5978f92ff5c989028e9ded4ec4
/paths/~1threads~1{thread_id}~1runs~1{run_id}~1steps/servers/1/description,description,23,sha256-d811289af1a8cb3ffb208a0b7c205b5e6c03c013897c947048a4b84b0c07fde7
/paths/~1threads~1{thread_id}~1runs~1{run_id}~1steps~1{step_id}/get/parameters/0/description,description,59,sha256-5ae511a5063803b25f54daffb6134d070888d4dddd958e5093ad4d70eb3bbbce
/paths/~1threads~1{thread_id}~1runs~1{run_id}~1steps~1{step_id}/get/parameters/1/description,description,48,sha256-4ba315f6b743deb78cedb4859b4adc26d4d2eed6294207edb7a32c60789f64bd
/paths/~1threads~1{thread_id}~1runs~1{run_id}~1steps~1{step_id}/get/parameters/2/description,description,35,sha256-39dfd152bb47fbc6ac5924c158395675b72693abbde741ad3ac7036d2954eb7c
/paths/~1threads~1{thread_id}~1runs~1{run_id}~1steps~1{step_id}/get/responses/200/description,description,2,sha256-565339bc4d33d72817b583024112eb7f5cdf3e5eef0252d6ec1b9c9a94e12bb3
/paths/~1threads~1{thread_id}~1runs~1{run_id}~1steps~1{step_id}/get/summary,summary,21,sha256-9d126748e24b43cfc19fa8c256b391b7d6627a6505523270e4ce4cd7f2c4b1a4
/paths/~1threads~1{thread_id}~1runs~1{run_id}~1steps~1{step_id}/get/x-code-samples,x-code-samples,1805,sha256-5d5f654093711444fceddd96f6d4cdfd0ea31e42d08661550a4209b5fd206edb
/paths/~1threads~1{thread_id}~1runs~1{run_id}~1steps~1{step_id}/servers/0/description,description,27,sha256-9836600675f763ce2598e0fee6eb5930d9d57a5978f92ff5c989028e9ded4ec4
/paths/~1threads~1{thread_id}~1runs~1{run_id}~1steps~1{step_id}/servers/1/description,description,23,sha256-d811289af1a8cb3ffb208a0b7c205b5e6c03c013897c947048a4b84b0c07fde7
/paths/~1threads~1{thread_id}~1runs~1{run_id}~1submit_tool_outputs/post/parameters/0/description,description,105,sha256-59b9a6d6e51f525d071c96692e7b6d92c5cbadc7e2b86e9b77b04dda5eb7e495
/paths/~1threads~1{thread_id}~1runs~1{run_id}~1submit_tool_outputs/post/parameters/1/description,description,59,sha256-a84c0502308cc38a93d19e215d95d4119a692c29ea2b469fde9b0cf0b891c882
/paths/~1threads~1{thread_id}~1runs~1{run_id}~1submit_tool_outputs/post/responses/200/description,description,2,sha256-565339bc4d33d72817b583024112eb7f5cdf3e5eef0252d6ec1b9c9a94e12bb3
/paths/~1threads~1{thread_id}~1runs~1{run_id}~1submit_tool_outputs/post/summary,summary,247,sha256-9e0e34405e8f6f3caa015fa57f9c84cc870a66b8fcc6672e4cc50676efb70465
/paths/~1threads~1{thread_id}~1runs~1{run_id}~1submit_tool_outputs/post/x-code-samples,x-code-samples,3041,sha256-c7c7c8064a4d73c593da00d3fa08407d25273bd71d2f3dd4d0078ecf13ad638a
/paths/~1threads~1{thread_id}~1runs~1{run_id}~1submit_tool_outputs/servers/0/description,description,27,sha256-9836600675f763ce2598e0fee6eb5930d9d57a5978f92ff5c989028e9ded4ec4
/paths/~1threads~1{thread_id}~1runs~1{run_id}~1submit_tool_outputs/servers/1/description,description,23,sha256-d811289af1a8cb3ffb208a0b7c205b5e6c03c013897c947048a4b84b0c07fde7
/paths/~1vector_stores/get/parameters/0/description,description,107,sha256-49d68a8184e90629fe616fd6d5522ee2a22e2060aba7e2672bda50f79bca6c24
/paths/~1vector_stores/get/parameters/1/description,description,116,sha256-40e43b8a9d6d97a694aba14039e72995ff1b5b1b58f5125a8c284d5a8dc73695
/paths/~1vector_stores/get/parameters/2/description,description,272,sha256-6c47cb4c15883e308e435187921bb8d31b5eb90f8ca461f34d459e8a23ce5f12
/paths/~1vector_stores/get/parameters/3/description,description,278,sha256-2859e329e1842ffaa1ee889b8769368937d784959591468dcc6a8efd82e363ca
/paths/~1vector_stores/get/responses/200/description,description,2,sha256-565339bc4d33d72817b583024112eb7f5cdf3e5eef0252d6ec1b9c9a94e12bb3
/paths/~1vector_stores/get/summary,summary,32,sha256-d2486b504ef4d3612415c0faf2b9c389a1d83096509436d5fb6d7449e961b2ba
/paths/~1vector_stores/get/x-code-samples,x-code-samples,1764,sha256-5bd6b8a19e6bba53c0d158dded5efbeea05b48645d833dd61cad774bc9e45156
/paths/~1vector_stores/post/responses/200/description,description,2,sha256-565339bc4d33d72817b583024112eb7f5cdf3e5eef0252d6ec1b9c9a94e12bb3
/paths/~1vector_stores/post/summary,summary,22,sha256-b5f8f3de3e50e9d7ebc737edb38d2835df86255ee9147033ead5bc1cd7f16375
/paths/~1vector_stores/post/x-code-samples,x-code-samples,1285,sha256-dd2987873bd2100842980140e6c211f7568a6bed9f0a8b29f5c2229e58fa629e
/paths/~1vector_stores~1{vector_store_id}/delete/parameters/0/description,description,37,sha256-bb8d01db3c7c3030a8d8e0dce895ee43ed28477e2772a806c462117e31467292
/paths/~1vector_stores~1{vector_store_id}/delete/responses/200/description,description,2,sha256-565339bc4d33d72817b583024112eb7f5cdf3e5eef0252d6ec1b9c9a94e12bb3
/paths/~1vector_stores~1{vector_store_id}/delete/summary,summary,22,sha256-83bd609bdf3fc58441b1ad394782e502de6de1d05886a91ebcc9261249da7336
/paths/~1vector_stores~1{vector_store_id}/delete/x-code-samples,x-code-samples,1093,sha256-ab24fbb7d17f7c3599bfb597567c9c8bb23a6c4b7ceff0fa6a998871717686fc
/paths/~1vector_stores~1{vector_store_id}/get/parameters/0/description,description,39,sha256-e0039bdcb8be3a034afffa987d945d3f0b9a27b65e566c38d10cdda97bbbffa2
/paths/~1vector_stores~1{vector_store_id}/get/responses/200/description,description,2,sha256-565339bc4d33d72817b583024112eb7f5cdf3e5eef0252d6ec1b9c9a94e12bb3
/paths/~1vector_stores~1{vector_store_id}/get/summary,summary,25,sha256-d3405a59f1e6c5df3b175d958f57daa33d4702e14e52299f2d91e2c5023dfaee
/paths/~1vector_stores~1{vector_store_id}/get/x-code-samples,x-code-samples,1053,sha256-ab44b224613c80456d2f68c676353b03a8ea0b54f568016a506711232483016a
/paths/~1vector_stores~1{vector_store_id}/post/parameters/0/description,description,37,sha256-4f148f6523f38d0e1fafcb67396fe5282ca617131db1f7c45cbc0b4a582dbde2
/paths/~1vector_stores~1{vector_store_id}/post/responses/200/description,description,2,sha256-565339bc4d33d72817b583024112eb7f5cdf3e5eef0252d6ec1b9c9a94e12bb3
/paths/~1vector_stores~1{vector_store_id}/post/summary,summary,24,sha256-f89835331bd6d20d9241983479aaa607d59c138180e1f3a8edbb9fe606c21afe
/paths/~1vector_stores~1{vector_store_id}/post/x-code-samples,x-code-samples,1371,sha256-9ae682ce027a1965dc738ee977d7232047934539fdb6591f2500ccda76cf5c67
/paths/~1vector_stores~1{vector_store_id}~1file_batches/post/parameters/0/description,description,61,sha256-c20717abb1d0d94f140f9793c6cba24e14c44a9719e00bbc3ce965e3519bb2a9
/paths/~1vector_stores~1{vector_store_id}~1file_batches/post/parameters/0/schema/example,example,9,sha256-5b6d519241dd94f316e765c8bc5de9f9198df9668c15729e085abb1006181bf1
/paths/~1vector_stores~1{vector_store_id}~1file_batches/post/responses/200/description,description,2,sha256-565339bc4d33d72817b583024112eb7f5cdf3e5eef0252d6ec1b9c9a94e12bb3
/paths/~1vector_stores~1{vector_store_id}~1file_batches/post/summary,summary,33,sha256-e4a0d1861a4d27901f3e9cce4f22d79f3bf253bde604df4355795f221e80368f
/paths/~1vector_stores~1{vector_store_id}~1file_batches/post/x-code-samples,x-code-samples,1575,sha256-54935e0cc784a1e1f8c3aae7d06ae12def386fea0f40512aa215774bf08a0c61
/paths/~1vector_stores~1{vector_store_id}~1file_batches~1{batch_id}/get/parameters/0/description,description,58,sha256-aacd6c165ff1dee76091db74b74d48b9e4543414c510a5c5ef811bcb96b72aa8
/paths/~1vector_stores~1{vector_store_id}~1file_batches~1{batch_id}/get/parameters/0/schema/example,example,9,sha256-5b6d519241dd94f316e765c8bc5de9f9198df9668c15729e085abb1006181bf1
/paths/~1vector_stores~1{vector_store_id}~1file_batches~1{batch_id}/get/parameters/1/description,description,41,sha256-e94c7020e47c9fcfeb86de20751d3d6b70fc478973c9a631f0093055c96b7b77
/paths/~1vector_stores~1{vector_store_id}~1file_batches~1{batch_id}/get/parameters/1/schema/example,example,11,sha256-e7615c868a4f05aeedc7a7ca24b49621a3f8b7679aec271ff98bd0dd16ee750b
/paths/~1vector_stores~1{vector_store_id}~1file_batches~1{batch_id}/get/responses/200/description,description,2,sha256-565339bc4d33d72817b583024112eb7f5cdf3e5eef0252d6ec1b9c9a94e12bb3
/paths/~1vector_stores~1{vector_store_id}~1file_batches~1{batch_id}/get/summary,summary,36,sha256-e13926e45ee62d2aca6a9d253cd32053192883abe8a906b4211536f89bc3a04c
/paths/~1vector_stores~1{vector_store_id}~1file_batches~1{batch_id}/get/x-code-samples,x-code-samples,1443,sha256-8fc75c1ee8caceb84290bf7dc3e8a43399ae2fd4c64276c03465142ac9b49192
/paths/~1vector_stores~1{vector_store_id}~1file_batches~1{batch_id}~1cancel/post/parameters/0/description,description,58,sha256-aacd6c165ff1dee76091db74b74d48b9e4543414c510a5c5ef811bcb96b72aa8
/paths/~1vector_stores~1{vector_store_id}~1file_batches~1{batch_id}~1cancel/post/parameters/1/description,description,35,sha256-35c2e632e70b4b4b9476c75b07dd17a3297cf9d5b0abada09c9641b3af7494d2
/paths/~1vector_stores~1{vector_store_id}~1file_batches~1{batch_id}~1cancel/post/responses/200/description,description,2,sha256-565339bc4d33d72817b583024112eb7f5cdf3e5eef0252d6ec1b9c9a94e12bb3
/paths/~1vector_stores~1{vector_store_id}~1file_batches~1{batch_id}~1cancel/post/summary,summary,116,sha256-fdcefdcc54d5e048bed50559e4a2ee23ac2ae8862afd4fa169b546f2ceebac7b
/paths/~1vector_stores~1{vector_store_id}~1file_batches~1{batch_id}~1cancel/post/x-code-samples,x-code-samples,1502,sha256-35ecd05f7c13b1ffa6f2aecee296472d93535641e5a743b849cec96878279a9b
/paths/~1vector_stores~1{vector_store_id}~1file_batches~1{batch_id}~1files/get/parameters/0/description,description,52,sha256-80b0576a4a8889efdec9c432648e7fad9e6398c01b74ac33c902b881876d7aee
/paths/~1vector_stores~1{vector_store_id}~1file_batches~1{batch_id}~1files/get/parameters/1/description,description,50,sha256-06b9a2c3478a2f541a9692c7f78aefb33298786f6f439e906f534528663db249
/paths/~1vector_stores~1{vector_store_id}~1file_batches~1{batch_id}~1files/get/parameters/2/description,description,107,sha256-49d68a8184e90629fe616fd6d5522ee2a22e2060aba7e2672bda50f79bca6c24
/paths/~1vector_stores~1{vector_store_id}~1file_batches~1{batch_id}~1files/get/parameters/3/description,description,116,sha256-40e43b8a9d6d97a694aba14039e72995ff1b5b1b58f5125a8c284d5a8dc73695
/paths/~1vector_stores~1{vector_store_id}~1file_batches~1{batch_id}~1files/get/parameters/4/description,description,272,sha256-6c47cb4c15883e308e435187921bb8d31b5eb90f8ca461f34d459e8a23ce5f12
/paths/~1vector_stores~1{vector_store_id}~1file_batches~1{batch_id}~1files/get/parameters/5/description,description,278,sha256-2859e329e1842ffaa1ee889b8769368937d784959591468dcc6a8efd82e363ca
/paths/~1vector_stores~1{vector_store_id}~1file_batches~1{batch_id}~1files/get/parameters/6/description,description,80,sha256-5d30f9a86d4c5aabd7f30128759e339fa72761b09db039bd7e98f5fc4c2471f9
/paths/~1vector_stores~1{vector_store_id}~1file_batches~1{batch_id}~1files/get/responses/200/description,description,2,sha256-565339bc4d33d72817b583024112eb7f5cdf3e5eef0252d6ec1b9c9a94e12bb3
/paths/~1vector_stores~1{vector_store_id}~1file_batches~1{batch_id}~1files/get/summary,summary,48,sha256-eb209375bf254d1b0324c706d1604c414de999b1cc8f1bda3fdc313c35a0c2d6
/paths/~1vector_stores~1{vector_store_id}~1file_batches~1{batch_id}~1files/get/x-code-samples,x-code-samples,1597,sha256-77d94169f1c0ae618afe4825af78fdf33c58dd8b740b37beb5449eb7c067d7a1
/paths/~1vector_stores~1{vector_store_id}~1files/get/parameters/0/description,description,52,sha256-80b0576a4a8889efdec9c432648e7fad9e6398c01b74ac33c902b881876d7aee
/paths/~1vector_stores~1{vector_store_id}~1files/get/parameters/1/description,description,107,sha256-49d68a8184e90629fe616fd6d5522ee2a22e2060aba7e2672bda50f79bca6c24
/paths/~1vector_stores~1{vector_store_id}~1files/get/parameters/2/description,description,116,sha256-40e43b8a9d6d97a694aba14039e72995ff1b5b1b58f5125a8c284d5a8dc73695
/paths/~1vector_stores~1{vector_store_id}~1files/get/parameters/3/description,description,272,sha256-6c47cb4c15883e308e435187921bb8d31b5eb90f8ca461f34d459e8a23ce5f12
/paths/~1vector_stores~1{vector_store_id}~1files/get/parameters/4/description,description,278,sha256-2859e329e1842ffaa1ee889b8769368937d784959591468dcc6a8efd82e363ca
/paths/~1vector_stores~1{vector_store_id}~1files/get/parameters/5/description,description,80,sha256-5d30f9a86d4c5aabd7f30128759e339fa72761b09db039bd7e98f5fc4c2471f9
/paths/~1vector_stores~1{vector_store_id}~1files/get/responses/200/description,description,2,sha256-565339bc4d33d72817b583024112eb7f5cdf3e5eef0252d6ec1b9c9a94e12bb3
/paths/~1vector_stores~1{vector_store_id}~1files/get/summary,summary,37,sha256-b2b6f18417d52c26261d3d812a614637c1fccadc81e5c4b62cdbb1456eafac43
/paths/~1vector_stores~1{vector_store_id}~1files/get/x-code-samples,x-code-samples,1488,sha256-328ca1078ecc36c7a2d96080c671c6eac181b0a6161e963c1a09c9e79e1b7aee
/paths/~1vector_stores~1{vector_store_id}~1files/post/parameters/0/description,description,55,sha256-26be2ad3a16664ab073373eb3464c7641413267aba5801fb10a5b017b499c818
/paths/~1vector_stores~1{vector_store_id}~1files/post/parameters/0/schema/example,example,9,sha256-5b6d519241dd94f316e765c8bc5de9f9198df9668c15729e085abb1006181bf1
/paths/~1vector_stores~1{vector_store_id}~1files/post/responses/200/description,description,2,sha256-565339bc4d33d72817b583024112eb7f5cdf3e5eef0252d6ec1b9c9a94e12bb3
/paths/~1vector_stores~1{vector_store_id}~1files/post/summary,summary,192,sha256-7f39d3f8bf466cb32eb8f927c7f7393cb203c8c2baeb9308fb2636884ae8e1d8
/paths/~1vector_stores~1{vector_store_id}~1files/post/x-code-samples,x-code-samples,1354,sha256-45835122fd9f28fbcb63f5345bf46d5b37879b3ce5578df008e755cdec988d4e
/paths/~1vector_stores~1{vector_store_id}~1files~1{file_id}/delete/parameters/0/description,description,52,sha256-6045f0f0c452b7b000f5c0b66700710e4910ab2ee3e43b1319fd7a5f2067cc60
/paths/~1vector_stores~1{vector_store_id}~1files~1{file_id}/delete/parameters/1/description,description,29,sha256-a43cc28d015dda60c7d84aaa76370fc065e749e5536d1ae43884f184246b0e90
/paths/~1vector_stores~1{vector_store_id}~1files~1{file_id}/delete/responses/200/description,description,2,sha256-565339bc4d33d72817b583024112eb7f5cdf3e5eef0252d6ec1b9c9a94e12bb3
/paths/~1vector_stores~1{vector_store_id}~1files~1{file_id}/delete/summary,summary,229,sha256-50008d64ba30ee6eb38b67a14906cc20dd00a7309782f51e4ae6cacdbd6117a7
/paths/~1vector_stores~1{vector_store_id}~1files~1{file_id}/delete/x-code-samples,x-code-samples,1214,sha256-b8b6350300a5d42b389abdc0aae7e6e9b8ca8c4a6e57f38dd995ff7df682b985
/paths/~1vector_stores~1{vector_store_id}~1files~1{file_id}/get/parameters/0/description,description,52,sha256-6045f0f0c452b7b000f5c0b66700710e4910ab2ee3e43b1319fd7a5f2067cc60
/paths/~1vector_stores~1{vector_store_id}~1files~1{file_id}/get/parameters/0/schema/example,example,9,sha256-5b6d519241dd94f316e765c8bc5de9f9198df9668c15729e085abb1006181bf1
/paths/~1vector_stores~1{vector_store_id}~1files~1{file_id}/get/parameters/1/description,description,35,sha256-870eb15512c2787802ae3d7a64bd8345d697de7ebdba32f0196e8a1654c71125
/paths/~1vector_stores~1{vector_store_id}~1files~1{file_id}/get/parameters/1/schema/example,example,11,sha256-f09b16f67bedec43fc0a43db996a408a723bbbf3a4aff4b60f795a863ff34fa2
/paths/~1vector_stores~1{vector_store_id}~1files~1{file_id}/get/responses/200/description,description,2,sha256-565339bc4d33d72817b583024112eb7f5cdf3e5eef0252d6ec1b9c9a94e12bb3
/paths/~1vector_stores~1{vector_store_id}~1files~1{file_id}/get/summary,summary,30,sha256-0608e1345fa8ecb66dfb4070648249edeb59b91aacb7604e5db53c7aa722bb83
/paths/~1vector_stores~1{vector_store_id}~1files~1{file_id}/get/x-code-samples,x-code-samples,1264,sha256-0f371b299d187ac26b096572f67cb55cef50c90754d1d995b091b034a357bda5
/paths/~1virtual-keys/get/parameters/0/description,description,27,sha256-08ab920b070d19d17720fee88b5257dccff0bc9f809afda3aa7f054792837cd0
/paths/~1virtual-keys/get/parameters/1/description,description,24,sha256-5a858a0534b79b60adb61b8b125dc437deb8e5a223da35d3199d15bd8aa3b1c3
/paths/~1virtual-keys/get/responses/200/content/application~1json/schema/properties/total/description,description,28,sha256-9fce04b1e3eb867691d47bab46a7082c5f7026ae0f043e11082b15a26d9baf82
/paths/~1virtual-keys/get/responses/200/description,description,19,sha256-40c36e17aeb2957d4bd44663c5fa646d56ddff440280be284f0efbf5ccd87d02
/paths/~1virtual-keys/get/responses/401/content/application~1json/example,example,53,sha256-d00297e9fd215db03ec51fe5e4e5f14f7db4cd3d3627dc76f92c47d543d2f1c0
/paths/~1virtual-keys/get/responses/401/description,description,21,sha256-c1f2d29a482b6213386de7e92cc5f8616ab66fd2198629a281b9a746eb039f6f
/paths/~1virtual-keys/get/summary,summary,21,sha256-40cbd66ff014ee3b2b5c90b973e0016d8350d25329f2d8048afd399b06f89ee4
/paths/~1virtual-keys/get/x-code-samples,x-code-samples,1570,sha256-76c017abd3e14e4e916a43915e776c445f76dff1f6146e20a3367539524e10d5
/paths/~1virtual-keys/post/requestBody/content/application~1json/examples,examples,1057,sha256-df309f130905407e68ce98a62f24f6063e9d7ca9407b3e9503edf7210757dad9
/paths/~1virtual-keys/post/requestBody/content/application~1json/schema/properties/secret_mappings/description,description,254,sha256-3072c0f635d0b0dbe67f2ce599a543d3e0e3968220d7f7ba2535f9e4e202da27
/paths/~1virtual-keys/post/requestBody/content/application~1json/schema/properties/workspace_id/description,description,55,sha256-658c9abf2780f8c15fa6e55a5eab5489050104d5368c484769defe4fc4c4f88a
/paths/~1virtual-keys/post/responses/200/description,description,19,sha256-40c36e17aeb2957d4bd44663c5fa646d56ddff440280be284f0efbf5ccd87d02
/paths/~1virtual-keys/post/responses/401/content/application~1json/example,example,53,sha256-d00297e9fd215db03ec51fe5e4e5f14f7db4cd3d3627dc76f92c47d543d2f1c0
/paths/~1virtual-keys/post/responses/401/description,description,21,sha256-c1f2d29a482b6213386de7e92cc5f8616ab66fd2198629a281b9a746eb039f6f
/paths/~1virtual-keys/post/summary,summary,20,sha256-f9dcf68f4a265a375458f141eb2af65361c6182f4998da7540f2dc85f60c0d0e
/paths/~1virtual-keys/post/x-code-samples,x-code-samples,2181,sha256-8dad156b8e75172419c012a98b731817608ebaead748bd18738d588dd96665e0
/paths/~1virtual-keys/servers/0/description,description,27,sha256-9836600675f763ce2598e0fee6eb5930d9d57a5978f92ff5c989028e9ded4ec4
/paths/~1virtual-keys/servers/1/description,description,29,sha256-2cc2e58054c38bb2cdfd6bd2edcbd1018ee6934d126106c292611be1bb7b62d5
/paths/~1virtual-keys~1{slug}/delete/responses/200/description,description,19,sha256-40c36e17aeb2957d4bd44663c5fa646d56ddff440280be284f0efbf5ccd87d02
/paths/~1virtual-keys~1{slug}/delete/responses/401/content/application~1json/example,example,53,sha256-d00297e9fd215db03ec51fe5e4e5f14f7db4cd3d3627dc76f92c47d543d2f1c0
/paths/~1virtual-keys~1{slug}/delete/responses/401/description,description,21,sha256-c1f2d29a482b6213386de7e92cc5f8616ab66fd2198629a281b9a746eb039f6f
/paths/~1virtual-keys~1{slug}/delete/summary,summary,20,sha256-d7b9e87abbb796c0a25637c4a6513ceb621b496105c3bbdf9a548c9bb71aaec3
/paths/~1virtual-keys~1{slug}/delete/x-code-samples,x-code-samples,1551,sha256-990b259d482bbeb2583ba5dbc91f0b49e873748803221bc294e83c4182d1b916
/paths/~1virtual-keys~1{slug}/get/responses/200/description,description,19,sha256-40c36e17aeb2957d4bd44663c5fa646d56ddff440280be284f0efbf5ccd87d02
/paths/~1virtual-keys~1{slug}/get/responses/401/content/application~1json/example,example,53,sha256-d00297e9fd215db03ec51fe5e4e5f14f7db4cd3d3627dc76f92c47d543d2f1c0
/paths/~1virtual-keys~1{slug}/get/responses/401/description,description,21,sha256-c1f2d29a482b6213386de7e92cc5f8616ab66fd2198629a281b9a746eb039f6f
/paths/~1virtual-keys~1{slug}/get/summary,summary,17,sha256-2e7b03abfaef6f0778d1d8a6b9047425e9e764fb525b9453830a12dd12119350
/paths/~1virtual-keys~1{slug}/get/x-code-samples,x-code-samples,1647,sha256-1b971f57f2590fbf530d7e0bc77be284f3ab4fb4db04a5b881c5f1389b6e4f47
/paths/~1virtual-keys~1{slug}/put/requestBody/content/application~1json/schema/properties/secret_mappings/description,description,200,sha256-44cc38c23bd4437950d9e27d6d672d28d91e842c2b94fb7f2276f0b81aad9b8f
/paths/~1virtual-keys~1{slug}/put/responses/200/description,description,19,sha256-40c36e17aeb2957d4bd44663c5fa646d56ddff440280be284f0efbf5ccd87d02
/paths/~1virtual-keys~1{slug}/put/responses/401/content/application~1json/example,example,53,sha256-d00297e9fd215db03ec51fe5e4e5f14f7db4cd3d3627dc76f92c47d543d2f1c0
/paths/~1virtual-keys~1{slug}/put/responses/401/description,description,21,sha256-c1f2d29a482b6213386de7e92cc5f8616ab66fd2198629a281b9a746eb039f6f
/paths/~1virtual-keys~1{slug}/put/summary,summary,20,sha256-753a7bca5b799c2b81e0dbb4fa67ebf8f0397aebddc14ca4240c4581e7918eac
/paths/~1virtual-keys~1{slug}/put/x-code-samples,x-code-samples,2797,sha256-4426937c2be32384bb1ac9266dbce595275c4d150c867f5a3bf28fc7d8d803cc
/paths/~1virtual-keys~1{slug}/servers/0/description,description,27,sha256-9836600675f763ce2598e0fee6eb5930d9d57a5978f92ff5c989028e9ded4ec4
/paths/~1virtual-keys~1{slug}/servers/1/description,description,29,sha256-2cc2e58054c38bb2cdfd6bd2edcbd1018ee6934d126106c292611be1bb7b62d5
/servers/0/description,description,27,sha256-9836600675f763ce2598e0fee6eb5930d9d57a5978f92ff5c989028e9ded4ec4
/tags/0/description,description,52,sha256-d7850c1a8e30028d0afe640e16f4fd0eb34e5d2c7df7162cabdd031005cf4033
/tags/1/description,description,40,sha256-82310564508e1a7c305c957aebf4f7fa554016e69ab59b95657563d69e0fd2d8
/tags/10/description,description,150,sha256-8f051987982ed063726ef3a0576e0eb2950a5a2c98dd28b02e3ac0960d2241ae
/tags/11/description,description,115,sha256-335d5ec3c78561ee7d2bd7afeca3a2713af443150020bbb0eaa843b2001fb8ed
/tags/12/description,description,146,sha256-d4e035d028a33e8f8d77df891858866701dea2dce762e4ccb61522c64c4354c7
/tags/13/description,description,147,sha256-44cd516a1acd54bfbc917174d88aea1f162f3332ddb621776c2ca604706e550f
/tags/14/description,description,73,sha256-cbaa1d7a49e771e69d5d1afddebd778ae0a960cfed6a3c91dfac4b152eb60cd0
/tags/15/description,description,59,sha256-0f532e16aaa02948215b86db44c816e2b1775f76700df19dee3e888060b72656
/tags/16/description,description,98,sha256-311d648439b2c9ae5133bc563723318624943dfeff80e9c631acf60c6c166a48
/tags/17/description,description,74,sha256-7f92512aa53365b371d808520aebb0748d99e90d21de9a7befc6bf8738c243da
/tags/18/description,description,58,sha256-7c0d3b4eff539cb6fd0c3b82014a639a8604ea8c942b21d36627c1534d26907a
/tags/19/description,description,78,sha256-8ffa2b9465de8cf62e1d253f571645992a5e38b03599f5da757807937a7a79f1
/tags/2/description,description,85,sha256-b9b4cd6f9a3cd98dfcabcf9f2e9fc37ca7ebf3152f4a35a5d7aab8cecffb3808
/tags/20/description,description,56,sha256-aaf9a3b3616c0183ad24adb975d41245be1d0324acbd5410f3e2f55085b307b6
/tags/21/description,description,29,sha256-7aa458c989f21d1b0438ef37b2b0e3f5052edfc5c21e17021c43cc747f902876
/tags/22/description,description,46,sha256-70a2fc4dbfa1828f6168d252c3fb7352e35b05fabb9aa362ba98bbd1c7e8d430
/tags/23/description,description,69,sha256-6fd896255c7c30b2a907bc9106ab9eb187f65297ef6dfd619bb6d7ae12d16068
/tags/24/description,description,54,sha256-7fbdeeaf5c6362ed37b9a52737a7015534863121f05b856d7c37ef30dd7cf49d
/tags/25/description,description,50,sha256-59cf7f90d106d6680bd5ca6cbbeba3a8f3438ab549c173b53d6e9ba8dc50f4f4
/tags/26/description,description,66,sha256-d2bcb4e1a964e94e2457979ecd62de6ca9d030f53a71dfbbcfbf2e871b5a68a7
/tags/27/description,description,69,sha256-cd7766ea45fbd029818786ca4387273a71a9739d68185b769ce82061f6b3bdb4
/tags/28/description,description,24,sha256-87882dfa5f2ffe28236ebf9e9f852d578276d822e887462b0a93068517b0a381
/tags/29/description,description,31,sha256-b4fedaf1caf1925b421a90d70549099e159ffaeb4112481eb13883b8db2c3894
/tags/3/description,description,42,sha256-2f8ffb4d11ea4917d3738007aa8343a16c27aa1caa5103a3957329f11598dc91
/tags/30/description,description,29,sha256-8be58691e841a6fc57ae4911400b5ac65c9c2c621a46bf575aec5146afcfc47c
/tags/31/description,description,36,sha256-b3a6413631fc6132e017613631ddcafd15a84217e56f74c9cabb7bdf2222212f
/tags/32/description,description,60,sha256-9fed972c2b0e5850e0e807ac8a833d24a00e198f52495467da8af15aae049989
/tags/33/description,description,45,sha256-c658c92076d62dccfd77809813ed010e5e0a77e146201edd40e8b39c1386761d
/tags/34/description,description,50,sha256-cb3e934c98a77c970e52eec9bfdef27380b182b9918e61d8bfc7d76bab193f35
/tags/35/description,description,43,sha256-9d093d1651131b57d0aabc4f4b9932937a11d5b44b672dd18594db2f810794ec
/tags/36/description,description,97,sha256-9ced82237f19e9157e3eb12dfa55b8011f5aaf2f43c1e56558db5de6dc61afd4
/tags/37/description,description,45,sha256-d33b008342ea2dad64b795691623084b24cf94d4e365ce62c84861f2ac888803
/tags/38/description,description,44,sha256-b23d2b5d435359abdb9a976f7b9a9fc01c9c04f305060a248c2d868c3dd4537c
/tags/39/description,description,49,sha256-1a08ea9a9ba92ead8abae071be60ee57874f686612a4a85c5ba2b4fe29e46fd3
/tags/4/description,description,66,sha256-f5d8e396b31909e49fe6b0a642a04e39d15e25fe68ebfe2ebe5a70ec793062b2
/tags/40/description,description,65,sha256-c8a3e369a1794ac2d3bd79db7058d9c1b2d0fd4755dfa29f31fca8d40e3472a1
/tags/41/description,description,21,sha256-752707776e47e3d5e2e0c8adc0634ae245544235ae0fd2dfa9257d21b6bc4a72
/tags/42/description,description,40,sha256-6a24662c2dc516780527708ff7b0e100eb963f417a7ce6074c176762985bfb4b
/tags/43/description,description,75,sha256-43361a4cc9952aa0c12d5a42525b7ee379df10f0fc6905a656d493638b7746f7
/tags/44/description,description,45,sha256-bdb258fc7dc27a937cb9f5f3973a4e4fb8d605d0e5f9997058f0479f63de1d48
/tags/45/description,description,49,sha256-e95375658c6556e9bd05adc9da408a98c5619085be602c9ce8d1d8de8263a980
/tags/46/description,description,49,sha256-0381b1909c55661b6d67404ad58dc87a4d4c6dc03242b66736007c4b419e0f71
/tags/47/description,description,61,sha256-185cd6dc6048fb69f97b75ad43ed033447f77839f12a4d0e0c53c4a153c8c827
/tags/48/description,description,61,sha256-49868bd55ed14626440171fb61b1e8339040c3cfadc742fecab32ba797185268
/tags/49/description,description,64,sha256-f891c0d4cf8c1b204eef0d5834ef0040aee346cb099e1c410b662104f0ba14f4
/tags/5/description,description,50,sha256-2d78d90754811cd2e58883ad2cc1a78e3ece49b9ca722146f60dbc03334eb14f
/tags/50/description,description,89,sha256-0208b6f102f216a7e105ce8f6e36ce57e1e441bb8fd9dfd73b1901b1c9013717
/tags/51/description,description,77,sha256-259ce6fc974c7e9038f595dfcf43cdacee9eae61ad04024b8d70a131830d1588
/tags/6/description,description,62,sha256-aab8995357adf0c9ea853770f4bc9d2fe8b98965a7b33d6d6e21f640d92dc687
/tags/7/description,description,59,sha256-474e82bf3c9c7de28fbdab11c04a0b376e35febd56b4dc7c8a46f492b92ee2cc
/tags/8/description,description,99,sha256-e599aa8ac43cc6599c512f790981533138b0d4903619ef7bfb704911f8acf46c
/tags/9/description,description,143,sha256-fb00d091c942ac0ec56ba3fc94d728ecf418f3f1938c850b700979c335439672
/x-code-samples,x-code-samples,13274,sha256-4b5734023e262ef3986b4d3d9f9d5e1253ac2baa7f7b8ad486714e2fe7a3c796
/x-mint/mcp/description,description,43,sha256-ddb5786aa830952fd634674445a16fa73f046820ab0f954ed2226bbca765edc8
/x-server-groups/ControlPlaneServers/0/description,description,27,sha256-9836600675f763ce2598e0fee6eb5930d9d57a5978f92ff5c989028e9ded4ec4
/x-server-groups/ControlPlaneServers/1/description,description,29,sha256-2cc2e58054c38bb2cdfd6bd2edcbd1018ee6934d126106c292611be1bb7b62d5
/x-server-groups/DataPlaneServers/0/description,description,27,sha256-9836600675f763ce2598e0fee6eb5930d9d57a5978f92ff5c989028e9ded4ec4
/x-server-groups/DataPlaneServers/1/description,description,23,sha256-d811289af1a8cb3ffb208a0b7c205b5e6c03c013897c947048a4b84b0c07fde7
/x-server-groups/PublicServers/0/description,description,37,sha256-9608ebbdf5a4231340f981ed296976c16c0ef1945f7724636583c2444af06e71
